----------------------------------------
Starting batch for: Standard Arabic
Folder: Standard Arabic Talks
Subtitles: en.*, ar.*
[youtube:search] Extracting URL: ytsearch10:TED talk in Standard Arabic
[download] Downloading playlist: TED talk in Standard Arabic
[youtube:search] query "TED talk in Standard Arabic": Downloading web client con
fig
[youtube:search] query "TED talk in Standard Arabic" page 1: Downloading API JSO
N
[youtube:search] Playlist TED talk in Standard Arabic: Downloading 10 items of 1
0
[download] Downloading item 1 of 10
[youtube] Extracting URL: https://www.youtube.com/watch?v=KkQx3BWcBcM
[youtube] KkQx3BWcBcM: Downloading webpage
[youtube] KkQx3BWcBcM: Downloading android player API JSON
[youtube] KkQx3BWcBcM: Downloading web client config
[youtube] KkQx3BWcBcM: Downloading web player API JSON
WARNING: [youtube] KkQx3BWcBcM: Some android client https formats have been skip
ped as they are missing a URL. YouTube may have enabled the SABR-only streaming
experiment for the current session. See  https://github.com/yt-dlp/yt-dlp/issues
/12482  for more details
[info] KkQx3BWcBcM: Downloading 1 format(s): 18
[info] There are no subtitles for the requested languages
[SubtitlesConvertor] There aren't any subtitles to convert
[download] Destination: Standard Arabic Talks/Arabic Language：  My home away fro
m home ｜ Dr. Hanada Taha Thomure ｜ TEDxZayedUniversity.mp4
[download]   0.0% of   27.46MiB at  Unknown B/s ETA Unknown
[download]   0.0% of   27.46MiB at    4.89MiB/s ETA 00:05
[download]   0.1% of   27.46MiB at   49.33KiB/s ETA 09:29
[download]   0.1% of   27.46MiB at   80.76KiB/s ETA 05:47
[download]   0.2% of   27.46MiB at  106.05KiB/s ETA 04:24
[download]   0.5% of   27.46MiB at  148.01KiB/s ETA 03:09
[download]   0.9% of   27.46MiB at  223.02KiB/s ETA 02:04
[download]   1.8% of   27.46MiB at  353.01KiB/s ETA 01:18
[download]   3.6% of   27.46MiB at  569.24KiB/s ETA 00:47
[download]   7.3% of   27.46MiB at  957.28KiB/s ETA 00:27
[download]  14.6% of   27.46MiB at    1.56MiB/s ETA 00:15
[download]  29.1% of   27.46MiB at    1.81MiB/s ETA 00:10
[download]  35.5% of   27.46MiB at    2.02MiB/s ETA 00:08
[download]  35.5% of   27.46MiB at   37.82KiB/s ETA 07:59
[download]  35.5% of   27.46MiB at  111.96KiB/s ETA 02:42
[download]  35.5% of   27.46MiB at  256.86KiB/s ETA 01:10
[download]  35.5% of   27.46MiB at  271.64KiB/s ETA 01:06
[download]  35.6% of   27.46MiB at   85.66KiB/s ETA 03:31
[download]  35.7% of   27.46MiB at  105.45KiB/s ETA 02:51
[download]  35.9% of   27.46MiB at  148.17KiB/s ETA 02:01
[download]  36.4% of   27.46MiB at  225.12KiB/s ETA 01:19
[download]  37.3% of   27.46MiB at  362.19KiB/s ETA 00:48
[download]  39.1% of   27.46MiB at  515.86KiB/s ETA 00:33
[download]  42.3% of   27.46MiB at  946.34KiB/s ETA 00:17
[download]  48.7% of   27.46MiB at    1.42MiB/s ETA 00:09
[download]  60.8% of   27.46MiB at    1.98MiB/s ETA 00:05
[download]  71.3% of   27.46MiB at    2.14MiB/s ETA 00:03
[download]  71.3% of   27.46MiB at  Unknown B/s ETA Unknown
[download]  71.3% of   27.46MiB at    8.95MiB/s ETA 00:00
[download]  71.4% of   27.46MiB at    4.72MiB/s ETA 00:01
[download]  71.5% of   27.46MiB at    4.70MiB/s ETA 00:01
[download]  71.7% of   27.46MiB at    5.15MiB/s ETA 00:01
[download]  72.2% of   27.46MiB at    3.75MiB/s ETA 00:02
[download]  73.1% of   27.46MiB at    4.57MiB/s ETA 00:01
[download]  74.9% of   27.46MiB at    5.40MiB/s ETA 00:01
[download]  78.5% of   27.46MiB at    4.97MiB/s ETA 00:01
[download]  85.8% of   27.46MiB at    4.28MiB/s ETA 00:00
[download]  99.5% of   27.46MiB at    3.94MiB/s ETA 00:00
[download] 100.0% of   27.46MiB at    3.97MiB/s ETA 00:00
[download] 100% of   27.46MiB in 00:00:16 at 1.69MiB/s
[ExtractAudio] Destination: Standard Arabic Talks/Arabic Language：  My home away
 from home ｜ Dr. Hanada Taha Thomure ｜ TEDxZayedUniversity.wav
Deleting original file Standard Arabic Talks/Arabic Language：  My home away from
 home ｜ Dr. Hanada Taha Thomure ｜ TEDxZayedUniversity.mp4 (pass -k to keep)
[download] Downloading item 2 of 10
[youtube] Extracting URL: https://www.youtube.com/watch?v=YX_OxBfsvbk
[youtube] YX_OxBfsvbk: Downloading webpage
[youtube] YX_OxBfsvbk: Downloading android player API JSON
[youtube] YX_OxBfsvbk: Downloading web client config
[youtube] YX_OxBfsvbk: Downloading web player API JSON
WARNING: [youtube] YX_OxBfsvbk: Some android client https formats have been skip
ped as they are missing a URL. YouTube may have enabled the SABR-only streaming
experiment for the current session. See  https://github.com/yt-dlp/yt-dlp/issues
/12482  for more details
[info] YX_OxBfsvbk: Downloading subtitles: en, ar
[info] YX_OxBfsvbk: Downloading 1 format(s): 18
[info] Writing video subtitles to: Standard Arabic Talks/Why is 'x' the unknown？
 ｜ Terry Moore.en.vtt
WARNING: The extractor specified to use impersonation for this download, but no
impersonate target is available. If you encounter errors, then see  https://gith
ub.com/yt-dlp/yt-dlp#impersonation  for information on installing the required d
ependencies
[download] Destination: Standard Arabic Talks/Why is 'x' the unknown？ ｜ Terry Mo
ore.en.vtt
[download]    1.00KiB at  Unknown B/s (00:00:00)
[download]    3.00KiB at    2.61MiB/s (00:00:00)
[download]    5.52KiB at    3.11MiB/s (00:00:00)
[download] 100% of    5.52KiB in 00:00:00 at 13.05KiB/s
[info] Writing video subtitles to: Standard Arabic Talks/Why is 'x' the unknown？
 ｜ Terry Moore.ar.vtt
WARNING: The extractor specified to use impersonation for this download, but no
impersonate target is available. If you encounter errors, then see  https://gith
ub.com/yt-dlp/yt-dlp#impersonation  for information on installing the required d
ependencies
[download] Destination: Standard Arabic Talks/Why is 'x' the unknown？ ｜ Terry Mo
ore.ar.vtt
[download]    1.00KiB at  Unknown B/s (00:00:00)
[download]    3.00KiB at  Unknown B/s (00:00:00)
[download]    7.01KiB at    3.28MiB/s (00:00:00)
[download] 100% of    7.01KiB in 00:00:00 at 15.50KiB/s
[SubtitlesConvertor] Converting subtitles
Deleting original file Standard Arabic Talks/Why is 'x' the unknown？ ｜ Terry Moo
re.ar.vtt (pass -k to keep)
Deleting original file Standard Arabic Talks/Why is 'x' the unknown？ ｜ Terry Moo
re.en.vtt (pass -k to keep)
[download] Destination: Standard Arabic Talks/Why is 'x' the unknown？ ｜ Terry Mo
ore.mp4
[download]   0.0% of    7.95MiB at  247.35KiB/s ETA 00:32
[download]   0.0% of    7.95MiB at   21.00KiB/s ETA 06:27
[download]   0.1% of    7.95MiB at   48.68KiB/s ETA 02:47
[download]   0.2% of    7.95MiB at  103.61KiB/s ETA 01:18
[download]   0.4% of    7.95MiB at  191.08KiB/s ETA 00:42
[download]   0.8% of    7.95MiB at  231.20KiB/s ETA 00:34
[download]   1.6% of    7.95MiB at  302.06KiB/s ETA 00:26
[download]   3.1% of    7.95MiB at  449.17KiB/s ETA 00:17
[download]   6.3% of    7.95MiB at  717.09KiB/s ETA 00:10
[download]  12.6% of    7.95MiB at    1.12MiB/s ETA 00:06
[download]  25.1% of    7.95MiB at    1.56MiB/s ETA 00:03
[download]  50.3% of    7.95MiB at    2.28MiB/s ETA 00:01
[download] 100.0% of    7.95MiB at    3.11MiB/s ETA 00:00
[download] 100% of    7.95MiB in 00:00:03 at 2.36MiB/s
[ExtractAudio] Destination: Standard Arabic Talks/Why is 'x' the unknown？ ｜ Terr
y Moore.wav
Deleting original file Standard Arabic Talks/Why is 'x' the unknown？ ｜ Terry Moo
re.mp4 (pass -k to keep)
[download] Downloading item 3 of 10
[youtube] Extracting URL: https://www.youtube.com/watch?v=014E9s3P8iY
[youtube] 014E9s3P8iY: Downloading webpage
[youtube] 014E9s3P8iY: Downloading android player API JSON
[youtube] 014E9s3P8iY: Downloading web client config
[youtube] 014E9s3P8iY: Downloading web player API JSON
WARNING: [youtube] 014E9s3P8iY: Some android client https formats have been skip
ped as they are missing a URL. YouTube may have enabled the SABR-only streaming
experiment for the current session. See  https://github.com/yt-dlp/yt-dlp/issues
/12482  for more details
[info] 014E9s3P8iY: Downloading 1 format(s): 18
[info] There are no subtitles for the requested languages
[SubtitlesConvertor] There aren't any subtitles to convert
[download] Destination: Standard Arabic Talks/TEDinArabic： Preserving the Arabic
 language.mp4
[download]   0.0% of    7.79MiB at  931.03KiB/s ETA 00:08
[download]   0.0% of    7.79MiB at  104.55KiB/s ETA 01:16
[download]   0.1% of    7.79MiB at  237.79KiB/s ETA 00:33
[download]   0.2% of    7.79MiB at  495.93KiB/s ETA 00:16
[download]   0.4% of    7.79MiB at  190.20KiB/s ETA 00:41
[download]   0.8% of    7.79MiB at  237.80KiB/s ETA 00:33
[download]   1.6% of    7.79MiB at  246.02KiB/s ETA 00:31
[download]   3.2% of    7.79MiB at  353.46KiB/s ETA 00:21
[download]   6.4% of    7.79MiB at  570.02KiB/s ETA 00:13
[download]  12.8% of    7.79MiB at  948.72KiB/s ETA 00:07
[download]  25.7% of    7.79MiB at    1.57MiB/s ETA 00:03
[download]  51.3% of    7.79MiB at    2.19MiB/s ETA 00:01
[download]  97.8% of    7.79MiB at    3.22MiB/s ETA 00:00
[download] 100.0% of    7.79MiB at    3.28MiB/s ETA 00:00
[download] 100% of    7.79MiB in 00:00:03 at 2.29MiB/s
[ExtractAudio] Destination: Standard Arabic Talks/TEDinArabic： Preserving the Ar
abic language.wav
Deleting original file Standard Arabic Talks/TEDinArabic： Preserving the Arabic
language.mp4 (pass -k to keep)
[download] Downloading item 4 of 10
[youtube] Extracting URL: https://www.youtube.com/watch?v=o75ZGYUUW_Q
[youtube] o75ZGYUUW_Q: Downloading webpage
[youtube] o75ZGYUUW_Q: Downloading android player API JSON
[youtube] o75ZGYUUW_Q: Downloading web client config
[youtube] o75ZGYUUW_Q: Downloading web player API JSON
WARNING: [youtube] o75ZGYUUW_Q: Some android client https formats have been skip
ped as they are missing a URL. YouTube may have enabled the SABR-only streaming
experiment for the current session. See  https://github.com/yt-dlp/yt-dlp/issues
/12482  for more details
[info] o75ZGYUUW_Q: Downloading subtitles: en, ar
[info] o75ZGYUUW_Q: Downloading 1 format(s): 18
[info] Writing video subtitles to: Standard Arabic Talks/صوتك مصدر قوتك ｜ Lubaba
 Yousef ｜ TEDxQatarUniversity.en.vtt
WARNING: The extractor specified to use impersonation for this download, but no
impersonate target is available. If you encounter errors, then see  https://gith
ub.com/yt-dlp/yt-dlp#impersonation  for information on installing the required d
ependencies
[download] Destination: Standard Arabic Talks/صوتك مصدر قوتك ｜ Lubaba Yousef ｜ T
EDxQatarUniversity.en.vtt
[download]    3.00KiB at    2.61MiB/s (00:00:00)
[download]    7.00KiB at    4.47MiB/s (00:00:00)
[download]   14.69KiB at    1.11MiB/s (00:00:00)
[download] 100% of   14.69KiB in 00:00:00 at 29.08KiB/s
[info] Writing video subtitles to: Standard Arabic Talks/صوتك مصدر قوتك ｜ Lubaba
 Yousef ｜ TEDxQatarUniversity.ar.vtt
WARNING: The extractor specified to use impersonation for this download, but no
impersonate target is available. If you encounter errors, then see  https://gith
ub.com/yt-dlp/yt-dlp#impersonation  for information on installing the required d
ependencies
[download] Destination: Standard Arabic Talks/صوتك مصدر قوتك ｜ Lubaba Yousef ｜ T
EDxQatarUniversity.ar.vtt
[download]    3.00KiB at  Unknown B/s (00:00:00)
[download]    7.00KiB at    4.56MiB/s (00:00:00)
[download]   15.00KiB at    1.39MiB/s (00:00:00)
[download]   15.94KiB at    1.39MiB/s (00:00:00)
[download] 100% of   15.94KiB in 00:00:00 at 34.01KiB/s
[SubtitlesConvertor] Converting subtitles
Deleting original file Standard Arabic Talks/صوتك مصدر قوتك ｜ Lubaba Yousef ｜ TE
DxQatarUniversity.en.vtt (pass -k to keep)
Deleting original file Standard Arabic Talks/صوتك مصدر قوتك ｜ Lubaba Yousef ｜ TE
DxQatarUniversity.ar.vtt (pass -k to keep)
[download] Destination: Standard Arabic Talks/صوتك مصدر قوتك ｜ Lubaba Yousef ｜ T
EDxQatarUniversity.mp4
[download]   0.0% of   38.30MiB at  254.85KiB/s ETA 02:34
[download]   0.0% of   38.30MiB at  680.30KiB/s ETA 00:57
[download]   0.0% of   38.30MiB at    1.33MiB/s ETA 00:28
[download]   0.0% of   38.30MiB at   53.07KiB/s ETA 12:18
[download]   0.1% of   38.30MiB at   87.58KiB/s ETA 07:27
[download]   0.2% of   38.30MiB at  112.05KiB/s ETA 05:49
[download]   0.3% of   38.30MiB at  147.29KiB/s ETA 04:25
[download]   0.7% of   38.30MiB at  209.44KiB/s ETA 03:06
[download]   1.3% of   38.30MiB at  326.08KiB/s ETA 01:58
[download]   2.6% of   38.30MiB at  535.91KiB/s ETA 01:11
[download]   5.2% of   38.30MiB at  914.14KiB/s ETA 00:40
[download]  10.4% of   38.30MiB at    1.56MiB/s ETA 00:22
[download]  20.9% of   38.30MiB at    2.08MiB/s ETA 00:14
[download]  25.3% of   38.30MiB at    2.51MiB/s ETA 00:11
[download]  25.3% of   38.30MiB at  108.03KiB/s ETA 04:31
[download]  25.4% of   38.30MiB at  296.93KiB/s ETA 01:38
[download]  25.4% of   38.30MiB at  641.68KiB/s ETA 00:45
[download]  25.4% of   38.30MiB at    1.14MiB/s ETA 00:25
[download]  25.4% of   38.30MiB at   90.31KiB/s ETA 05:23
[download]  25.5% of   38.30MiB at  114.69KiB/s ETA 04:14
[download]  25.7% of   38.30MiB at  139.36KiB/s ETA 03:29
[download]  26.0% of   38.30MiB at  215.07KiB/s ETA 02:14
[download]  26.6% of   38.30MiB at  334.15KiB/s ETA 01:26
[download]  28.0% of   38.30MiB at  547.39KiB/s ETA 00:51
[download]  30.6% of   38.30MiB at  932.62KiB/s ETA 00:29
[download]  35.8% of   38.30MiB at    1.60MiB/s ETA 00:15
[download]  46.2% of   38.30MiB at    2.25MiB/s ETA 00:09
[download]  50.8% of   38.30MiB at    2.55MiB/s ETA 00:07
[download]  50.8% of   38.30MiB at   36.94KiB/s ETA 08:42
[download]  50.8% of   38.30MiB at  109.30KiB/s ETA 02:56
[download]  50.8% of   38.30MiB at  250.53KiB/s ETA 01:17
[download]  50.8% of   38.30MiB at  526.12KiB/s ETA 00:36
[download]  50.9% of   38.30MiB at   78.41KiB/s ETA 04:05
[download]  51.0% of   38.30MiB at  103.66KiB/s ETA 03:05
[download]  51.1% of   38.30MiB at  147.00KiB/s ETA 02:10
[download]  51.4% of   38.30MiB at  219.65KiB/s ETA 01:26
[download]  52.1% of   38.30MiB at  351.91KiB/s ETA 00:53
[download]  53.4% of   38.30MiB at  450.16KiB/s ETA 00:40
[download]  55.0% of   38.30MiB at  723.35KiB/s ETA 00:24
[download]  58.2% of   38.30MiB at  886.02KiB/s ETA 00:18
[download]  61.4% of   38.30MiB at    1.04MiB/s ETA 00:14
[download]  66.4% of   38.30MiB at    1.12MiB/s ETA 00:11
[download]  69.9% of   38.30MiB at    1.20MiB/s ETA 00:09
[download]  74.2% of   38.30MiB at    1.27MiB/s ETA 00:07
[download]  76.0% of   38.30MiB at    1.31MiB/s ETA 00:07
[download]  76.0% of   38.30MiB at  169.00KiB/s ETA 00:55
[download]  76.0% of   38.30MiB at  475.42KiB/s ETA 00:19
[download]  76.0% of   38.30MiB at  402.16KiB/s ETA 00:23
[download]  76.1% of   38.30MiB at   49.68KiB/s ETA 03:08
[download]  76.1% of   38.30MiB at   94.11KiB/s ETA 01:39
[download]  76.2% of   38.30MiB at  101.56KiB/s ETA 01:31
[download]  76.4% of   38.30MiB at  151.43KiB/s ETA 01:01
[download]  76.7% of   38.30MiB at  225.28KiB/s ETA 00:40
[download]  77.3% of   38.30MiB at  352.61KiB/s ETA 00:25
[download]  78.6% of   38.30MiB at  581.20KiB/s ETA 00:14
[download]  81.3% of   38.30MiB at  981.12KiB/s ETA 00:07
[download]  86.5% of   38.30MiB at    1.54MiB/s ETA 00:03
[download]  96.8% of   38.30MiB at    2.14MiB/s ETA 00:00
[download] 100.0% of   38.30MiB at    2.18MiB/s ETA 00:00
[download] 100% of   38.30MiB in 00:00:25 at 1.50MiB/s
[ExtractAudio] Destination: Standard Arabic Talks/صوتك مصدر قوتك ｜ Lubaba Yousef
 ｜ TEDxQatarUniversity.wav
Deleting original file Standard Arabic Talks/صوتك مصدر قوتك ｜ Lubaba Yousef ｜ TE
DxQatarUniversity.mp4 (pass -k to keep)
[download] Downloading item 5 of 10
[youtube] Extracting URL: https://www.youtube.com/watch?v=cZe3zcNoIKk
[youtube] cZe3zcNoIKk: Downloading webpage
[youtube] cZe3zcNoIKk: Downloading android player API JSON
[youtube] cZe3zcNoIKk: Downloading web client config
[youtube] cZe3zcNoIKk: Downloading web player API JSON
WARNING: [youtube] cZe3zcNoIKk: Some android client https formats have been skip
ped as they are missing a URL. YouTube may have enabled the SABR-only streaming
experiment for the current session. See  https://github.com/yt-dlp/yt-dlp/issues
/12482  for more details
[info] cZe3zcNoIKk: Downloading subtitles: en, ar
[info] cZe3zcNoIKk: Downloading 1 format(s): 18
[info] Writing video subtitles to: Standard Arabic Talks/How I'm using LEGO to t
each Arabic ｜ Ghada Wali.en.vtt
WARNING: The extractor specified to use impersonation for this download, but no
impersonate target is available. If you encounter errors, then see  https://gith
ub.com/yt-dlp/yt-dlp#impersonation  for information on installing the required d
ependencies
[download] Destination: Standard Arabic Talks/How I'm using LEGO to teach Arabic
 ｜ Ghada Wali.en.vtt
[download]    3.00KiB at    2.35MiB/s (00:00:00)
[download]    7.00KiB at    4.11MiB/s (00:00:00)
[download]   10.92KiB at    3.39MiB/s (00:00:00)
[download] 100% of   10.92KiB in 00:00:00 at 28.93KiB/s
[info] Writing video subtitles to: Standard Arabic Talks/How I'm using LEGO to t
each Arabic ｜ Ghada Wali.ar.vtt
WARNING: The extractor specified to use impersonation for this download, but no
impersonate target is available. If you encounter errors, then see  https://gith
ub.com/yt-dlp/yt-dlp#impersonation  for information on installing the required d
ependencies
[download] Destination: Standard Arabic Talks/How I'm using LEGO to teach Arabic
 ｜ Ghada Wali.ar.vtt
[download]    3.00KiB at    1.99MiB/s (00:00:00)
[download]    7.00KiB at    3.44MiB/s (00:00:00)
[download]   14.03KiB at    2.12MiB/s (00:00:00)
[download] 100% of   14.03KiB in 00:00:00 at 36.53KiB/s
[SubtitlesConvertor] Converting subtitles
Deleting original file Standard Arabic Talks/How I'm using LEGO to teach Arabic
｜ Ghada Wali.en.vtt (pass -k to keep)
Deleting original file Standard Arabic Talks/How I'm using LEGO to teach Arabic
｜ Ghada Wali.ar.vtt (pass -k to keep)
[download] Destination: Standard Arabic Talks/How I'm using LEGO to teach Arabic
 ｜ Ghada Wali.mp4
[download]   0.0% of   18.05MiB at    2.54MiB/s ETA 00:07
[download]   0.1% of   18.05MiB at    4.60MiB/s ETA 00:03
[download]   0.2% of   18.05MiB at  656.02KiB/s ETA 00:28
[download]   0.3% of   18.05MiB at    1.08MiB/s ETA 00:16
[download]   0.7% of   18.05MiB at    1.77MiB/s ETA 00:10
[download]   1.4% of   18.05MiB at    2.60MiB/s ETA 00:06
[download]   2.8% of   18.05MiB at    3.67MiB/s ETA 00:04
[download]   5.5% of   18.05MiB at    3.76MiB/s ETA 00:04
[download]  11.1% of   18.05MiB at    4.56MiB/s ETA 00:03
[download]  22.2% of   18.05MiB at    3.03MiB/s ETA 00:04
[download]  34.7% of   18.05MiB at    3.56MiB/s ETA 00:03
[download]  55.2% of   18.05MiB at    3.92MiB/s ETA 00:02
[download]  55.2% of   18.05MiB at  327.71KiB/s ETA 00:25
[download]  55.2% of   18.05MiB at  842.62KiB/s ETA 00:09
[download]  55.3% of   18.05MiB at    1.63MiB/s ETA 00:04
[download]  55.3% of   18.05MiB at    1.48MiB/s ETA 00:05
[download]  55.4% of   18.05MiB at    1.52MiB/s ETA 00:05
[download]  55.6% of   18.05MiB at    2.31MiB/s ETA 00:03
[download]  55.9% of   18.05MiB at    2.06MiB/s ETA 00:03
[download]  56.6% of   18.05MiB at    2.83MiB/s ETA 00:02
[download]  58.0% of   18.05MiB at    2.78MiB/s ETA 00:02
[download]  60.8% of   18.05MiB at    2.94MiB/s ETA 00:02
[download]  66.3% of   18.05MiB at    2.81MiB/s ETA 00:02
[download]  77.4% of   18.05MiB at    3.09MiB/s ETA 00:01
[download]  96.4% of   18.05MiB at    3.78MiB/s ETA 00:00
[download] 100.0% of   18.05MiB at    3.88MiB/s ETA 00:00
[download] 100% of   18.05MiB in 00:00:06 at 2.87MiB/s
[ExtractAudio] Destination: Standard Arabic Talks/How I'm using LEGO to teach Ar
abic ｜ Ghada Wali.wav
Deleting original file Standard Arabic Talks/How I'm using LEGO to teach Arabic
｜ Ghada Wali.mp4 (pass -k to keep)
[download] Downloading item 6 of 10
[youtube] Extracting URL: https://www.youtube.com/watch?v=hyf7p9mFjmE
[youtube] hyf7p9mFjmE: Downloading webpage
[youtube] hyf7p9mFjmE: Downloading android player API JSON
[youtube] hyf7p9mFjmE: Downloading web client config
[youtube] hyf7p9mFjmE: Downloading web player API JSON
WARNING: [youtube] hyf7p9mFjmE: Some android client https formats have been skip
ped as they are missing a URL. YouTube may have enabled the SABR-only streaming
experiment for the current session. See  https://github.com/yt-dlp/yt-dlp/issues
/12482  for more details
[info] hyf7p9mFjmE: Downloading subtitles: ar
[info] hyf7p9mFjmE: Downloading 1 format(s): 18
[info] Writing video subtitles to: Standard Arabic Talks/العربية فصحى أم لهجات؟
｜ Safaa Belhasawi ｜ TEDxDohaInstitute.ar.vtt
WARNING: The extractor specified to use impersonation for this download, but no
impersonate target is available. If you encounter errors, then see  https://gith
ub.com/yt-dlp/yt-dlp#impersonation  for information on installing the required d
ependencies
[download] Destination: Standard Arabic Talks/العربية فصحى أم لهجات؟ ｜ Safaa Bel
hasawi ｜ TEDxDohaInstitute.ar.vtt
[download]    3.00KiB at  Unknown B/s (00:00:00)
[download]    7.00KiB at    4.03MiB/s (00:00:00)
[download]    8.97KiB at    2.94MiB/s (00:00:00)
[download] 100% of    8.97KiB in 00:00:00 at 17.69KiB/s
[SubtitlesConvertor] Converting subtitles
Deleting original file Standard Arabic Talks/العربية فصحى أم لهجات؟ ｜ Safaa Belh
asawi ｜ TEDxDohaInstitute.ar.vtt (pass -k to keep)
[download] Destination: Standard Arabic Talks/العربية فصحى أم لهجات؟ ｜ Safaa Bel
hasawi ｜ TEDxDohaInstitute.mp4
[download]   0.0% of   20.54MiB at  655.33KiB/s ETA 00:32
[download]   0.0% of   20.54MiB at   26.52KiB/s ETA 13:12
[download]   0.1% of   20.54MiB at   56.67KiB/s ETA 06:10
[download]   0.1% of   20.54MiB at   92.73KiB/s ETA 03:46
[download]   0.3% of   20.54MiB at  112.12KiB/s ETA 03:07
[download]   0.6% of   20.54MiB at  159.93KiB/s ETA 02:10
[download]   1.2% of   20.54MiB at  172.88KiB/s ETA 02:00
[download]   2.1% of   20.54MiB at  248.27KiB/s ETA 01:22
[download]   3.9% of   20.54MiB at  381.55KiB/s ETA 00:52
[download]   7.5% of   20.54MiB at  651.62KiB/s ETA 00:29
[download]  14.6% of   20.54MiB at    1.06MiB/s ETA 00:16
[download]  28.9% of   20.54MiB at    1.07MiB/s ETA 00:13
[download]  36.1% of   20.54MiB at    1.22MiB/s ETA 00:10
[download]  47.6% of   20.54MiB at    1.46MiB/s ETA 00:07
[download]  47.7% of   20.54MiB at  305.91KiB/s ETA 00:36
[download]  47.7% of   20.54MiB at  803.71KiB/s ETA 00:13
[download]  47.7% of   20.54MiB at  235.17KiB/s ETA 00:46
[download]  47.7% of   20.54MiB at   44.78KiB/s ETA 04:05
[download]  47.8% of   20.54MiB at   92.28KiB/s ETA 01:59
[download]  47.9% of   20.54MiB at   94.85KiB/s ETA 01:55
[download]  48.3% of   20.54MiB at  144.47KiB/s ETA 01:15
[download]  48.9% of   20.54MiB at  210.16KiB/s ETA 00:51
[download]  50.1% of   20.54MiB at  334.44KiB/s ETA 00:31
[download]  52.5% of   20.54MiB at  555.75KiB/s ETA 00:17
[download]  57.4% of   20.54MiB at  945.81KiB/s ETA 00:09
[download]  67.1% of   20.54MiB at    1.51MiB/s ETA 00:04
[download]  86.6% of   20.54MiB at    1.82MiB/s ETA 00:01
[download]  96.1% of   20.54MiB at    2.26MiB/s ETA 00:00
[download]  96.1% of   20.54MiB at  Unknown B/s ETA Unknown
[download]  96.1% of   20.54MiB at  247.71KiB/s ETA 00:03
[download]  96.2% of   20.54MiB at   55.75KiB/s ETA 00:14
[download]  96.3% of   20.54MiB at   91.74KiB/s ETA 00:08
[download]  96.4% of   20.54MiB at  107.39KiB/s ETA 00:07
[download]  96.7% of   20.54MiB at  141.65KiB/s ETA 00:04
[download]  97.3% of   20.54MiB at  213.95KiB/s ETA 00:02
[download]  98.5% of   20.54MiB at  318.60KiB/s ETA 00:00
[download] 100.0% of   20.54MiB at  458.57KiB/s ETA 00:00
[download] 100% of   20.54MiB in 00:00:18 at 1.12MiB/s
[ExtractAudio] Destination: Standard Arabic Talks/العربية فصحى أم لهجات؟ ｜ Safaa
 Belhasawi ｜ TEDxDohaInstitute.wav
Deleting original file Standard Arabic Talks/العربية فصحى أم لهجات؟ ｜ Safaa Belh
asawi ｜ TEDxDohaInstitute.mp4 (pass -k to keep)
[download] Downloading item 7 of 10
[youtube] Extracting URL: https://www.youtube.com/watch?v=jofBRAHG_0M
[youtube] jofBRAHG_0M: Downloading webpage
[youtube] jofBRAHG_0M: Downloading android player API JSON
[youtube] jofBRAHG_0M: Downloading web client config
[youtube] jofBRAHG_0M: Downloading web player API JSON
WARNING: [youtube] jofBRAHG_0M: Some android client https formats have been skip
ped as they are missing a URL. YouTube may have enabled the SABR-only streaming
experiment for the current session. See  https://github.com/yt-dlp/yt-dlp/issues
/12482  for more details
[info] jofBRAHG_0M: Downloading subtitles: en, ar
[info] jofBRAHG_0M: Downloading 1 format(s): 18
[info] Writing video subtitles to: Standard Arabic Talks/Introducing TEDinArabic
.en.vtt
WARNING: The extractor specified to use impersonation for this download, but no
impersonate target is available. If you encounter errors, then see  https://gith
ub.com/yt-dlp/yt-dlp#impersonation  for information on installing the required d
ependencies
[download] Destination: Standard Arabic Talks/Introducing TEDinArabic.en.vtt
[download]    976.00B at  232.03KiB/s (00:00:00)
[download] 100% of    976.00B in 00:00:00 at 2.08KiB/s
[info] Writing video subtitles to: Standard Arabic Talks/Introducing TEDinArabic
.ar.vtt
WARNING: The extractor specified to use impersonation for this download, but no
impersonate target is available. If you encounter errors, then see  https://gith
ub.com/yt-dlp/yt-dlp#impersonation  for information on installing the required d
ependencies
[download] Destination: Standard Arabic Talks/Introducing TEDinArabic.ar.vtt
[download]    1.26KiB at    1.02MiB/s (00:00:00)
[download] 100% of    1.26KiB in 00:00:00 at 2.68KiB/s
[SubtitlesConvertor] Converting subtitles
Deleting original file Standard Arabic Talks/Introducing TEDinArabic.en.vtt (pas
s -k to keep)
Deleting original file Standard Arabic Talks/Introducing TEDinArabic.ar.vtt (pas
s -k to keep)
[download] Destination: Standard Arabic Talks/Introducing TEDinArabic.mp4
[download]   0.1% of    2.17MiB at  812.59KiB/s ETA 00:02
[download]   0.3% of    2.17MiB at  131.67KiB/s ETA 00:16
[download]   0.7% of    2.17MiB at  266.42KiB/s ETA 00:08
[download]   1.4% of    2.17MiB at  494.62KiB/s ETA 00:04
[download]   2.8% of    2.17MiB at  909.10KiB/s ETA 00:02
[download]   5.7% of    2.17MiB at    1.22MiB/s ETA 00:01
[download]  11.5% of    2.17MiB at    1.76MiB/s ETA 00:01
[download]  23.0% of    2.17MiB at    2.62MiB/s ETA 00:00
[download]  46.1% of    2.17MiB at    3.32MiB/s ETA 00:00
[download]  92.2% of    2.17MiB at    3.51MiB/s ETA 00:00
[download] 100.0% of    2.17MiB at    3.67MiB/s ETA 00:00
[download] 100% of    2.17MiB in 00:00:03 at 684.78KiB/s
[ExtractAudio] Destination: Standard Arabic Talks/Introducing TEDinArabic.wav
Deleting original file Standard Arabic Talks/Introducing TEDinArabic.mp4 (pass -
k to keep)
[download] Downloading item 8 of 10
[youtube] Extracting URL: https://www.youtube.com/watch?v=pHSDAHgoQCI
[youtube] pHSDAHgoQCI: Downloading webpage
[youtube] pHSDAHgoQCI: Downloading android player API JSON
[youtube] pHSDAHgoQCI: Downloading web client config
[youtube] pHSDAHgoQCI: Downloading web player API JSON
WARNING: [youtube] pHSDAHgoQCI: Some android client https formats have been skip
ped as they are missing a URL. YouTube may have enabled the SABR-only streaming
experiment for the current session. See  https://github.com/yt-dlp/yt-dlp/issues
/12482  for more details
[info] pHSDAHgoQCI: Downloading 1 format(s): 18
[info] There are no subtitles for the requested languages
[SubtitlesConvertor] There aren't any subtitles to convert
[download] Destination: Standard Arabic Talks/Lina - Autumn Leaves ｜ Lina Makhou
l ｜ TEDxJaffa.mp4
[download]   0.0% of    8.34MiB at    2.11MiB/s ETA 00:03
[download]   0.1% of    8.34MiB at   48.26KiB/s ETA 02:56
[download]   0.2% of    8.34MiB at  102.45KiB/s ETA 01:23
[download]   0.4% of    8.34MiB at  160.04KiB/s ETA 00:53
[download]   0.7% of    8.34MiB at  205.19KiB/s ETA 00:41
[download]   1.5% of    8.34MiB at  247.07KiB/s ETA 00:34
[download]   3.0% of    8.34MiB at  344.65KiB/s ETA 00:24
[download]   6.0% of    8.34MiB at  150.12KiB/s ETA 00:53
[download]   7.5% of    8.34MiB at  184.50KiB/s ETA 00:42
[download]  10.5% of    8.34MiB at  257.26KiB/s ETA 00:29
[download]  16.5% of    8.34MiB at  380.80KiB/s ETA 00:18
[download]  28.5% of    8.34MiB at  541.46KiB/s ETA 00:11
[download]  43.6% of    8.34MiB at  614.76KiB/s ETA 00:07
[download]  53.2% of    8.34MiB at  702.33KiB/s ETA 00:05
[download]  72.6% of    8.34MiB at  870.85KiB/s ETA 00:02
[download] 100.0% of    8.34MiB at    1.08MiB/s ETA 00:00
[download] 100% of    8.34MiB in 00:00:10 at 852.22KiB/s
[ExtractAudio] Destination: Standard Arabic Talks/Lina - Autumn Leaves ｜ Lina Ma
khoul ｜ TEDxJaffa.wav
Deleting original file Standard Arabic Talks/Lina - Autumn Leaves ｜ Lina Makhoul
 ｜ TEDxJaffa.mp4 (pass -k to keep)
[download] Downloading item 9 of 10
[youtube] Extracting URL: https://www.youtube.com/watch?v=GC2yy_gI6m0
[youtube] GC2yy_gI6m0: Downloading webpage
[youtube] GC2yy_gI6m0: Downloading android player API JSON
[youtube] GC2yy_gI6m0: Downloading web client config
[youtube] GC2yy_gI6m0: Downloading web player API JSON
WARNING: [youtube] GC2yy_gI6m0: Some android client https formats have been skip
ped as they are missing a URL. YouTube may have enabled the SABR-only streaming
experiment for the current session. See  https://github.com/yt-dlp/yt-dlp/issues
/12482  for more details
[info] GC2yy_gI6m0: Downloading 1 format(s): 18
[info] There are no subtitles for the requested languages
[SubtitlesConvertor] There aren't any subtitles to convert
[download] Destination: Standard Arabic Talks/How to Learn Arabic On Your Own.mp
4
[download]   0.0% of   16.14MiB at  845.57KiB/s ETA 00:19
[download]   0.0% of   16.14MiB at    1.76MiB/s ETA 00:09
[download]   0.1% of   16.14MiB at    2.86MiB/s ETA 00:05
[download]   0.2% of   16.14MiB at    2.38MiB/s ETA 00:06
[download]   0.4% of   16.14MiB at    1.47MiB/s ETA 00:10
[download]   0.8% of   16.14MiB at    2.26MiB/s ETA 00:07
[download]   1.5% of   16.14MiB at    3.03MiB/s ETA 00:05
[download]   3.1% of   16.14MiB at    2.91MiB/s ETA 00:05
[download]   6.2% of   16.14MiB at    3.56MiB/s ETA 00:04
[download]  12.4% of   16.14MiB at    3.72MiB/s ETA 00:03
[download]  24.8% of   16.14MiB at    3.88MiB/s ETA 00:03
[download]  49.6% of   16.14MiB at    4.00MiB/s ETA 00:02
[download]  59.3% of   16.14MiB at    4.03MiB/s ETA 00:01
[download]  59.3% of   16.14MiB at  166.05KiB/s ETA 00:40
[download]  59.4% of   16.14MiB at  467.35KiB/s ETA 00:14
[download]  59.4% of   16.14MiB at  965.60KiB/s ETA 00:06
[download]  59.4% of   16.14MiB at    1.80MiB/s ETA 00:03
[download]  59.5% of   16.14MiB at  446.56KiB/s ETA 00:14
[download]  59.7% of   16.14MiB at  554.77KiB/s ETA 00:12
[download]  60.1% of   16.14MiB at  814.16KiB/s ETA 00:08
[download]  60.9% of   16.14MiB at    1.18MiB/s ETA 00:05
[download]  62.4% of   16.14MiB at    1.70MiB/s ETA 00:03
[download]  65.5% of   16.14MiB at    2.46MiB/s ETA 00:02
[download]  71.7% of   16.14MiB at    2.45MiB/s ETA 00:01
[download]  84.1% of   16.14MiB at    3.53MiB/s ETA 00:00
[download] 100.0% of   16.14MiB at    3.83MiB/s ETA 00:00
[download] 100% of   16.14MiB in 00:00:05 at 2.92MiB/s
[ExtractAudio] Destination: Standard Arabic Talks/How to Learn Arabic On Your Ow
n.wav
Deleting original file Standard Arabic Talks/How to Learn Arabic On Your Own.mp4
 (pass -k to keep)
[download] Downloading item 10 of 10
[youtube] Extracting URL: https://www.youtube.com/watch?v=fB2BIV6iOEA
[youtube] fB2BIV6iOEA: Downloading webpage
[youtube] fB2BIV6iOEA: Downloading android player API JSON
[youtube] fB2BIV6iOEA: Downloading web client config
[youtube] fB2BIV6iOEA: Downloading web player API JSON
WARNING: [youtube] fB2BIV6iOEA: Some android client https formats have been skip
ped as they are missing a URL. YouTube may have enabled the SABR-only streaming
experiment for the current session. See  https://github.com/yt-dlp/yt-dlp/issues
/12482  for more details
[info] fB2BIV6iOEA: Downloading subtitles: en, ar
[info] fB2BIV6iOEA: Downloading 1 format(s): 18
[info] Writing video subtitles to: Standard Arabic Talks/لماذا يجب أن نصنع محتوى
 علمي باللغة العربية؟ ｜ Iman Al-Naim ｜ TEDxDohaInstitute.en.vtt
WARNING: The extractor specified to use impersonation for this download, but no
impersonate target is available. If you encounter errors, then see  https://gith
ub.com/yt-dlp/yt-dlp#impersonation  for information on installing the required d
ependencies
[download] Destination: Standard Arabic Talks/لماذا يجب أن نصنع محتوى علمي باللغ
ة العربية؟ ｜ Iman Al-Naim ｜ TEDxDohaInstitute.en.vtt
[download]    3.00KiB at    1.26MiB/s (00:00:00)
[download]    7.00KiB at    2.28MiB/s (00:00:00)
[download]   13.04KiB at    2.35MiB/s (00:00:00)
[download] 100% of   13.04KiB in 00:00:00 at 30.71KiB/s
[info] Writing video subtitles to: Standard Arabic Talks/لماذا يجب أن نصنع محتوى
 علمي باللغة العربية؟ ｜ Iman Al-Naim ｜ TEDxDohaInstitute.ar.vtt
WARNING: The extractor specified to use impersonation for this download, but no
impersonate target is available. If you encounter errors, then see  https://gith
ub.com/yt-dlp/yt-dlp#impersonation  for information on installing the required d
ependencies
[download] Destination: Standard Arabic Talks/لماذا يجب أن نصنع محتوى علمي باللغ
ة العربية؟ ｜ Iman Al-Naim ｜ TEDxDohaInstitute.ar.vtt
[download]    3.00KiB at  Unknown B/s (00:00:00)
[download]    7.00KiB at    3.02MiB/s (00:00:00)
[download]   15.00KiB at    1.47MiB/s (00:00:00)
[download]   16.37KiB at    1.44MiB/s (00:00:00)
[download] 100% of   16.37KiB in 00:00:00 at 42.15KiB/s
[SubtitlesConvertor] Converting subtitles
Deleting original file Standard Arabic Talks/لماذا يجب أن نصنع محتوى علمي باللغة
 العربية؟ ｜ Iman Al-Naim ｜ TEDxDohaInstitute.ar.vtt (pass -k to keep)
Deleting original file Standard Arabic Talks/لماذا يجب أن نصنع محتوى علمي باللغة
 العربية؟ ｜ Iman Al-Naim ｜ TEDxDohaInstitute.en.vtt (pass -k to keep)
[download] Destination: Standard Arabic Talks/لماذا يجب أن نصنع محتوى علمي باللغ
ة العربية؟ ｜ Iman Al-Naim ｜ TEDxDohaInstitute.mp4
[download]   0.0% of   17.61MiB at    1.85MiB/s ETA 00:09
[download]   0.1% of   17.61MiB at  548.84KiB/s ETA 00:32
[download]   0.2% of   17.61MiB at  212.70KiB/s ETA 01:24
[download]   0.3% of   17.61MiB at  243.20KiB/s ETA 01:13
[download]   0.7% of   17.61MiB at  313.98KiB/s ETA 00:57
[download]   1.4% of   17.61MiB at  473.93KiB/s ETA 00:37
[download]   2.8% of   17.61MiB at  619.04KiB/s ETA 00:28
[download]   5.7% of   17.61MiB at  859.24KiB/s ETA 00:19
[download]  11.4% of   17.61MiB at    1.47MiB/s ETA 00:10
[download]  22.7% of   17.61MiB at    2.05MiB/s ETA 00:06
[download]  41.9% of   17.61MiB at    2.50MiB/s ETA 00:04
[download]  54.6% of   17.61MiB at    2.43MiB/s ETA 00:03
[download]  54.6% of   17.61MiB at  Unknown B/s ETA Unknown
[download]  54.6% of   17.61MiB at    4.26MiB/s ETA 00:01
[download]  54.6% of   17.61MiB at    3.84MiB/s ETA 00:02
[download]  54.7% of   17.61MiB at    1.13MiB/s ETA 00:07
[download]  54.9% of   17.61MiB at    1.54MiB/s ETA 00:05
[download]  55.3% of   17.61MiB at    1.97MiB/s ETA 00:04
[download]  56.0% of   17.61MiB at    1.70MiB/s ETA 00:04
[download]  57.4% of   17.61MiB at    2.44MiB/s ETA 00:03
[download]  60.2% of   17.61MiB at    2.31MiB/s ETA 00:03
[download]  65.9% of   17.61MiB at    2.49MiB/s ETA 00:02
[download]  77.3% of   17.61MiB at    3.37MiB/s ETA 00:01
[download] 100.0% of   17.61MiB at    3.41MiB/s ETA 00:00
[download] 100% of   17.61MiB in 00:00:08 at 2.00MiB/s
[ExtractAudio] Destination: Standard Arabic Talks/لماذا يجب أن نصنع محتوى علمي ب
اللغة العربية؟ ｜ Iman Al-Naim ｜ TEDxDohaInstitute.wav
Deleting original file Standard Arabic Talks/لماذا يجب أن نصنع محتوى علمي باللغة
 العربية؟ ｜ Iman Al-Naim ｜ TEDxDohaInstitute.mp4 (pass -k to keep)
[download] Finished downloading playlist: TED talk in Standard Arabic
----------------------------------------
Starting batch for: Russian
Folder: Russian Talks
Subtitles: en.*, ru.*
[youtube:search] Extracting URL: ytsearch10:TED talk in Russian
[download] Downloading playlist: TED talk in Russian
[youtube:search] query "TED talk in Russian": Downloading web client config
[youtube:search] query "TED talk in Russian" page 1: Downloading API JSON
[youtube:search] Playlist TED talk in Russian: Downloading 10 items of 10
[download] Downloading item 1 of 10
[youtube] Extracting URL: https://www.youtube.com/watch?v=Ajb9D1MQqWk
[youtube] Ajb9D1MQqWk: Downloading webpage
[youtube] Ajb9D1MQqWk: Downloading android player API JSON
[youtube] Ajb9D1MQqWk: Downloading web client config
[youtube] Ajb9D1MQqWk: Downloading web player API JSON
WARNING: [youtube] Ajb9D1MQqWk: Some android client https formats have been skip
ped as they are missing a URL. YouTube may have enabled the SABR-only streaming
experiment for the current session. See  https://github.com/yt-dlp/yt-dlp/issues
/12482  for more details
[info] Ajb9D1MQqWk: Downloading 1 format(s): 18
[info] There are no subtitles for the requested languages
[SubtitlesConvertor] There aren't any subtitles to convert
[download] Destination: Russian Talks/«Как научиться говорить «Я», чтобы получат
ь от жизни своё» ｜ Seda Kasparova ｜ TEDxSPbPU.mp4
[download]   0.0% of   33.88MiB at    1.45MiB/s ETA 00:23
[download]   0.0% of   33.88MiB at  947.12KiB/s ETA 00:36
[download]   0.1% of   33.88MiB at  194.30KiB/s ETA 02:58
[download]   0.2% of   33.88MiB at  235.73KiB/s ETA 02:26
[download]   0.4% of   33.88MiB at  305.29KiB/s ETA 01:53
[download]   0.7% of   33.88MiB at  447.84KiB/s ETA 01:16
[download]   1.5% of   33.88MiB at  704.35KiB/s ETA 00:48
[download]   2.9% of   33.88MiB at    1.13MiB/s ETA 00:29
[download]   5.9% of   33.88MiB at    1.85MiB/s ETA 00:17
[download]  11.8% of   33.88MiB at    2.42MiB/s ETA 00:12
[download]  22.2% of   33.88MiB at    3.88MiB/s ETA 00:06
[download]  29.2% of   33.88MiB at    4.35MiB/s ETA 00:05
[download]  29.2% of   33.88MiB at   12.82KiB/s ETA 31:57
[download]  29.2% of   33.88MiB at   38.26KiB/s ETA 10:42
[download]  29.2% of   33.88MiB at   86.00KiB/s ETA 04:45
[download]  29.2% of   33.88MiB at   84.41KiB/s ETA 04:50
[download]  29.3% of   33.88MiB at  128.27KiB/s ETA 03:11
[download]  29.4% of   33.88MiB at  176.49KiB/s ETA 02:18
[download]  29.5% of   33.88MiB at  263.27KiB/s ETA 01:32
[download]  29.9% of   33.88MiB at  399.48KiB/s ETA 01:00
[download]  30.7% of   33.88MiB at  645.62KiB/s ETA 00:37
[download]  32.1% of   33.88MiB at    1.04MiB/s ETA 00:22
[download]  35.1% of   33.88MiB at    1.74MiB/s ETA 00:12
[download]  41.0% of   33.88MiB at    2.34MiB/s ETA 00:08
[download]  51.5% of   33.88MiB at    3.88MiB/s ETA 00:04
[download]  57.9% of   33.88MiB at    4.15MiB/s ETA 00:03
[download]  57.9% of   33.88MiB at  330.99KiB/s ETA 00:44
[download]  57.9% of   33.88MiB at  863.32KiB/s ETA 00:16
[download]  57.9% of   33.88MiB at    1.55MiB/s ETA 00:09
[download]  57.9% of   33.88MiB at  510.24KiB/s ETA 00:28
[download]  57.9% of   33.88MiB at  177.34KiB/s ETA 01:22
[download]  58.0% of   33.88MiB at  212.82KiB/s ETA 01:08
[download]  58.2% of   33.88MiB at  268.09KiB/s ETA 00:54
[download]  58.6% of   33.88MiB at  342.60KiB/s ETA 00:41
[download]  59.3% of   33.88MiB at  530.64KiB/s ETA 00:26
[download]  60.8% of   33.88MiB at  846.99KiB/s ETA 00:16
[download]  63.8% of   33.88MiB at    1.38MiB/s ETA 00:08
[download]  69.7% of   33.88MiB at    1.88MiB/s ETA 00:05
[download]  78.3% of   33.88MiB at    3.03MiB/s ETA 00:02
[download]  86.3% of   33.88MiB at    3.66MiB/s ETA 00:01
[download]  86.3% of   33.88MiB at  Unknown B/s ETA Unknown
[download]  86.3% of   33.88MiB at    5.35MiB/s ETA 00:00
[download]  86.3% of   33.88MiB at    6.11MiB/s ETA 00:00
[download]  86.3% of   33.88MiB at    2.30MiB/s ETA 00:02
[download]  86.4% of   33.88MiB at    3.30MiB/s ETA 00:01
[download]  86.6% of   33.88MiB at    4.19MiB/s ETA 00:01
[download]  87.0% of   33.88MiB at    5.31MiB/s ETA 00:00
[download]  87.7% of   33.88MiB at    6.16MiB/s ETA 00:00
[download]  89.2% of   33.88MiB at    5.86MiB/s ETA 00:00
[download]  92.2% of   33.88MiB at    6.78MiB/s ETA 00:00
[download]  98.1% of   33.88MiB at    7.55MiB/s ETA 00:00
[download] 100.0% of   33.88MiB at    6.40MiB/s ETA 00:00
[download] 100% of   33.88MiB in 00:00:11 at 3.04MiB/s
[ExtractAudio] Destination: Russian Talks/«Как научиться говорить «Я», чтобы пол
учать от жизни своё» ｜ Seda Kasparova ｜ TEDxSPbPU.wav
Deleting original file Russian Talks/«Как научиться говорить «Я», чтобы получать
 от жизни своё» ｜ Seda Kasparova ｜ TEDxSPbPU.mp4 (pass -k to keep)
[download] Downloading item 2 of 10
[youtube] Extracting URL: https://www.youtube.com/watch?v=e1bOA8wkDjw
[youtube] e1bOA8wkDjw: Downloading webpage
[youtube] e1bOA8wkDjw: Downloading android player API JSON
[youtube] e1bOA8wkDjw: Downloading web client config
[youtube] e1bOA8wkDjw: Downloading web player API JSON
WARNING: [youtube] e1bOA8wkDjw: Some android client https formats have been skip
ped as they are missing a URL. YouTube may have enabled the SABR-only streaming
experiment for the current session. See  https://github.com/yt-dlp/yt-dlp/issues
/12482  for more details
[info] e1bOA8wkDjw: Downloading 1 format(s): 18
[info] There are no subtitles for the requested languages
[SubtitlesConvertor] There aren't any subtitles to convert
[download] Destination: Russian Talks/Разреши Вселенной сделать тебе хорошо ｜ Та
тьяна Мужицкая ｜ TEDxBolshayaSadovayaStreet.mp4
[download]   0.1% of   39.07MiB at    3.18MiB/s ETA 00:12
[download]   0.2% of   39.07MiB at    1.43MiB/s ETA 00:27
[download]   0.3% of   39.07MiB at    2.53MiB/s ETA 00:15
[download]   0.6% of   39.07MiB at    3.75MiB/s ETA 00:10
[download]   1.3% of   39.07MiB at    4.32MiB/s ETA 00:08
[download]   2.6% of   39.07MiB at    1.49MiB/s ETA 00:25
[download]   4.9% of   39.07MiB at    2.38MiB/s ETA 00:15
[download]   9.5% of   39.07MiB at    3.66MiB/s ETA 00:09
[download]  18.7% of   39.07MiB at    4.95MiB/s ETA 00:06
[download]  25.0% of   39.07MiB at    5.04MiB/s ETA 00:05
[download]  25.0% of   39.07MiB at  Unknown B/s ETA Unknown
[download]  25.0% of   39.07MiB at  246.48KiB/s ETA 02:01
[download]  25.0% of   39.07MiB at   48.62KiB/s ETA 10:16
[download]  25.1% of   39.07MiB at   88.38KiB/s ETA 05:39
[download]  25.2% of   39.07MiB at  112.64KiB/s ETA 04:25
[download]  25.3% of   39.07MiB at  152.60KiB/s ETA 03:15
[download]  25.6% of   39.07MiB at  223.09KiB/s ETA 02:13
[download]  26.3% of   39.07MiB at  308.34KiB/s ETA 01:35
[download]  27.5% of   39.07MiB at  510.80KiB/s ETA 00:56
[download]  30.0% of   39.07MiB at  849.95KiB/s ETA 00:32
[download]  35.0% of   39.07MiB at    1.14MiB/s ETA 00:22
[download]  39.7% of   39.07MiB at    1.48MiB/s ETA 00:15
[download]  49.1% of   39.07MiB at    2.28MiB/s ETA 00:08
[download]  49.9% of   39.07MiB at    2.36MiB/s ETA 00:08
[download]  49.9% of   39.07MiB at  Unknown B/s ETA Unknown
[download]  49.9% of   39.07MiB at  Unknown B/s ETA 00:02
[download]  49.9% of   39.07MiB at   10.84MiB/s ETA 00:01
[download]  50.0% of   39.07MiB at    1.50MiB/s ETA 00:13
[download]  50.0% of   39.07MiB at    2.33MiB/s ETA 00:08
[download]  50.2% of   39.07MiB at    2.29MiB/s ETA 00:08
[download]  50.5% of   39.07MiB at    3.36MiB/s ETA 00:05
[download]  51.2% of   39.07MiB at    3.18MiB/s ETA 00:06
[download]  52.4% of   39.07MiB at    4.62MiB/s ETA 00:04
[download]  55.0% of   39.07MiB at    3.46MiB/s ETA 00:05
[download]  60.1% of   39.07MiB at    4.24MiB/s ETA 00:03
[download]  70.4% of   39.07MiB at    5.19MiB/s ETA 00:02
[download]  74.5% of   39.07MiB at    5.14MiB/s ETA 00:01
[download]  74.5% of   39.07MiB at  Unknown B/s ETA Unknown
[download]  74.5% of   39.07MiB at    7.54MiB/s ETA 00:01
[download]  74.6% of   39.07MiB at    1.67MiB/s ETA 00:05
[download]  74.7% of   39.07MiB at    2.54MiB/s ETA 00:03
[download]  74.8% of   39.07MiB at    3.29MiB/s ETA 00:02
[download]  75.1% of   39.07MiB at    2.93MiB/s ETA 00:03
[download]  75.8% of   39.07MiB at    3.53MiB/s ETA 00:02
[download]  77.1% of   39.07MiB at    1.88MiB/s ETA 00:04
[download]  79.6% of   39.07MiB at    2.49MiB/s ETA 00:03
[download]  84.7% of   39.07MiB at    2.80MiB/s ETA 00:02
[download]  93.0% of   39.07MiB at    3.59MiB/s ETA 00:00
[download]  99.2% of   39.07MiB at    4.11MiB/s ETA 00:00
[download]  99.2% of   39.07MiB at  Unknown B/s ETA Unknown
[download]  99.2% of   39.07MiB at    1.09MiB/s ETA 00:00
[download]  99.2% of   39.07MiB at    1.90MiB/s ETA 00:00
[download]  99.3% of   39.07MiB at    1.51MiB/s ETA 00:00
[download]  99.3% of   39.07MiB at    2.37MiB/s ETA 00:00
[download]  99.4% of   39.07MiB at    1.09MiB/s ETA 00:00
[download]  99.5% of   39.07MiB at    1.82MiB/s ETA 00:00
[download]  99.9% of   39.07MiB at    2.02MiB/s ETA 00:00
[download] 100.0% of   39.07MiB at    2.34MiB/s ETA 00:00
[download] 100% of   39.07MiB in 00:00:15 at 2.54MiB/s
[ExtractAudio] Destination: Russian Talks/Разреши Вселенной сделать тебе хорошо
｜ Татьяна Мужицкая ｜ TEDxBolshayaSadovayaStreet.wav
Deleting original file Russian Talks/Разреши Вселенной сделать тебе хорошо ｜ Тат
ьяна Мужицкая ｜ TEDxBolshayaSadovayaStreet.mp4 (pass -k to keep)
[download] Downloading item 3 of 10
[youtube] Extracting URL: https://www.youtube.com/watch?v=lfe1wEQzSzM
[youtube] lfe1wEQzSzM: Downloading webpage
[youtube] lfe1wEQzSzM: Downloading android player API JSON
[youtube] lfe1wEQzSzM: Downloading web client config
[youtube] lfe1wEQzSzM: Downloading web player API JSON
WARNING: [youtube] lfe1wEQzSzM: Some android client https formats have been skip
ped as they are missing a URL. YouTube may have enabled the SABR-only streaming
experiment for the current session. See  https://github.com/yt-dlp/yt-dlp/issues
/12482  for more details
[info] lfe1wEQzSzM: Downloading subtitles: en, ru
[info] lfe1wEQzSzM: Downloading 1 format(s): 18
[info] Writing video subtitles to: Russian Talks/Where did Russia come from？ - A
lex Gendler.en.vtt
WARNING: The extractor specified to use impersonation for this download, but no
impersonate target is available. If you encounter errors, then see  https://gith
ub.com/yt-dlp/yt-dlp#impersonation  for information on installing the required d
ependencies
[download] Destination: Russian Talks/Where did Russia come from？ - Alex Gendler
.en.vtt
[download]    3.00KiB at    1.38MiB/s (00:00:00)
[download]    6.77KiB at  409.32KiB/s (00:00:00)
[download] 100% of    6.77KiB in 00:00:00 at 8.38KiB/s
[info] Writing video subtitles to: Russian Talks/Where did Russia come from？ - A
lex Gendler.ru.vtt
WARNING: The extractor specified to use impersonation for this download, but no
impersonate target is available. If you encounter errors, then see  https://gith
ub.com/yt-dlp/yt-dlp#impersonation  for information on installing the required d
ependencies
[download] Destination: Russian Talks/Where did Russia come from？ - Alex Gendler
.ru.vtt
[download]    3.00KiB at    1.71MiB/s (00:00:00)
[download]    7.00KiB at    2.97MiB/s (00:00:00)
[download]   10.99KiB at  849.27KiB/s (00:00:00)
[download] 100% of   10.99KiB in 00:00:00 at 23.44KiB/s
[SubtitlesConvertor] Converting subtitles
Deleting original file Russian Talks/Where did Russia come from？ - Alex Gendler.
en.vtt (pass -k to keep)
Deleting original file Russian Talks/Where did Russia come from？ - Alex Gendler.
ru.vtt (pass -k to keep)
[download] Destination: Russian Talks/Where did Russia come from？ - Alex Gendler
.mp4
[download]   0.0% of   10.39MiB at    1.68MiB/s ETA 00:06
[download]   0.1% of   10.39MiB at   26.40KiB/s ETA 06:42
[download]   0.1% of   10.39MiB at   56.29KiB/s ETA 03:08
[download]   0.3% of   10.39MiB at  101.22KiB/s ETA 01:44
[download]   0.6% of   10.39MiB at  115.08KiB/s ETA 01:31
[download]   1.2% of   10.39MiB at  155.59KiB/s ETA 01:07
[download]   2.4% of   10.39MiB at  235.96KiB/s ETA 00:44
[download]   4.8% of   10.39MiB at  360.01KiB/s ETA 00:28
[download]   9.6% of   10.39MiB at  593.08KiB/s ETA 00:16
[download]  19.2% of   10.39MiB at  994.17KiB/s ETA 00:08
[download]  38.5% of   10.39MiB at    1.56MiB/s ETA 00:04
[download]  76.0% of   10.39MiB at    2.05MiB/s ETA 00:01
[download]  91.6% of   10.39MiB at    2.21MiB/s ETA 00:00
[download]  91.6% of   10.39MiB at  340.86KiB/s ETA 00:02
[download]  91.6% of   10.39MiB at  903.62KiB/s ETA 00:00
[download]  91.6% of   10.39MiB at  237.54KiB/s ETA 00:03
[download]  91.7% of   10.39MiB at   55.66KiB/s ETA 00:15
[download]  91.9% of   10.39MiB at   91.84KiB/s ETA 00:09
[download]  92.2% of   10.39MiB at  109.39KiB/s ETA 00:07
[download]  92.8% of   10.39MiB at  151.41KiB/s ETA 00:05
[download]  94.0% of   10.39MiB at  222.11KiB/s ETA 00:02
[download]  96.4% of   10.39MiB at  351.95KiB/s ETA 00:01
[download] 100.0% of   10.39MiB at  521.65KiB/s ETA 00:00
[download] 100% of   10.39MiB in 00:00:08 at 1.16MiB/s
[ExtractAudio] Destination: Russian Talks/Where did Russia come from？ - Alex Gen
dler.wav
Deleting original file Russian Talks/Where did Russia come from？ - Alex Gendler.
mp4 (pass -k to keep)
[download] Downloading item 4 of 10
[youtube] Extracting URL: https://www.youtube.com/watch?v=XYVverzfRQc
[youtube] XYVverzfRQc: Downloading webpage
[youtube] XYVverzfRQc: Downloading android player API JSON
[youtube] XYVverzfRQc: Downloading web client config
[youtube] XYVverzfRQc: Downloading web player API JSON
WARNING: [youtube] XYVverzfRQc: Some android client https formats have been skip
ped as they are missing a URL. YouTube may have enabled the SABR-only streaming
experiment for the current session. See  https://github.com/yt-dlp/yt-dlp/issues
/12482  for more details
[info] XYVverzfRQc: Downloading 1 format(s): 18
[info] There are no subtitles for the requested languages
[SubtitlesConvertor] There aren't any subtitles to convert
[download] Destination: Russian Talks/Дэн Пинк： Загадки мотивации [Ted на русско
м].mp4
[download]   0.0% of   36.32MiB at    2.33MiB/s ETA 00:15
[download]   0.0% of   36.32MiB at    4.18MiB/s ETA 00:08
[download]   0.0% of   36.32MiB at  513.87KiB/s ETA 01:12
[download]   0.1% of   36.32MiB at  205.26KiB/s ETA 03:01
[download]   0.2% of   36.32MiB at  241.83KiB/s ETA 02:33
[download]   0.3% of   36.32MiB at  329.27KiB/s ETA 01:52
[download]   0.7% of   36.32MiB at  483.45KiB/s ETA 01:16
[download]   1.4% of   36.32MiB at  741.65KiB/s ETA 00:49
[download]   2.8% of   36.32MiB at    1.19MiB/s ETA 00:29
[download]   5.5% of   36.32MiB at    1.93MiB/s ETA 00:17
[download]  11.0% of   36.32MiB at    2.24MiB/s ETA 00:14
[download]  18.4% of   36.32MiB at    3.12MiB/s ETA 00:09
[download]  27.2% of   36.32MiB at    3.71MiB/s ETA 00:07
[download]  27.2% of   36.32MiB at  Unknown B/s ETA Unknown
[download]  27.2% of   36.32MiB at  211.25KiB/s ETA 02:08
[download]  27.3% of   36.32MiB at  476.83KiB/s ETA 00:56
[download]  27.3% of   36.32MiB at  100.44KiB/s ETA 04:29
[download]  27.3% of   36.32MiB at  169.39KiB/s ETA 02:39
[download]  27.4% of   36.32MiB at  211.64KiB/s ETA 02:07
[download]  27.6% of   36.32MiB at  300.88KiB/s ETA 01:29
[download]  27.9% of   36.32MiB at  434.84KiB/s ETA 01:01
[download]  28.6% of   36.32MiB at  706.60KiB/s ETA 00:37
[download]  30.0% of   36.32MiB at    1.06MiB/s ETA 00:23
[download]  32.7% of   36.32MiB at    1.61MiB/s ETA 00:15
[download]  38.3% of   36.32MiB at    2.15MiB/s ETA 00:10
[download]  47.1% of   36.32MiB at    2.61MiB/s ETA 00:07
[download]  54.4% of   36.32MiB at    2.85MiB/s ETA 00:05
[download]  54.4% of   36.32MiB at  Unknown B/s ETA Unknown
[download]  54.4% of   36.32MiB at    5.80MiB/s ETA 00:02
[download]  54.4% of   36.32MiB at   88.30KiB/s ETA 03:12
[download]  54.5% of   36.32MiB at  169.41KiB/s ETA 01:40
[download]  54.5% of   36.32MiB at  190.38KiB/s ETA 01:28
[download]  54.7% of   36.32MiB at  269.03KiB/s ETA 01:02
[download]  55.1% of   36.32MiB at  394.35KiB/s ETA 00:42
[download]  55.7% of   36.32MiB at  612.00KiB/s ETA 00:26
[download]  57.1% of   36.32MiB at  982.34KiB/s ETA 00:16
[download]  59.9% of   36.32MiB at    1.53MiB/s ETA 00:09
[download]  65.4% of   36.32MiB at    2.09MiB/s ETA 00:06
[download]  74.4% of   36.32MiB at    3.03MiB/s ETA 00:03
[download]  80.7% of   36.32MiB at    3.36MiB/s ETA 00:02
[download]  80.7% of   36.32MiB at  340.53KiB/s ETA 00:21
[download]  80.7% of   36.32MiB at  902.52KiB/s ETA 00:07
[download]  80.7% of   36.32MiB at  433.92KiB/s ETA 00:16
[download]  80.7% of   36.32MiB at  102.80KiB/s ETA 01:09
[download]  80.8% of   36.32MiB at  171.44KiB/s ETA 00:41
[download]  80.8% of   36.32MiB at  213.72KiB/s ETA 00:33
[download]  81.0% of   36.32MiB at  282.97KiB/s ETA 00:24
[download]  81.4% of   36.32MiB at  453.95KiB/s ETA 00:15
[download]  82.0% of   36.32MiB at  718.38KiB/s ETA 00:09
[download]  83.4% of   36.32MiB at    1.14MiB/s ETA 00:05
[download]  86.2% of   36.32MiB at    1.85MiB/s ETA 00:02
[download]  91.7% of   36.32MiB at    2.25MiB/s ETA 00:01
[download]  99.6% of   36.32MiB at    3.19MiB/s ETA 00:00
[download] 100.0% of   36.32MiB at    3.23MiB/s ETA 00:00
[download] 100% of   36.32MiB in 00:00:13 at 2.69MiB/s
[ExtractAudio] Destination: Russian Talks/Дэн Пинк： Загадки мотивации [Ted на ру
сском].wav
Deleting original file Russian Talks/Дэн Пинк： Загадки мотивации [Ted на русском
].mp4 (pass -k to keep)
[download] Downloading item 5 of 10
[youtube] Extracting URL: https://www.youtube.com/watch?v=hlNbKyu8N2g
[youtube] hlNbKyu8N2g: Downloading webpage
[youtube] hlNbKyu8N2g: Downloading android player API JSON
[youtube] hlNbKyu8N2g: Downloading web client config
[youtube] hlNbKyu8N2g: Downloading web player API JSON
WARNING: [youtube] hlNbKyu8N2g: Some android client https formats have been skip
ped as they are missing a URL. YouTube may have enabled the SABR-only streaming
experiment for the current session. See  https://github.com/yt-dlp/yt-dlp/issues
/12482  for more details
[info] hlNbKyu8N2g: Downloading subtitles: ru
[info] hlNbKyu8N2g: Downloading 1 format(s): 18
[info] Writing video subtitles to: Russian Talks/Эмоции： подавлять, управлять ил
и расслабиться？ ⧸ EMOTIONS ｜ IRINA KHAKAMADA ｜ TEDxRANEPA.ru.vtt
WARNING: The extractor specified to use impersonation for this download, but no
impersonate target is available. If you encounter errors, then see  https://gith
ub.com/yt-dlp/yt-dlp#impersonation  for information on installing the required d
ependencies
[download] Destination: Russian Talks/Эмоции： подавлять, управлять или расслабит
ься？ ⧸ EMOTIONS ｜ IRINA KHAKAMADA ｜ TEDxRANEPA.ru.vtt
[download]    1.00KiB at  Unknown B/s (00:00:00)
[download]    3.00KiB at    1.12MiB/s (00:00:00)
[download]   15.00KiB at    3.64MiB/s (00:00:00)
[download]   31.00KiB at  405.28KiB/s (00:00:00)
[download]   32.86KiB at  425.57KiB/s (00:00:00)
[download] 100% of   32.86KiB in 00:00:00 at 58.91KiB/s
[SubtitlesConvertor] Converting subtitles
Deleting original file Russian Talks/Эмоции： подавлять, управлять или расслабить
ся？ ⧸ EMOTIONS ｜ IRINA KHAKAMADA ｜ TEDxRANEPA.ru.vtt (pass -k to keep)
[download] Destination: Russian Talks/Эмоции： подавлять, управлять или расслабит
ься？ ⧸ EMOTIONS ｜ IRINA KHAKAMADA ｜ TEDxRANEPA.mp4
[download]   0.0% of   32.99MiB at  748.58KiB/s ETA 00:46
[download]   0.0% of   32.99MiB at    1.41MiB/s ETA 00:23
[download]   0.0% of   32.99MiB at    2.52MiB/s ETA 00:13
[download]   0.1% of   32.99MiB at    2.90MiB/s ETA 00:11
[download]   0.2% of   32.99MiB at    3.77MiB/s ETA 00:08
[download]   0.4% of   32.99MiB at  251.62KiB/s ETA 02:13
[download]   0.8% of   32.99MiB at  457.64KiB/s ETA 01:13
[download]   1.5% of   32.99MiB at   49.88KiB/s ETA 11:06
[download]   1.9% of   32.99MiB at   62.11KiB/s ETA 08:53
[download]   2.6% of   32.99MiB at   86.71KiB/s ETA 06:19
[download]   4.2% of   32.99MiB at  134.77KiB/s ETA 04:00
[download]   7.2% of   32.99MiB at  226.25KiB/s ETA 02:18
[download]  13.3% of   32.99MiB at  400.49KiB/s ETA 01:13
[download]  25.4% of   32.99MiB at  702.85KiB/s ETA 00:35
[download]  29.4% of   32.99MiB at  724.73KiB/s ETA 00:32
[download]  29.4% of   32.99MiB at  Unknown B/s ETA Unknown
[download]  29.4% of   32.99MiB at    4.81MiB/s ETA 00:04
[download]  29.5% of   32.99MiB at    2.26MiB/s ETA 00:10
[download]  29.5% of   32.99MiB at    4.18MiB/s ETA 00:05
[download]  29.6% of   32.99MiB at    3.77MiB/s ETA 00:06
[download]  29.8% of   32.99MiB at    2.68MiB/s ETA 00:08
[download]  30.2% of   32.99MiB at    3.84MiB/s ETA 00:05
[download]  30.9% of   32.99MiB at    3.10MiB/s ETA 00:07
[download]  32.4% of   32.99MiB at    3.37MiB/s ETA 00:06
[download]  35.5% of   32.99MiB at    4.12MiB/s ETA 00:05
[download]  41.5% of   32.99MiB at    2.89MiB/s ETA 00:06
[download]  48.3% of   32.99MiB at    3.56MiB/s ETA 00:04
[download]  58.4% of   32.99MiB at  876.85KiB/s ETA 00:16
[download]  58.4% of   32.99MiB at  Unknown B/s ETA Unknown
[download]  58.4% of   32.99MiB at    1.05MiB/s ETA 00:13
[download]  58.4% of   32.99MiB at    1.99MiB/s ETA 00:06
[download]  58.5% of   32.99MiB at    2.33MiB/s ETA 00:05
[download]  58.5% of   32.99MiB at    2.35MiB/s ETA 00:05
[download]  58.6% of   32.99MiB at    3.18MiB/s ETA 00:04
[download]  58.8% of   32.99MiB at    4.72MiB/s ETA 00:02
[download]  59.2% of   32.99MiB at  248.20KiB/s ETA 00:55
[download]  59.6% of   32.99MiB at  366.83KiB/s ETA 00:37
[download]  60.3% of   32.99MiB at  567.85KiB/s ETA 00:23
[download]  61.8% of   32.99MiB at  985.15KiB/s ETA 00:13
[download]  64.9% of   32.99MiB at  191.61KiB/s ETA 01:01
[download]  66.4% of   32.99MiB at  235.53KiB/s ETA 00:48
[download]  69.4% of   32.99MiB at  319.18KiB/s ETA 00:32
[download]  75.5% of   32.99MiB at  476.79KiB/s ETA 00:17
[download]  87.6% of   32.99MiB at  398.49KiB/s ETA 00:10
[download]  88.4% of   32.99MiB at  409.29KiB/s ETA 00:09
[download]  88.4% of   32.99MiB at  Unknown B/s ETA Unknown
[download]  88.4% of   32.99MiB at    2.32MiB/s ETA 00:01
[download]  88.4% of   32.99MiB at    2.28MiB/s ETA 00:01
[download]  88.5% of   32.99MiB at    3.17MiB/s ETA 00:01
[download]  88.6% of   32.99MiB at    3.77MiB/s ETA 00:01
[download]  88.8% of   32.99MiB at    4.16MiB/s ETA 00:00
[download]  89.1% of   32.99MiB at  214.56KiB/s ETA 00:17
[download]  89.5% of   32.99MiB at  290.69KiB/s ETA 00:12
[download]  90.1% of   32.99MiB at  465.54KiB/s ETA 00:07
[download]  91.4% of   32.99MiB at  764.51KiB/s ETA 00:03
[download]  94.1% of   32.99MiB at  387.90KiB/s ETA 00:05
[download]  95.4% of   32.99MiB at  470.86KiB/s ETA 00:03
[download]  98.0% of   32.99MiB at  605.09KiB/s ETA 00:01
[download] 100.0% of   32.99MiB at  704.94KiB/s ETA 00:00
[download] 100% of   32.99MiB in 00:00:57 at 585.04KiB/s
[ExtractAudio] Destination: Russian Talks/Эмоции： подавлять, управлять или рассл
абиться？ ⧸ EMOTIONS ｜ IRINA KHAKAMADA ｜ TEDxRANEPA.wav
Deleting original file Russian Talks/Эмоции： подавлять, управлять или расслабить
ся？ ⧸ EMOTIONS ｜ IRINA KHAKAMADA ｜ TEDxRANEPA.mp4 (pass -k to keep)
[download] Downloading item 6 of 10
[youtube] Extracting URL: https://www.youtube.com/watch?v=o_XVt5rdpFY
[youtube] o_XVt5rdpFY: Downloading webpage
[youtube] o_XVt5rdpFY: Downloading android player API JSON
[youtube] o_XVt5rdpFY: Downloading web client config
[youtube] o_XVt5rdpFY: Downloading web player API JSON
WARNING: [youtube] o_XVt5rdpFY: Some android client https formats have been skip
ped as they are missing a URL. YouTube may have enabled the SABR-only streaming
experiment for the current session. See  https://github.com/yt-dlp/yt-dlp/issues
/12482  for more details
[info] o_XVt5rdpFY: Downloading subtitles: en, ru
[info] o_XVt5rdpFY: Downloading 1 format(s): 18
[info] Writing video subtitles to: Russian Talks/The secrets of learning a new l
anguage ｜ Lýdia Machová ｜ TED.en.vtt
WARNING: The extractor specified to use impersonation for this download, but no
impersonate target is available. If you encounter errors, then see  https://gith
ub.com/yt-dlp/yt-dlp#impersonation  for information on installing the required d
ependencies
[download] Destination: Russian Talks/The secrets of learning a new language ｜ L
ýdia Machová ｜ TED.en.vtt
[download]    7.00KiB at    3.25MiB/s (00:00:00)
[download]   15.00KiB at    1.51MiB/s (00:00:00)
[download] 100% of   16.85KiB in 00:00:00 at 37.18KiB/s
[info] Writing video subtitles to: Russian Talks/The secrets of learning a new l
anguage ｜ Lýdia Machová ｜ TED.ru.vtt
WARNING: The extractor specified to use impersonation for this download, but no
impersonate target is available. If you encounter errors, then see  https://gith
ub.com/yt-dlp/yt-dlp#impersonation  for information on installing the required d
ependencies
[download] Destination: Russian Talks/The secrets of learning a new language ｜ L
ýdia Machová ｜ TED.ru.vtt
[download]    3.00KiB at    1.91MiB/s (00:00:00)
[download]    7.00KiB at    2.72MiB/s (00:00:00)
[download]   15.00KiB at    4.01MiB/s (00:00:00)
[download]   25.12KiB at  548.75KiB/s (00:00:00)
[download] 100% of   25.12KiB in 00:00:00 at 54.22KiB/s
[SubtitlesConvertor] Converting subtitles
Deleting original file Russian Talks/The secrets of learning a new language ｜ Lý
dia Machová ｜ TED.en.vtt (pass -k to keep)
Deleting original file Russian Talks/The secrets of learning a new language ｜ Lý
dia Machová ｜ TED.ru.vtt (pass -k to keep)
[download] Destination: Russian Talks/The secrets of learning a new language ｜ L
ýdia Machová ｜ TED.mp4
[download]   0.0% of   14.81MiB at  591.75KiB/s ETA 00:25
[download]   0.0% of   14.81MiB at  259.04KiB/s ETA 00:58
[download]   0.1% of   14.81MiB at  537.36KiB/s ETA 00:28
[download]   0.2% of   14.81MiB at    1.01MiB/s ETA 00:14
[download]   0.4% of   14.81MiB at    1.68MiB/s ETA 00:08
[download]   0.8% of   14.81MiB at    2.49MiB/s ETA 00:05
[download]   1.7% of   14.81MiB at    1.35MiB/s ETA 00:10
[download]   3.4% of   14.81MiB at    2.17MiB/s ETA 00:06
[download]   6.7% of   14.81MiB at    2.92MiB/s ETA 00:04
[download]  13.5% of   14.81MiB at    2.98MiB/s ETA 00:04
[download]  27.0% of   14.81MiB at    3.09MiB/s ETA 00:03
[download]  48.7% of   14.81MiB at    3.15MiB/s ETA 00:02
[download]  66.1% of   14.81MiB at    2.86MiB/s ETA 00:01
[download]  66.1% of   14.81MiB at  335.49KiB/s ETA 00:15
[download]  66.1% of   14.81MiB at    1.58MiB/s ETA 00:03
[download]  66.2% of   14.81MiB at    2.10MiB/s ETA 00:02
[download]  66.3% of   14.81MiB at    2.26MiB/s ETA 00:02
[download]  66.5% of   14.81MiB at    3.07MiB/s ETA 00:01
[download]  66.9% of   14.81MiB at    2.66MiB/s ETA 00:01
[download]  67.7% of   14.81MiB at    3.74MiB/s ETA 00:01
[download]  69.4% of   14.81MiB at    3.51MiB/s ETA 00:01
[download]  72.8% of   14.81MiB at    3.79MiB/s ETA 00:01
[download]  79.6% of   14.81MiB at    3.23MiB/s ETA 00:00
[download]  93.1% of   14.81MiB at    3.12MiB/s ETA 00:00
[download] 100.0% of   14.81MiB at    3.13MiB/s ETA 00:00
[download] 100% of   14.81MiB in 00:00:06 at 2.43MiB/s
[ExtractAudio] Destination: Russian Talks/The secrets of learning a new language
 ｜ Lýdia Machová ｜ TED.wav
Deleting original file Russian Talks/The secrets of learning a new language ｜ Lý
dia Machová ｜ TED.mp4 (pass -k to keep)
[download] Downloading item 7 of 10
[youtube] Extracting URL: https://www.youtube.com/watch?v=5jaBiaDlEEc
[youtube] 5jaBiaDlEEc: Downloading webpage
[youtube] 5jaBiaDlEEc: Downloading android player API JSON
[youtube] 5jaBiaDlEEc: Downloading web client config
[youtube] 5jaBiaDlEEc: Downloading web player API JSON
WARNING: [youtube] 5jaBiaDlEEc: Some android client https formats have been skip
ped as they are missing a URL. YouTube may have enabled the SABR-only streaming
experiment for the current session. See  https://github.com/yt-dlp/yt-dlp/issues
/12482  for more details
[info] 5jaBiaDlEEc: Downloading subtitles: en, ru
[info] 5jaBiaDlEEc: Downloading 1 format(s): 18
[info] Writing video subtitles to: Russian Talks/Путешествия по России со смысло
м ｜ Екатерина Затуливетер ｜ TEDxSadovoeRing.en.vtt
WARNING: The extractor specified to use impersonation for this download, but no
impersonate target is available. If you encounter errors, then see  https://gith
ub.com/yt-dlp/yt-dlp#impersonation  for information on installing the required d
ependencies
[download] Destination: Russian Talks/Путешествия по России со смыслом ｜ Екатери
на Затуливетер ｜ TEDxSadovoeRing.en.vtt
[download]    3.00KiB at    2.10MiB/s (00:00:00)
[download]    7.00KiB at    2.58MiB/s (00:00:00)
[download]   15.00KiB at    1.52MiB/s (00:00:00)
[download]   19.64KiB at  469.00KiB/s (00:00:00)
[download] 100% of   19.64KiB in 00:00:00 at 36.39KiB/s
[info] Writing video subtitles to: Russian Talks/Путешествия по России со смысло
м ｜ Екатерина Затуливетер ｜ TEDxSadovoeRing.ru.vtt
WARNING: The extractor specified to use impersonation for this download, but no
impersonate target is available. If you encounter errors, then see  https://gith
ub.com/yt-dlp/yt-dlp#impersonation  for information on installing the required d
ependencies
[download] Destination: Russian Talks/Путешествия по России со смыслом ｜ Екатери
на Затуливетер ｜ TEDxSadovoeRing.ru.vtt
[download]    3.00KiB at    2.35MiB/s (00:00:00)
[download]    7.00KiB at    2.27MiB/s (00:00:00)
[download]   15.00KiB at    1.52MiB/s (00:00:00)
[download]   27.52KiB at  450.64KiB/s (00:00:00)
[download] 100% of   27.52KiB in 00:00:00 at 52.92KiB/s
[SubtitlesConvertor] Converting subtitles
Deleting original file Russian Talks/Путешествия по России со смыслом ｜ Екатерин
а Затуливетер ｜ TEDxSadovoeRing.en.vtt (pass -k to keep)
Deleting original file Russian Talks/Путешествия по России со смыслом ｜ Екатерин
а Затуливетер ｜ TEDxSadovoeRing.ru.vtt (pass -k to keep)
[download] Destination: Russian Talks/Путешествия по России со смыслом ｜ Екатери
на Затуливетер ｜ TEDxSadovoeRing.mp4
[download]   0.0% of   35.30MiB at    2.74MiB/s ETA 00:12
[download]   0.0% of   35.30MiB at  513.86KiB/s ETA 01:10
[download]   0.0% of   35.30MiB at   47.85KiB/s ETA 12:35
[download]   0.1% of   35.30MiB at   78.17KiB/s ETA 07:42
[download]   0.2% of   35.30MiB at  100.60KiB/s ETA 05:58
[download]   0.4% of   35.30MiB at  153.98KiB/s ETA 03:53
[download]   0.7% of   35.30MiB at  229.17KiB/s ETA 02:36
[download]   1.4% of   35.30MiB at  364.21KiB/s ETA 01:37
[download]   2.8% of   35.30MiB at  598.00KiB/s ETA 00:58
[download]   5.7% of   35.30MiB at 1010.28KiB/s ETA 00:33
[download]  11.3% of   35.30MiB at    1.37MiB/s ETA 00:22
[download]  17.7% of   35.30MiB at    1.49MiB/s ETA 00:19
[download]  22.7% of   35.30MiB at    1.54MiB/s ETA 00:17
[download]  27.6% of   35.30MiB at    1.73MiB/s ETA 00:14
[download]  27.8% of   35.30MiB at    1.74MiB/s ETA 00:14
[download]  27.8% of   35.30MiB at   24.73KiB/s ETA 17:35
[download]  27.8% of   35.30MiB at  167.94KiB/s ETA 02:35
[download]  27.8% of   35.30MiB at  351.48KiB/s ETA 01:14
[download]  27.9% of   35.30MiB at   87.09KiB/s ETA 04:59
[download]  28.0% of   35.30MiB at  107.63KiB/s ETA 04:01
[download]  28.1% of   35.30MiB at   57.36KiB/s ETA 07:32
[download]  28.3% of   35.30MiB at   69.17KiB/s ETA 06:14
[download]  28.5% of   35.30MiB at   94.49KiB/s ETA 04:33
[download]  28.9% of   35.30MiB at  142.19KiB/s ETA 03:00
[download]  29.8% of   35.30MiB at  230.88KiB/s ETA 01:49
[download]  31.5% of   35.30MiB at  357.71KiB/s ETA 01:09
[download]  34.2% of   35.30MiB at  564.58KiB/s ETA 00:42
[download]  39.4% of   35.30MiB at  949.09KiB/s ETA 00:23
[download]  50.0% of   35.30MiB at    1.17MiB/s ETA 00:15
[download]  55.2% of   35.30MiB at    1.37MiB/s ETA 00:11
[download]  55.2% of   35.30MiB at  366.51KiB/s ETA 00:44
[download]  55.2% of   35.30MiB at  927.05KiB/s ETA 00:17
[download]  55.3% of   35.30MiB at   25.15KiB/s ETA 10:43
[download]  55.3% of   35.30MiB at   53.66KiB/s ETA 05:01
[download]  55.3% of   35.30MiB at   94.02KiB/s ETA 02:51
[download]  55.4% of   35.30MiB at  109.32KiB/s ETA 02:27
[download]  55.6% of   35.30MiB at  144.13KiB/s ETA 01:51
[download]  55.9% of   35.30MiB at  219.82KiB/s ETA 01:12
[download]  56.7% of   35.30MiB at  345.83KiB/s ETA 00:45
[download]  58.1% of   35.30MiB at  576.70KiB/s ETA 00:26
[download]  60.9% of   35.30MiB at  987.01KiB/s ETA 00:14
[download]  66.6% of   35.30MiB at    1.62MiB/s ETA 00:07
[download]  77.9% of   35.30MiB at    2.24MiB/s ETA 00:03
[download]  82.3% of   35.30MiB at    2.62MiB/s ETA 00:02
[download]  82.3% of   35.30MiB at   65.38KiB/s ETA 01:38
[download]  82.3% of   35.30MiB at  428.67KiB/s ETA 00:14
[download]  82.3% of   35.30MiB at   52.07KiB/s ETA 02:02
[download]  82.4% of   35.30MiB at   83.66KiB/s ETA 01:16
[download]  82.5% of   35.30MiB at  105.97KiB/s ETA 00:59
[download]  82.6% of   35.30MiB at  151.00KiB/s ETA 00:41
[download]  83.0% of   35.30MiB at  228.82KiB/s ETA 00:26
[download]  83.7% of   35.30MiB at  360.10KiB/s ETA 00:16
[download]  85.1% of   35.30MiB at  593.82KiB/s ETA 00:09
[download]  87.9% of   35.30MiB at 1005.97KiB/s ETA 00:04
[download]  93.6% of   35.30MiB at    1.40MiB/s ETA 00:01
[download] 100.0% of   35.30MiB at    1.89MiB/s ETA 00:00
[download] 100% of   35.30MiB in 00:00:26 at 1.34MiB/s
[ExtractAudio] Destination: Russian Talks/Путешествия по России со смыслом ｜ Ека
терина Затуливетер ｜ TEDxSadovoeRing.wav
Deleting original file Russian Talks/Путешествия по России со смыслом ｜ Екатерин
а Затуливетер ｜ TEDxSadovoeRing.mp4 (pass -k to keep)
[download] Downloading item 8 of 10
[youtube] Extracting URL: https://www.youtube.com/watch?v=9HOPw9yM9pc
[youtube] 9HOPw9yM9pc: Downloading webpage
[youtube] 9HOPw9yM9pc: Downloading android player API JSON
[youtube] 9HOPw9yM9pc: Downloading web client config
[youtube] 9HOPw9yM9pc: Downloading web player API JSON
WARNING: [youtube] 9HOPw9yM9pc: Some android client https formats have been skip
ped as they are missing a URL. YouTube may have enabled the SABR-only streaming
experiment for the current session. See  https://github.com/yt-dlp/yt-dlp/issues
/12482  for more details
[info] 9HOPw9yM9pc: Downloading subtitles: en
[info] 9HOPw9yM9pc: Downloading 1 format(s): 18
[info] Writing video subtitles to: Russian Talks/Pussy Riot's Powerful Message t
o Vladimir Putin ｜ Nadya Tolokonnikova ｜ TED.en.vtt
WARNING: The extractor specified to use impersonation for this download, but no
impersonate target is available. If you encounter errors, then see  https://gith
ub.com/yt-dlp/yt-dlp#impersonation  for information on installing the required d
ependencies
[download] Destination: Russian Talks/Pussy Riot's Powerful Message to Vladimir
Putin ｜ Nadya Tolokonnikova ｜ TED.en.vtt
[download]    7.00KiB at    3.94MiB/s (00:00:00)
[download]   13.13KiB at    1.36MiB/s (00:00:00)
[download] 100% of   13.13KiB in 00:00:00 at 26.55KiB/s
[SubtitlesConvertor] Converting subtitles
Deleting original file Russian Talks/Pussy Riot's Powerful Message to Vladimir P
utin ｜ Nadya Tolokonnikova ｜ TED.en.vtt (pass -k to keep)
[download] Destination: Russian Talks/Pussy Riot's Powerful Message to Vladimir
Putin ｜ Nadya Tolokonnikova ｜ TED.mp4
[download]   0.0% of   25.85MiB at    1.47MiB/s ETA 00:17
[download]   0.0% of   25.85MiB at  522.90KiB/s ETA 00:50
[download]   0.1% of   25.85MiB at   52.31KiB/s ETA 08:25
[download]   0.1% of   25.85MiB at   83.54KiB/s ETA 05:16
[download]   0.2% of   25.85MiB at  111.09KiB/s ETA 03:57
[download]   0.5% of   25.85MiB at  154.91KiB/s ETA 02:50
[download]   1.0% of   25.85MiB at  225.16KiB/s ETA 01:56
[download]   1.9% of   25.85MiB at  357.86KiB/s ETA 01:12
[download]   3.9% of   25.85MiB at  594.24KiB/s ETA 00:42
[download]   7.7% of   25.85MiB at  916.81KiB/s ETA 00:26
[download]  15.3% of   25.85MiB at    1.53MiB/s ETA 00:14
[download]  30.4% of   25.85MiB at    2.29MiB/s ETA 00:07
[download]  37.8% of   25.85MiB at    2.54MiB/s ETA 00:06
[download]  37.8% of   25.85MiB at  Unknown B/s ETA Unknown
[download]  37.8% of   25.85MiB at  243.39KiB/s ETA 01:07
[download]  37.8% of   25.85MiB at   55.88KiB/s ETA 04:54
[download]  37.9% of   25.85MiB at   94.15KiB/s ETA 02:54
[download]  38.0% of   25.85MiB at  111.80KiB/s ETA 02:26
[download]  38.2% of   25.85MiB at  150.77KiB/s ETA 01:48
[download]  38.7% of   25.85MiB at  223.94KiB/s ETA 01:12
[download]  39.7% of   25.85MiB at  352.50KiB/s ETA 00:45
[download]  41.6% of   25.85MiB at  582.69KiB/s ETA 00:26
[download]  45.5% of   25.85MiB at  867.68KiB/s ETA 00:16
[download]  51.9% of   25.85MiB at    1.50MiB/s ETA 00:08
[download]  64.7% of   25.85MiB at    2.27MiB/s ETA 00:04
[download]  76.1% of   25.85MiB at    2.58MiB/s ETA 00:02
[download]  76.1% of   25.85MiB at  Unknown B/s ETA Unknown
[download]  76.1% of   25.85MiB at    4.64MiB/s ETA 00:01
[download]  76.2% of   25.85MiB at    2.04MiB/s ETA 00:03
[download]  76.2% of   25.85MiB at    3.76MiB/s ETA 00:01
[download]  76.3% of   25.85MiB at    4.50MiB/s ETA 00:01
[download]  76.6% of   25.85MiB at    4.11MiB/s ETA 00:01
[download]  77.1% of   25.85MiB at    5.07MiB/s ETA 00:01
[download]  78.0% of   25.85MiB at    5.85MiB/s ETA 00:00
[download]  80.0% of   25.85MiB at    6.91MiB/s ETA 00:00
[download]  83.8% of   25.85MiB at    6.90MiB/s ETA 00:00
[download]  91.6% of   25.85MiB at    5.82MiB/s ETA 00:00
[download] 100.0% of   25.85MiB at    6.43MiB/s ETA 00:00
[download] 100% of   25.85MiB in 00:00:12 at 2.00MiB/s
[ExtractAudio] Destination: Russian Talks/Pussy Riot's Powerful Message to Vladi
mir Putin ｜ Nadya Tolokonnikova ｜ TED.wav
Deleting original file Russian Talks/Pussy Riot's Powerful Message to Vladimir P
utin ｜ Nadya Tolokonnikova ｜ TED.mp4 (pass -k to keep)
[download] Downloading item 9 of 10
[youtube] Extracting URL: https://www.youtube.com/watch?v=sz8EUKm3Ecw
[youtube] sz8EUKm3Ecw: Downloading webpage
[youtube] sz8EUKm3Ecw: Downloading android player API JSON
[youtube] sz8EUKm3Ecw: Downloading web client config
[youtube] sz8EUKm3Ecw: Downloading web player API JSON
WARNING: [youtube] sz8EUKm3Ecw: Some android client https formats have been skip
ped as they are missing a URL. YouTube may have enabled the SABR-only streaming
experiment for the current session. See  https://github.com/yt-dlp/yt-dlp/issues
/12482  for more details
[info] sz8EUKm3Ecw: Downloading subtitles: en, ru
[info] sz8EUKm3Ecw: Downloading 1 format(s): 18
[info] Writing video subtitles to: Russian Talks/RUSSIAN PSYCHIC ｜ The TRANSLATO
R Game (he has to translate a fake TED talk) ｜ Shoot From The Hip.en.vtt
WARNING: The extractor specified to use impersonation for this download, but no
impersonate target is available. If you encounter errors, then see  https://gith
ub.com/yt-dlp/yt-dlp#impersonation  for information on installing the required d
ependencies
[download] Destination: Russian Talks/RUSSIAN PSYCHIC ｜ The TRANSLATOR Game (he
has to translate a fake TED talk) ｜ Shoot From The Hip.en.vtt
[download]    3.00KiB at    2.05MiB/s (00:00:00)
[download]    7.00KiB at    3.69MiB/s (00:00:00)
[download]   15.00KiB at    1.50MiB/s (00:00:00)
[download]   21.08KiB at  519.34KiB/s (00:00:00)
[download] 100% of   21.08KiB in 00:00:00 at 44.27KiB/s
[info] Writing video subtitles to: Russian Talks/RUSSIAN PSYCHIC ｜ The TRANSLATO
R Game (he has to translate a fake TED talk) ｜ Shoot From The Hip.ru.vtt
WARNING: The extractor specified to use impersonation for this download, but no
impersonate target is available. If you encounter errors, then see  https://gith
ub.com/yt-dlp/yt-dlp#impersonation  for information on installing the required d
ependencies
[download] Destination: Russian Talks/RUSSIAN PSYCHIC ｜ The TRANSLATOR Game (he
has to translate a fake TED talk) ｜ Shoot From The Hip.ru.vtt
[download]    3.00KiB at    1.32MiB/s (00:00:00)
[download]    7.00KiB at    2.52MiB/s (00:00:00)
[download]    9.55KiB at    2.85MiB/s (00:00:00)
[download] 100% of    9.55KiB in 00:00:00 at 21.80KiB/s
[SubtitlesConvertor] Converting subtitles
Deleting original file Russian Talks/RUSSIAN PSYCHIC ｜ The TRANSLATOR Game (he h
as to translate a fake TED talk) ｜ Shoot From The Hip.ru.vtt (pass -k to keep)
Deleting original file Russian Talks/RUSSIAN PSYCHIC ｜ The TRANSLATOR Game (he h
as to translate a fake TED talk) ｜ Shoot From The Hip.en.vtt (pass -k to keep)
[download] Destination: Russian Talks/RUSSIAN PSYCHIC ｜ The TRANSLATOR Game (he
has to translate a fake TED talk) ｜ Shoot From The Hip.mp4
[download]   0.0% of    9.63MiB at    2.88MiB/s ETA 00:03
[download]   0.1% of    9.63MiB at   26.03KiB/s ETA 06:18
[download]   0.2% of    9.63MiB at   55.67KiB/s ETA 02:56
[download]   0.3% of    9.63MiB at   90.02KiB/s ETA 01:49
[download]   0.6% of    9.63MiB at  110.23KiB/s ETA 01:28
[download]   1.3% of    9.63MiB at  123.63KiB/s ETA 01:18
[download]   2.6% of    9.63MiB at  186.42KiB/s ETA 00:51
[download]   5.2% of    9.63MiB at  298.25KiB/s ETA 00:31
[download]  10.4% of    9.63MiB at  502.40KiB/s ETA 00:17
[download]  20.8% of    9.63MiB at  868.65KiB/s ETA 00:08
[download]  41.5% of    9.63MiB at    1.48MiB/s ETA 00:03
[download]  83.1% of    9.63MiB at    2.17MiB/s ETA 00:00
[download] 100.0% of    9.63MiB at    2.56MiB/s ETA 00:00
[download] 100% of    9.63MiB in 00:00:06 at 1.57MiB/s
[ExtractAudio] Destination: Russian Talks/RUSSIAN PSYCHIC ｜ The TRANSLATOR Game
(he has to translate a fake TED talk) ｜ Shoot From The Hip.wav
Deleting original file Russian Talks/RUSSIAN PSYCHIC ｜ The TRANSLATOR Game (he h
as to translate a fake TED talk) ｜ Shoot From The Hip.mp4 (pass -k to keep)
[download] Downloading item 10 of 10
[youtube] Extracting URL: https://www.youtube.com/watch?v=dymMgXna-_8
[youtube] dymMgXna-_8: Downloading webpage
[youtube] dymMgXna-_8: Downloading android player API JSON
[youtube] dymMgXna-_8: Downloading web client config
[youtube] dymMgXna-_8: Downloading web player API JSON
WARNING: [youtube] dymMgXna-_8: Some android client https formats have been skip
ped as they are missing a URL. YouTube may have enabled the SABR-only streaming
experiment for the current session. See  https://github.com/yt-dlp/yt-dlp/issues
/12482  for more details
[info] dymMgXna-_8: Downloading 1 format(s): 18
[info] There are no subtitles for the requested languages
[SubtitlesConvertor] There aren't any subtitles to convert
[download] Destination: Russian Talks/Искусство очаровывать незнакомцев ｜ Айнур
Зиннатуллин ｜ TEDxSTIMISiS.mp4
[download]   0.0% of   32.58MiB at    3.37MiB/s ETA 00:09
[download]   0.0% of   32.58MiB at    1.03MiB/s ETA 00:31
[download]   0.1% of   32.58MiB at  144.90KiB/s ETA 03:50
[download]   0.2% of   32.58MiB at  142.01KiB/s ETA 03:54
[download]   0.4% of   32.58MiB at  193.57KiB/s ETA 02:51
[download]   0.8% of   32.58MiB at  275.64KiB/s ETA 02:00
[download]   1.5% of   32.58MiB at  424.13KiB/s ETA 01:17
[download]   3.1% of   32.58MiB at  692.81KiB/s ETA 00:46
[download]   6.1% of   32.58MiB at    1.15MiB/s ETA 00:26
[download]  12.3% of   32.58MiB at    1.92MiB/s ETA 00:14
[download]  24.5% of   32.58MiB at    2.84MiB/s ETA 00:08
[download]  30.5% of   32.58MiB at    3.20MiB/s ETA 00:07
[download]  30.5% of   32.58MiB at  Unknown B/s ETA Unknown
[download]  30.5% of   32.58MiB at  527.63KiB/s ETA 00:43
[download]  30.5% of   32.58MiB at  538.18KiB/s ETA 00:43
[download]  30.6% of   32.58MiB at  138.18KiB/s ETA 02:47
[download]  30.7% of   32.58MiB at  144.64KiB/s ETA 02:39
[download]  30.9% of   32.58MiB at  189.62KiB/s ETA 02:01
[download]  31.3% of   32.58MiB at  265.16KiB/s ETA 01:26
[download]  32.0% of   32.58MiB at  355.91KiB/s ETA 01:03
[download]  33.6% of   32.58MiB at  573.03KiB/s ETA 00:38
[download]  36.6% of   32.58MiB at  906.00KiB/s ETA 00:23
[download]  42.8% of   32.58MiB at    1.48MiB/s ETA 00:12
[download]  55.0% of   32.58MiB at    2.38MiB/s ETA 00:06
[download]  59.6% of   32.58MiB at    2.72MiB/s ETA 00:04
[download]  59.7% of   32.58MiB at  880.23KiB/s ETA 00:15
[download]  59.7% of   32.58MiB at  408.24KiB/s ETA 00:33
[download]  59.7% of   32.58MiB at  114.35KiB/s ETA 01:57
[download]  59.7% of   32.58MiB at  189.25KiB/s ETA 01:10
[download]  59.8% of   32.58MiB at  238.43KiB/s ETA 00:56
[download]  60.0% of   32.58MiB at  316.45KiB/s ETA 00:42
[download]  60.4% of   32.58MiB at  462.84KiB/s ETA 00:28
[download]  61.2% of   32.58MiB at  712.99KiB/s ETA 00:18
[download]  62.7% of   32.58MiB at    1.16MiB/s ETA 00:10
[download]  65.8% of   32.58MiB at    1.93MiB/s ETA 00:05
[download]  71.9% of   32.58MiB at    2.61MiB/s ETA 00:03
[download]  84.2% of   32.58MiB at    4.43MiB/s ETA 00:01
[download]  88.8% of   32.58MiB at    4.74MiB/s ETA 00:00
[download]  88.8% of   32.58MiB at  325.82KiB/s ETA 00:11
[download]  88.8% of   32.58MiB at  850.94KiB/s ETA 00:04
[download]  88.8% of   32.58MiB at    1.56MiB/s ETA 00:02
[download]  88.9% of   32.58MiB at  583.94KiB/s ETA 00:06
[download]  88.9% of   32.58MiB at  167.60KiB/s ETA 00:22
[download]  89.0% of   32.58MiB at  199.60KiB/s ETA 00:18
[download]  89.2% of   32.58MiB at  289.78KiB/s ETA 00:12
[download]  89.6% of   32.58MiB at  413.27KiB/s ETA 00:08
[download]  90.4% of   32.58MiB at  651.73KiB/s ETA 00:04
[download]  91.9% of   32.58MiB at    1.04MiB/s ETA 00:02
[download]  95.0% of   32.58MiB at    1.67MiB/s ETA 00:00
[download] 100.0% of   32.58MiB at    2.33MiB/s ETA 00:00
[download] 100% of   32.58MiB in 00:00:13 at 2.36MiB/s
[ExtractAudio] Destination: Russian Talks/Искусство очаровывать незнакомцев ｜ Ай
нур Зиннатуллин ｜ TEDxSTIMISiS.wav
Deleting original file Russian Talks/Искусство очаровывать незнакомцев ｜ Айнур З
иннатуллин ｜ TEDxSTIMISiS.mp4 (pass -k to keep)
[download] Finished downloading playlist: TED talk in Russian
----------------------------------------
Starting batch for: Mandarin Chinese
Folder: Mandarin Chinese Talks
Subtitles: en.*, zh.*
[youtube:search] Extracting URL: ytsearch10:TED talk in Mandarin Chinese
[download] Downloading playlist: TED talk in Mandarin Chinese
[youtube:search] query "TED talk in Mandarin Chinese": Downloading web client co
nfig
[youtube:search] query "TED talk in Mandarin Chinese" page 1: Downloading API JS
ON
[youtube:search] Playlist TED talk in Mandarin Chinese: Downloading 10 items of
10
[download] Downloading item 1 of 10
[youtube] Extracting URL: https://www.youtube.com/watch?v=troxvPRmZm8
[youtube] troxvPRmZm8: Downloading webpage
[youtube] troxvPRmZm8: Downloading android player API JSON
[youtube] troxvPRmZm8: Downloading web client config
[youtube] troxvPRmZm8: Downloading web player API JSON
WARNING: [youtube] troxvPRmZm8: Some android client https formats have been skip
ped as they are missing a URL. YouTube may have enabled the SABR-only streaming
experiment for the current session. See  https://github.com/yt-dlp/yt-dlp/issues
/12482  for more details
[info] troxvPRmZm8: Downloading subtitles: en, zh-CN, zh-TW
[info] troxvPRmZm8: Downloading 1 format(s): 18
[info] Writing video subtitles to: Mandarin Chinese Talks/Learn to read Chinese
... with ease! ｜ ShaoLan.en.vtt
WARNING: The extractor specified to use impersonation for this download, but no
impersonate target is available. If you encounter errors, then see  https://gith
ub.com/yt-dlp/yt-dlp#impersonation  for information on installing the required d
ependencies
[download] Destination: Mandarin Chinese Talks/Learn to read Chinese ... with ea
se! ｜ ShaoLan.en.vtt
[download]    3.00KiB at    2.47MiB/s (00:00:00)
[download]    7.00KiB at    4.33MiB/s (00:00:00)
[download]    7.76KiB at    2.41MiB/s (00:00:00)
[download] 100% of    7.76KiB in 00:00:00 at 15.63KiB/s
[info] Writing video subtitles to: Mandarin Chinese Talks/Learn to read Chinese
... with ease! ｜ ShaoLan.zh-CN.vtt
WARNING: The extractor specified to use impersonation for this download, but no
impersonate target is available. If you encounter errors, then see  https://gith
ub.com/yt-dlp/yt-dlp#impersonation  for information on installing the required d
ependencies
[download] Destination: Mandarin Chinese Talks/Learn to read Chinese ... with ea
se! ｜ ShaoLan.zh-CN.vtt
[download]    7.00KiB at    5.71MiB/s (00:00:00)
[download]    7.83KiB at    4.19MiB/s (00:00:00)
[download] 100% of    7.83KiB in 00:00:00 at 21.23KiB/s
[info] Writing video subtitles to: Mandarin Chinese Talks/Learn to read Chinese
... with ease! ｜ ShaoLan.zh-TW.vtt
WARNING: The extractor specified to use impersonation for this download, but no
impersonate target is available. If you encounter errors, then see  https://gith
ub.com/yt-dlp/yt-dlp#impersonation  for information on installing the required d
ependencies
[download] Destination: Mandarin Chinese Talks/Learn to read Chinese ... with ea
se! ｜ ShaoLan.zh-TW.vtt
[download]    3.00KiB at    1.75MiB/s (00:00:00)
[download]    7.00KiB at    2.65MiB/s (00:00:00)
[download]    7.35KiB at    2.19MiB/s (00:00:00)
[download] 100% of    7.35KiB in 00:00:00 at 19.43KiB/s
[SubtitlesConvertor] Converting subtitles
Deleting original file Mandarin Chinese Talks/Learn to read Chinese ... with eas
e! ｜ ShaoLan.zh-CN.vtt (pass -k to keep)
Deleting original file Mandarin Chinese Talks/Learn to read Chinese ... with eas
e! ｜ ShaoLan.en.vtt (pass -k to keep)
Deleting original file Mandarin Chinese Talks/Learn to read Chinese ... with eas
e! ｜ ShaoLan.zh-TW.vtt (pass -k to keep)
[download] Destination: Mandarin Chinese Talks/Learn to read Chinese ... with ea
se! ｜ ShaoLan.mp4
[download]   0.0% of    8.26MiB at  632.53KiB/s ETA 00:13
[download]   0.1% of    8.26MiB at   26.86KiB/s ETA 05:14
[download]   0.2% of    8.26MiB at   57.44KiB/s ETA 02:27
[download]   0.4% of    8.26MiB at  102.20KiB/s ETA 01:22
[download]   0.7% of    8.26MiB at  111.83KiB/s ETA 01:15
[download]   1.5% of    8.26MiB at  151.17KiB/s ETA 00:55
[download]   3.0% of    8.26MiB at  196.54KiB/s ETA 00:41
[download]   6.0% of    8.26MiB at  296.85KiB/s ETA 00:26
[download]  12.1% of    8.26MiB at  468.00KiB/s ETA 00:15
[download]  24.2% of    8.26MiB at  774.43KiB/s ETA 00:08
[download]  48.4% of    8.26MiB at    1.29MiB/s ETA 00:03
[download]  96.8% of    8.26MiB at    1.96MiB/s ETA 00:00
[download] 100.0% of    8.26MiB at    2.03MiB/s ETA 00:00
[download] 100% of    8.26MiB in 00:00:05 at 1.46MiB/s
[ExtractAudio] Destination: Mandarin Chinese Talks/Learn to read Chinese ... wit
h ease! ｜ ShaoLan.wav
Deleting original file Mandarin Chinese Talks/Learn to read Chinese ... with eas
e! ｜ ShaoLan.mp4 (pass -k to keep)
[download] Downloading item 2 of 10
[youtube] Extracting URL: https://www.youtube.com/watch?v=d0yGdNEWdn0
[youtube] d0yGdNEWdn0: Downloading webpage
[youtube] d0yGdNEWdn0: Downloading android player API JSON
[youtube] d0yGdNEWdn0: Downloading web client config
[youtube] d0yGdNEWdn0: Downloading web player API JSON
WARNING: [youtube] d0yGdNEWdn0: Some android client https formats have been skip
ped as they are missing a URL. YouTube may have enabled the SABR-only streaming
experiment for the current session. See  https://github.com/yt-dlp/yt-dlp/issues
/12482  for more details
[info] d0yGdNEWdn0: Downloading subtitles: en, zh-CN, zh-Hans, zh-TW
[info] d0yGdNEWdn0: Downloading 1 format(s): 18
[info] Writing video subtitles to: Mandarin Chinese Talks/How to learn any langu
age in six months ｜ Chris Lonsdale ｜ TEDxLingnanUniversity.en.vtt
WARNING: The extractor specified to use impersonation for this download, but no
impersonate target is available. If you encounter errors, then see  https://gith
ub.com/yt-dlp/yt-dlp#impersonation  for information on installing the required d
ependencies
[download] Destination: Mandarin Chinese Talks/How to learn any language in six
months ｜ Chris Lonsdale ｜ TEDxLingnanUniversity.en.vtt
[download]    7.00KiB at    4.52MiB/s (00:00:00)
[download]   15.00KiB at    1.50MiB/s (00:00:00)
[download]   27.12KiB at  601.22KiB/s (00:00:00)
[download] 100% of   27.12KiB in 00:00:00 at 59.52KiB/s
[info] Writing video subtitles to: Mandarin Chinese Talks/How to learn any langu
age in six months ｜ Chris Lonsdale ｜ TEDxLingnanUniversity.zh-CN.vtt
WARNING: The extractor specified to use impersonation for this download, but no
impersonate target is available. If you encounter errors, then see  https://gith
ub.com/yt-dlp/yt-dlp#impersonation  for information on installing the required d
ependencies
[download] Destination: Mandarin Chinese Talks/How to learn any language in six
months ｜ Chris Lonsdale ｜ TEDxLingnanUniversity.zh-CN.vtt
[download]    7.00KiB at    4.31MiB/s (00:00:00)
[download]   15.00KiB at    1.10MiB/s (00:00:00)
[download]   24.32KiB at  335.97KiB/s (00:00:00)
[download] 100% of   24.32KiB in 00:00:00 at 43.54KiB/s
[info] Writing video subtitles to: Mandarin Chinese Talks/How to learn any langu
age in six months ｜ Chris Lonsdale ｜ TEDxLingnanUniversity.zh-Hans.vtt
WARNING: The extractor specified to use impersonation for this download, but no
impersonate target is available. If you encounter errors, then see  https://gith
ub.com/yt-dlp/yt-dlp#impersonation  for information on installing the required d
ependencies
[download] Destination: Mandarin Chinese Talks/How to learn any language in six
months ｜ Chris Lonsdale ｜ TEDxLingnanUniversity.zh-Hans.vtt
[download]    7.00KiB at    5.13MiB/s (00:00:00)
[download]   15.00KiB at    1.50MiB/s (00:00:00)
[download]   24.25KiB at  546.75KiB/s (00:00:00)
[download] 100% of   24.25KiB in 00:00:00 at 49.90KiB/s
[info] Writing video subtitles to: Mandarin Chinese Talks/How to learn any langu
age in six months ｜ Chris Lonsdale ｜ TEDxLingnanUniversity.zh-TW.vtt
WARNING: The extractor specified to use impersonation for this download, but no
impersonate target is available. If you encounter errors, then see  https://gith
ub.com/yt-dlp/yt-dlp#impersonation  for information on installing the required d
ependencies
[download] Destination: Mandarin Chinese Talks/How to learn any language in six
months ｜ Chris Lonsdale ｜ TEDxLingnanUniversity.zh-TW.vtt
[download]    7.00KiB at    6.02MiB/s (00:00:00)
[download]   15.00KiB at    8.50MiB/s (00:00:00)
[download]   22.29KiB at  446.20KiB/s (00:00:00)
[download] 100% of   22.29KiB in 00:00:00 at 43.15KiB/s
[SubtitlesConvertor] Converting subtitles
Deleting original file Mandarin Chinese Talks/How to learn any language in six m
onths ｜ Chris Lonsdale ｜ TEDxLingnanUniversity.zh-Hans.vtt (pass -k to keep)
Deleting original file Mandarin Chinese Talks/How to learn any language in six m
onths ｜ Chris Lonsdale ｜ TEDxLingnanUniversity.en.vtt (pass -k to keep)
Deleting original file Mandarin Chinese Talks/How to learn any language in six m
onths ｜ Chris Lonsdale ｜ TEDxLingnanUniversity.zh-CN.vtt (pass -k to keep)
Deleting original file Mandarin Chinese Talks/How to learn any language in six m
onths ｜ Chris Lonsdale ｜ TEDxLingnanUniversity.zh-TW.vtt (pass -k to keep)
[download] Destination: Mandarin Chinese Talks/How to learn any language in six
months ｜ Chris Lonsdale ｜ TEDxLingnanUniversity.mp4
[download]   0.0% of   28.78MiB at  Unknown B/s ETA Unknown
[download]   0.0% of   28.78MiB at    2.32MiB/s ETA 00:12
[download]   0.1% of   28.78MiB at  504.98KiB/s ETA 00:58
[download]   0.1% of   28.78MiB at   99.25KiB/s ETA 04:56
[download]   0.2% of   28.78MiB at  103.41KiB/s ETA 04:44
[download]   0.4% of   28.78MiB at  132.92KiB/s ETA 03:40
[download]   0.9% of   28.78MiB at  138.84KiB/s ETA 03:30
[download]   1.4% of   28.78MiB at  158.43KiB/s ETA 03:03
[download]   2.1% of   28.78MiB at  170.98KiB/s ETA 02:48
[download]   2.8% of   28.78MiB at  180.97KiB/s ETA 02:38
[download]   3.5% of   28.78MiB at  172.80KiB/s ETA 02:44
[download]   4.0% of   28.78MiB at  176.91KiB/s ETA 02:39
[download]   4.7% of   28.78MiB at  182.10KiB/s ETA 02:34
[download]   5.5% of   28.78MiB at  188.65KiB/s ETA 02:27
[download]   6.3% of   28.78MiB at  196.94KiB/s ETA 02:20
[download]   7.2% of   28.78MiB at  207.81KiB/s ETA 02:11
[download]   8.4% of   28.78MiB at  222.18KiB/s ETA 02:01
[download]   9.7% of   28.78MiB at  231.10KiB/s ETA 01:55
[download]  10.8% of   28.78MiB at  239.75KiB/s ETA 01:49
[download]  12.0% of   28.78MiB at  249.77KiB/s ETA 01:43
[download]  13.3% of   28.78MiB at  262.81KiB/s ETA 01:37
[download]  15.0% of   28.78MiB at  282.19KiB/s ETA 01:28
[download]  17.3% of   28.78MiB at  310.03KiB/s ETA 01:18
[download]  20.3% of   28.78MiB at  343.98KiB/s ETA 01:08
[download]  23.5% of   28.78MiB at  378.84KiB/s ETA 00:59
[download]  27.1% of   28.78MiB at  418.17KiB/s ETA 00:51
[download]  31.3% of   28.78MiB at  458.35KiB/s ETA 00:44
[download]  34.1% of   28.78MiB at  484.60KiB/s ETA 00:40
[download]  34.1% of   28.78MiB at  344.90KiB/s ETA 00:56
[download]  34.1% of   28.78MiB at    1.56MiB/s ETA 00:12
[download]  34.1% of   28.78MiB at   51.55KiB/s ETA 06:16
[download]  34.2% of   28.78MiB at   87.62KiB/s ETA 03:41
[download]  34.3% of   28.78MiB at   92.99KiB/s ETA 03:28
[download]  34.5% of   28.78MiB at  117.40KiB/s ETA 02:44
[download]  34.9% of   28.78MiB at  125.77KiB/s ETA 02:32
[download]  35.4% of   28.78MiB at  133.83KiB/s ETA 02:22
[download]  35.9% of   28.78MiB at  144.19KiB/s ETA 02:11
[download]  36.5% of   28.78MiB at  157.32KiB/s ETA 01:58
[download]  37.3% of   28.78MiB at  150.37KiB/s ETA 02:02
[download]  37.7% of   28.78MiB at  156.46KiB/s ETA 01:57
[download]  38.5% of   28.78MiB at  162.51KiB/s ETA 01:51
[download]  39.1% of   28.78MiB at  167.40KiB/s ETA 01:47
[download]  39.8% of   28.78MiB at  171.68KiB/s ETA 01:43
[download]  40.6% of   28.78MiB at  177.27KiB/s ETA 01:38
[download]  41.4% of   28.78MiB at  181.41KiB/s ETA 01:35
[download]  42.1% of   28.78MiB at  185.66KiB/s ETA 01:31
[download]  42.9% of   28.78MiB at  192.39KiB/s ETA 01:27
[download]  44.0% of   28.78MiB at  203.73KiB/s ETA 01:21
[download]  45.4% of   28.78MiB at  220.75KiB/s ETA 01:12
[download]  47.2% of   28.78MiB at  238.66KiB/s ETA 01:05
[download]  48.8% of   28.78MiB at  257.10KiB/s ETA 00:58
[download]  51.0% of   28.78MiB at  277.17KiB/s ETA 00:52
[download]  53.0% of   28.78MiB at  290.49KiB/s ETA 00:47
[download]  54.7% of   28.78MiB at  307.04KiB/s ETA 00:43
[download]  57.6% of   28.78MiB at  336.59KiB/s ETA 00:37
[download]  61.2% of   28.78MiB at  376.19KiB/s ETA 00:30
[download]  66.4% of   28.78MiB at  424.76KiB/s ETA 00:23
[download]  68.0% of   28.78MiB at  441.03KiB/s ETA 00:21
[download]  68.0% of   28.78MiB at  Unknown B/s ETA Unknown
[download]  68.0% of   28.78MiB at   30.91KiB/s ETA 05:04
[download]  68.1% of   28.78MiB at   65.95KiB/s ETA 02:22
[download]  68.1% of   28.78MiB at  118.27KiB/s ETA 01:19
[download]  68.2% of   28.78MiB at  128.53KiB/s ETA 01:12
[download]  68.4% of   28.78MiB at  165.85KiB/s ETA 00:56
[download]  68.9% of   28.78MiB at  221.36KiB/s ETA 00:41
[download]  69.8% of   28.78MiB at  314.85KiB/s ETA 00:28
[download]  71.5% of   28.78MiB at  479.46KiB/s ETA 00:17
[download]  74.9% of   28.78MiB at  755.07KiB/s ETA 00:09
[download]  81.1% of   28.78MiB at    1.18MiB/s ETA 00:04
[download]  93.3% of   28.78MiB at    1.79MiB/s ETA 00:01
[download] 100.0% of   28.78MiB at    2.24MiB/s ETA 00:00
[download] 100% of   28.78MiB in 00:00:50 at 585.77KiB/s
[ExtractAudio] Destination: Mandarin Chinese Talks/How to learn any language in
six months ｜ Chris Lonsdale ｜ TEDxLingnanUniversity.wav
Deleting original file Mandarin Chinese Talks/How to learn any language in six m
onths ｜ Chris Lonsdale ｜ TEDxLingnanUniversity.mp4 (pass -k to keep)
[download] Downloading item 3 of 10
[youtube] Extracting URL: https://www.youtube.com/watch?v=snZ811wvjjw
[youtube] snZ811wvjjw: Downloading webpage
[youtube] snZ811wvjjw: Downloading android player API JSON
[youtube] snZ811wvjjw: Downloading web client config
[youtube] snZ811wvjjw: Downloading web player API JSON
WARNING: [youtube] snZ811wvjjw: Some android client https formats have been skip
ped as they are missing a URL. YouTube may have enabled the SABR-only streaming
experiment for the current session. See  https://github.com/yt-dlp/yt-dlp/issues
/12482  for more details
[info] snZ811wvjjw: Downloading subtitles: zh-TW
[info] snZ811wvjjw: Downloading 1 format(s): 18
[info] Writing video subtitles to: Mandarin Chinese Talks/如何不讓人生留下遺憾？ ｜ Breaking
 the power of guilt ｜ 陳永儀 May Chen ｜ TEDxTaipei.zh-TW.vtt
WARNING: The extractor specified to use impersonation for this download, but no
impersonate target is available. If you encounter errors, then see  https://gith
ub.com/yt-dlp/yt-dlp#impersonation  for information on installing the required d
ependencies
[download] Destination: Mandarin Chinese Talks/如何不讓人生留下遺憾？ ｜ Breaking the power
of guilt ｜ 陳永儀 May Chen ｜ TEDxTaipei.zh-TW.vtt
[download]    7.00KiB at    4.68MiB/s (00:00:00)
[download]   15.00KiB at    4.24MiB/s (00:00:00)
[download]   17.31KiB at  469.95KiB/s (00:00:00)
[download] 100% of   17.31KiB in 00:00:00 at 40.39KiB/s
[SubtitlesConvertor] Converting subtitles
Deleting original file Mandarin Chinese Talks/如何不讓人生留下遺憾？ ｜ Breaking the power o
f guilt ｜ 陳永儀 May Chen ｜ TEDxTaipei.zh-TW.vtt (pass -k to keep)
[download] Destination: Mandarin Chinese Talks/如何不讓人生留下遺憾？ ｜ Breaking the power
of guilt ｜ 陳永儀 May Chen ｜ TEDxTaipei.mp4
[download]   0.0% of   42.81MiB at    4.64MiB/s ETA 00:09
[download]   0.0% of   42.81MiB at    7.68MiB/s ETA 00:05
[download]   0.1% of   42.81MiB at    1.80MiB/s ETA 00:23
[download]   0.1% of   42.81MiB at    3.05MiB/s ETA 00:14
[download]   0.3% of   42.81MiB at    3.36MiB/s ETA 00:12
[download]   0.6% of   42.81MiB at    3.22MiB/s ETA 00:13
[download]   1.2% of   42.81MiB at    1.31MiB/s ETA 00:32
[download]   2.3% of   42.81MiB at    2.04MiB/s ETA 00:20
[download]   4.7% of   42.81MiB at    3.14MiB/s ETA 00:13
[download]   9.3% of   42.81MiB at    4.36MiB/s ETA 00:08
[download]  18.7% of   42.81MiB at    5.20MiB/s ETA 00:06
[download]  23.1% of   42.81MiB at    5.14MiB/s ETA 00:06
[download]  23.2% of   42.81MiB at  334.77KiB/s ETA 01:40
[download]  23.2% of   42.81MiB at    1.86MiB/s ETA 00:17
[download]  23.2% of   42.81MiB at    1.48MiB/s ETA 00:22
[download]  23.2% of   42.81MiB at    2.32MiB/s ETA 00:14
[download]  23.3% of   42.81MiB at    1.38MiB/s ETA 00:23
[download]  23.4% of   42.81MiB at    1.87MiB/s ETA 00:17
[download]  23.7% of   42.81MiB at    3.19MiB/s ETA 00:10
[download]  24.3% of   42.81MiB at    4.45MiB/s ETA 00:07
[download]  25.5% of   42.81MiB at    5.06MiB/s ETA 00:06
[download]  27.8% of   42.81MiB at    5.93MiB/s ETA 00:05
[download]  32.5% of   42.81MiB at    4.91MiB/s ETA 00:05
[download]  41.8% of   42.81MiB at    5.29MiB/s ETA 00:04
[download]  45.4% of   42.81MiB at    5.46MiB/s ETA 00:04
[download]  45.4% of   42.81MiB at  344.47KiB/s ETA 01:10
[download]  45.4% of   42.81MiB at  803.40KiB/s ETA 00:29
[download]  45.4% of   42.81MiB at   25.61KiB/s ETA 15:35
[download]  45.4% of   42.81MiB at   54.74KiB/s ETA 07:17
[download]  45.4% of   42.81MiB at   90.30KiB/s ETA 04:24
[download]  45.5% of   42.81MiB at  113.44KiB/s ETA 03:30
[download]  45.6% of   42.81MiB at  150.86KiB/s ETA 02:37
[download]  45.9% of   42.81MiB at  221.85KiB/s ETA 01:46
[download]  46.5% of   42.81MiB at  351.15KiB/s ETA 01:06
[download]  47.7% of   42.81MiB at  586.33KiB/s ETA 00:39
[download]  50.0% of   42.81MiB at  987.72KiB/s ETA 00:22
[download]  54.7% of   42.81MiB at    1.62MiB/s ETA 00:11
[download]  64.0% of   42.81MiB at    2.24MiB/s ETA 00:06
[download]  68.1% of   42.81MiB at    2.71MiB/s ETA 00:05
[download]  68.1% of   42.81MiB at  Unknown B/s ETA Unknown
[download]  68.1% of   42.81MiB at  279.83KiB/s ETA 00:49
[download]  68.1% of   42.81MiB at  266.12KiB/s ETA 00:52
[download]  68.2% of   42.81MiB at   83.40KiB/s ETA 02:47
[download]  68.2% of   42.81MiB at  102.96KiB/s ETA 02:15
[download]  68.4% of   42.81MiB at  148.42KiB/s ETA 01:33
[download]  68.7% of   42.81MiB at  224.50KiB/s ETA 01:01
[download]  69.3% of   42.81MiB at  353.43KiB/s ETA 00:38
[download]  70.4% of   42.81MiB at  575.64KiB/s ETA 00:22
[download]  72.8% of   42.81MiB at  978.52KiB/s ETA 00:12
[download]  77.4% of   42.81MiB at    1.58MiB/s ETA 00:06
[download]  86.8% of   42.81MiB at    2.32MiB/s ETA 00:02
[download]  91.4% of   42.81MiB at    2.86MiB/s ETA 00:01
[download]  91.4% of   42.81MiB at  Unknown B/s ETA Unknown
[download]  91.5% of   42.81MiB at    6.43MiB/s ETA 00:00
[download]  91.5% of   42.81MiB at    2.24MiB/s ETA 00:01
[download]  91.5% of   42.81MiB at    3.24MiB/s ETA 00:01
[download]  91.6% of   42.81MiB at    4.16MiB/s ETA 00:00
[download]  91.7% of   42.81MiB at    6.22MiB/s ETA 00:00
[download]  92.0% of   42.81MiB at    3.23MiB/s ETA 00:01
[download]  92.6% of   42.81MiB at    5.29MiB/s ETA 00:00
[download]  93.8% of   42.81MiB at    5.71MiB/s ETA 00:00
[download]  96.1% of   42.81MiB at    6.54MiB/s ETA 00:00
[download] 100.0% of   42.81MiB at    7.49MiB/s ETA 00:00
[download] 100% of   42.81MiB in 00:00:16 at 2.66MiB/s
[ExtractAudio] Destination: Mandarin Chinese Talks/如何不讓人生留下遺憾？ ｜ Breaking the po
wer of guilt ｜ 陳永儀 May Chen ｜ TEDxTaipei.wav
Deleting original file Mandarin Chinese Talks/如何不讓人生留下遺憾？ ｜ Breaking the power o
f guilt ｜ 陳永儀 May Chen ｜ TEDxTaipei.mp4 (pass -k to keep)
[download] Downloading item 4 of 10
[youtube] Extracting URL: https://www.youtube.com/watch?v=t7ZI9c6Ze7E
[youtube] t7ZI9c6Ze7E: Downloading webpage
[youtube] t7ZI9c6Ze7E: Downloading android player API JSON
[youtube] t7ZI9c6Ze7E: Downloading web client config
[youtube] t7ZI9c6Ze7E: Downloading web player API JSON
WARNING: [youtube] t7ZI9c6Ze7E: Some android client https formats have been skip
ped as they are missing a URL. YouTube may have enabled the SABR-only streaming
experiment for the current session. See  https://github.com/yt-dlp/yt-dlp/issues
/12482  for more details
[info] t7ZI9c6Ze7E: Downloading subtitles: zh-TW
[info] t7ZI9c6Ze7E: Downloading 1 format(s): 18
[info] Writing video subtitles to: Mandarin Chinese Talks/Don't Work Too Hard 不要
太努力 ｜ 之喬 曾 ｜ TEDxTaipeiFuhsingPrivateSchool.zh-TW.vtt
WARNING: The extractor specified to use impersonation for this download, but no
impersonate target is available. If you encounter errors, then see  https://gith
ub.com/yt-dlp/yt-dlp#impersonation  for information on installing the required d
ependencies
[download] Destination: Mandarin Chinese Talks/Don't Work Too Hard 不要太努力 ｜ 之喬 曾
｜ TEDxTaipeiFuhsingPrivateSchool.zh-TW.vtt
[download]    7.00KiB at    3.36MiB/s (00:00:00)
[download]   15.00KiB at    5.00MiB/s (00:00:00)
[download]   25.48KiB at  581.61KiB/s (00:00:00)
[download] 100% of   25.48KiB in 00:00:00 at 52.49KiB/s
[SubtitlesConvertor] Converting subtitles
Deleting original file Mandarin Chinese Talks/Don't Work Too Hard 不要太努力 ｜ 之喬 曾 ｜
 TEDxTaipeiFuhsingPrivateSchool.zh-TW.vtt (pass -k to keep)
[download] Destination: Mandarin Chinese Talks/Don't Work Too Hard 不要太努力 ｜ 之喬 曾
｜ TEDxTaipeiFuhsingPrivateSchool.mp4
[download]   0.0% of   51.40MiB at    3.67MiB/s ETA 00:14
[download]   0.0% of   51.40MiB at  622.72KiB/s ETA 01:24
[download]   0.1% of   51.40MiB at  212.84KiB/s ETA 04:07
[download]   0.1% of   51.40MiB at  242.94KiB/s ETA 03:36
[download]   0.2% of   51.40MiB at  323.70KiB/s ETA 02:42
[download]   0.5% of   51.40MiB at  449.46KiB/s ETA 01:56
[download]   1.0% of   51.40MiB at  695.51KiB/s ETA 01:14
[download]   1.9% of   51.40MiB at    1.14MiB/s ETA 00:44
[download]   3.9% of   51.40MiB at    1.87MiB/s ETA 00:26
[download]   7.8% of   51.40MiB at    2.60MiB/s ETA 00:18
[download]  15.6% of   51.40MiB at    3.09MiB/s ETA 00:14
[download]  18.9% of   51.40MiB at    3.48MiB/s ETA 00:11
[download]  18.9% of   51.40MiB at  Unknown B/s ETA Unknown
[download]  18.9% of   51.40MiB at    3.33MiB/s ETA 00:12
[download]  18.9% of   51.40MiB at   52.40KiB/s ETA 13:34
[download]  19.0% of   51.40MiB at  101.75KiB/s ETA 06:59
[download]  19.0% of   51.40MiB at  100.26KiB/s ETA 07:05
[download]  19.1% of   51.40MiB at  133.07KiB/s ETA 05:19
[download]  19.4% of   51.40MiB at  159.75KiB/s ETA 04:25
[download]  19.8% of   51.40MiB at  183.47KiB/s ETA 03:50
[download]  20.2% of   51.40MiB at  197.79KiB/s ETA 03:32
[download]  20.6% of   51.40MiB at  213.67KiB/s ETA 03:15
[download]  21.2% of   51.40MiB at  210.07KiB/s ETA 03:17
[download]  21.5% of   51.40MiB at  218.17KiB/s ETA 03:09
[download]  22.1% of   51.40MiB at  224.14KiB/s ETA 03:02
[download]  22.6% of   51.40MiB at  231.28KiB/s ETA 02:56
[download]  23.1% of   51.40MiB at  241.00KiB/s ETA 02:47
[download]  23.8% of   51.40MiB at  250.27KiB/s ETA 02:40
[download]  24.4% of   51.40MiB at  252.00KiB/s ETA 02:37
[download]  24.9% of   51.40MiB at  259.02KiB/s ETA 02:32
[download]  25.6% of   51.40MiB at  267.12KiB/s ETA 02:26
[download]  26.3% of   51.40MiB at  274.84KiB/s ETA 02:21
[download]  27.0% of   51.40MiB at  283.76KiB/s ETA 02:15
[download]  27.8% of   51.40MiB at  296.57KiB/s ETA 02:08
[download]  28.9% of   51.40MiB at  316.44KiB/s ETA 01:58
[download]  30.3% of   51.40MiB at  338.12KiB/s ETA 01:48
[download]  31.5% of   51.40MiB at  358.69KiB/s ETA 01:40
[download]  33.1% of   51.40MiB at  383.78KiB/s ETA 01:31
[download]  34.8% of   51.40MiB at  408.38KiB/s ETA 01:24
[download]  36.5% of   51.40MiB at  435.36KiB/s ETA 01:16
[download]  37.5% of   51.40MiB at  453.58KiB/s ETA 01:12
[download]  37.5% of   51.40MiB at  Unknown B/s ETA Unknown
[download]  37.5% of   51.40MiB at  232.67KiB/s ETA 02:21
[download]  37.6% of   51.40MiB at   44.76KiB/s ETA 12:14
[download]  37.6% of   51.40MiB at   89.17KiB/s ETA 06:08
[download]  37.6% of   51.40MiB at  154.49KiB/s ETA 03:32
[download]  37.7% of   51.40MiB at  179.85KiB/s ETA 03:02
[download]  37.8% of   51.40MiB at  246.44KiB/s ETA 02:12
[download]  38.0% of   51.40MiB at  357.16KiB/s ETA 01:31
[download]  38.5% of   51.40MiB at  553.62KiB/s ETA 00:58
[download]  39.5% of   51.40MiB at  874.35KiB/s ETA 00:36
[download]  41.4% of   51.40MiB at    1.36MiB/s ETA 00:22
[download]  45.3% of   51.40MiB at    2.19MiB/s ETA 00:12
[download]  53.1% of   51.40MiB at    3.20MiB/s ETA 00:07
[download]  56.3% of   51.40MiB at    3.66MiB/s ETA 00:06
[download]  56.3% of   51.40MiB at  Unknown B/s ETA Unknown
[download]  56.3% of   51.40MiB at  473.62KiB/s ETA 00:48
[download]  56.3% of   51.40MiB at  521.41KiB/s ETA 00:44
[download]  56.4% of   51.40MiB at  138.94KiB/s ETA 02:45
[download]  56.4% of   51.40MiB at  147.87KiB/s ETA 02:35
[download]  56.6% of   51.40MiB at  190.84KiB/s ETA 01:59
[download]  56.8% of   51.40MiB at  267.94KiB/s ETA 01:24
[download]  57.3% of   51.40MiB at  404.18KiB/s ETA 00:55
[download]  58.3% of   51.40MiB at  620.16KiB/s ETA 00:35
[download]  60.2% of   51.40MiB at 1021.90KiB/s ETA 00:20
[download]  64.1% of   51.40MiB at    1.67MiB/s ETA 00:11
[download]  71.9% of   51.40MiB at    2.56MiB/s ETA 00:05
[download]  75.0% of   51.40MiB at    2.76MiB/s ETA 00:04
[download]  75.0% of   51.40MiB at  Unknown B/s ETA Unknown
[download]  75.0% of   51.40MiB at  517.48KiB/s ETA 00:25
[download]  75.0% of   51.40MiB at   79.68KiB/s ETA 02:45
[download]  75.0% of   51.40MiB at  153.38KiB/s ETA 01:25
[download]  75.1% of   51.40MiB at  162.22KiB/s ETA 01:20
[download]  75.2% of   51.40MiB at  218.83KiB/s ETA 00:59
[download]  75.5% of   51.40MiB at  309.65KiB/s ETA 00:41
[download]  75.9% of   51.40MiB at  453.28KiB/s ETA 00:27
[download]  76.9% of   51.40MiB at  671.69KiB/s ETA 00:18
[download]  78.9% of   51.40MiB at    1.07MiB/s ETA 00:10
[download]  82.8% of   51.40MiB at    1.78MiB/s ETA 00:04
[download]  90.5% of   51.40MiB at    2.53MiB/s ETA 00:01
[download]  93.7% of   51.40MiB at    2.88MiB/s ETA 00:01
[download]  93.7% of   51.40MiB at  334.18KiB/s ETA 00:09
[download]  93.7% of   51.40MiB at    1.52MiB/s ETA 00:02
[download]  93.8% of   51.40MiB at    2.35MiB/s ETA 00:01
[download]  93.8% of   51.40MiB at    3.73MiB/s ETA 00:00
[download]  94.0% of   51.40MiB at    2.34MiB/s ETA 00:01
[download]  94.2% of   51.40MiB at    3.74MiB/s ETA 00:00
[download]  94.7% of   51.40MiB at    3.49MiB/s ETA 00:00
[download]  95.7% of   51.40MiB at    4.47MiB/s ETA 00:00
[download]  97.6% of   51.40MiB at    5.02MiB/s ETA 00:00
[download] 100.0% of   51.40MiB at    5.45MiB/s ETA 00:00
[download] 100% of   51.40MiB in 00:00:41 at 1.24MiB/s
[ExtractAudio] Destination: Mandarin Chinese Talks/Don't Work Too Hard 不要太努力 ｜ 之
喬 曾 ｜ TEDxTaipeiFuhsingPrivateSchool.wav
Deleting original file Mandarin Chinese Talks/Don't Work Too Hard 不要太努力 ｜ 之喬 曾 ｜
 TEDxTaipeiFuhsingPrivateSchool.mp4 (pass -k to keep)
[download] Downloading item 5 of 10
[youtube] Extracting URL: https://www.youtube.com/watch?v=U0EySK4T2aY
[youtube] U0EySK4T2aY: Downloading webpage
[youtube] U0EySK4T2aY: Downloading android player API JSON
[youtube] U0EySK4T2aY: Downloading web client config
[youtube] U0EySK4T2aY: Downloading web player API JSON
WARNING: [youtube] U0EySK4T2aY: Some android client https formats have been skip
ped as they are missing a URL. YouTube may have enabled the SABR-only streaming
experiment for the current session. See  https://github.com/yt-dlp/yt-dlp/issues
/12482  for more details
[info] U0EySK4T2aY: Downloading subtitles: en, zh-CN, zh-TW
[info] U0EySK4T2aY: Downloading 1 format(s): 18
[info] Writing video subtitles to: Mandarin Chinese Talks/The secret behind how
Chinese characters work - Gina Marie Elia.en.vtt
WARNING: The extractor specified to use impersonation for this download, but no
impersonate target is available. If you encounter errors, then see  https://gith
ub.com/yt-dlp/yt-dlp#impersonation  for information on installing the required d
ependencies
[download] Destination: Mandarin Chinese Talks/The secret behind how Chinese cha
racters work - Gina Marie Elia.en.vtt
[download]    3.00KiB at    2.14MiB/s (00:00:00)
[download]    6.76KiB at    2.16MiB/s (00:00:00)
[download] 100% of    6.76KiB in 00:00:00 at 16.01KiB/s
[info] Writing video subtitles to: Mandarin Chinese Talks/The secret behind how
Chinese characters work - Gina Marie Elia.zh-CN.vtt
WARNING: The extractor specified to use impersonation for this download, but no
impersonate target is available. If you encounter errors, then see  https://gith
ub.com/yt-dlp/yt-dlp#impersonation  for information on installing the required d
ependencies
[download] Destination: Mandarin Chinese Talks/The secret behind how Chinese cha
racters work - Gina Marie Elia.zh-CN.vtt
[download]    6.19KiB at    2.75MiB/s (00:00:00)
[download] 100% of    6.19KiB in 00:00:00 at 14.31KiB/s
[info] Writing video subtitles to: Mandarin Chinese Talks/The secret behind how
Chinese characters work - Gina Marie Elia.zh-TW.vtt
WARNING: The extractor specified to use impersonation for this download, but no
impersonate target is available. If you encounter errors, then see  https://gith
ub.com/yt-dlp/yt-dlp#impersonation  for information on installing the required d
ependencies
[download] Destination: Mandarin Chinese Talks/The secret behind how Chinese cha
racters work - Gina Marie Elia.zh-TW.vtt
[download]    3.00KiB at    2.07MiB/s (00:00:00)
[download]    6.14KiB at  128.79KiB/s (00:00:00)
[download] 100% of    6.14KiB in 00:00:00 at 14.72KiB/s
[SubtitlesConvertor] Converting subtitles
Deleting original file Mandarin Chinese Talks/The secret behind how Chinese char
acters work - Gina Marie Elia.zh-TW.vtt (pass -k to keep)
Deleting original file Mandarin Chinese Talks/The secret behind how Chinese char
acters work - Gina Marie Elia.en.vtt (pass -k to keep)
Deleting original file Mandarin Chinese Talks/The secret behind how Chinese char
acters work - Gina Marie Elia.zh-CN.vtt (pass -k to keep)
[download] Destination: Mandarin Chinese Talks/The secret behind how Chinese cha
racters work - Gina Marie Elia.mp4
[download]   0.0% of    6.85MiB at  Unknown B/s ETA Unknown
[download]   0.1% of    6.85MiB at    1.07MiB/s ETA 00:06
[download]   0.2% of    6.85MiB at    2.01MiB/s ETA 00:03
[download]   0.4% of    6.85MiB at    2.28MiB/s ETA 00:02
[download]   0.9% of    6.85MiB at    3.15MiB/s ETA 00:02
[download]   1.8% of    6.85MiB at    2.62MiB/s ETA 00:02
[download]   3.6% of    6.85MiB at    3.10MiB/s ETA 00:02
[download]   7.3% of    6.85MiB at    3.20MiB/s ETA 00:01
[download]  14.6% of    6.85MiB at    4.08MiB/s ETA 00:01
[download]  29.2% of    6.85MiB at    4.83MiB/s ETA 00:01
[download]  58.4% of    6.85MiB at    4.07MiB/s ETA 00:00
[download] 100.0% of    6.85MiB at    5.09MiB/s ETA 00:00
[download] 100% of    6.85MiB in 00:00:02 at 3.02MiB/s
[ExtractAudio] Destination: Mandarin Chinese Talks/The secret behind how Chinese
 characters work - Gina Marie Elia.wav
Deleting original file Mandarin Chinese Talks/The secret behind how Chinese char
acters work - Gina Marie Elia.mp4 (pass -k to keep)
[download] Downloading item 6 of 10
[youtube] Extracting URL: https://www.youtube.com/watch?v=19wZLVQACZk
[youtube] 19wZLVQACZk: Downloading webpage
[youtube] 19wZLVQACZk: Downloading android player API JSON
[youtube] 19wZLVQACZk: Downloading web client config
[youtube] 19wZLVQACZk: Downloading web player API JSON
WARNING: [youtube] 19wZLVQACZk: Some android client https formats have been skip
ped as they are missing a URL. YouTube may have enabled the SABR-only streaming
experiment for the current session. See  https://github.com/yt-dlp/yt-dlp/issues
/12482  for more details
[info] 19wZLVQACZk: Downloading 1 format(s): 18
[info] There are no subtitles for the requested languages
[SubtitlesConvertor] There aren't any subtitles to convert
[download] Destination: Mandarin Chinese Talks/Chinese is easy ｜ Mikhail Gedekha
uri ｜ TEDxIBEuropeanSchool.mp4
[download]   0.0% of   23.41MiB at    3.87MiB/s ETA 00:06
[download]   0.1% of   23.41MiB at   49.55KiB/s ETA 08:03
[download]   0.1% of   23.41MiB at   80.07KiB/s ETA 04:59
[download]   0.3% of   23.41MiB at  102.00KiB/s ETA 03:54
[download]   0.5% of   23.41MiB at  151.65KiB/s ETA 02:37
[download]   1.1% of   23.41MiB at  221.72KiB/s ETA 01:46
[download]   2.1% of   23.41MiB at  356.38KiB/s ETA 01:05
[download]   4.3% of   23.41MiB at  586.54KiB/s ETA 00:39
[download]   8.5% of   23.41MiB at  946.07KiB/s ETA 00:23
[download]  17.1% of   23.41MiB at    1.35MiB/s ETA 00:14
[download]  27.7% of   23.41MiB at    1.58MiB/s ETA 00:10
[download]  37.1% of   23.41MiB at    1.58MiB/s ETA 00:09
[download]  42.3% of   23.41MiB at    1.71MiB/s ETA 00:07
[download]  42.4% of   23.41MiB at  383.39KiB/s ETA 00:36
[download]  42.4% of   23.41MiB at    1.92MiB/s ETA 00:07
[download]  42.4% of   23.41MiB at  269.87KiB/s ETA 00:51
[download]  42.5% of   23.41MiB at   95.51KiB/s ETA 02:24
[download]  42.6% of   23.41MiB at  106.46KiB/s ETA 02:09
[download]  42.9% of   23.41MiB at  150.43KiB/s ETA 01:31
[download]  43.4% of   23.41MiB at  193.47KiB/s ETA 01:10
[download]  44.5% of   23.41MiB at  273.29KiB/s ETA 00:48
[download]  46.4% of   23.41MiB at  444.37KiB/s ETA 00:28
[download]  50.3% of   23.41MiB at  680.94KiB/s ETA 00:17
[download]  56.7% of   23.41MiB at    1.08MiB/s ETA 00:09
[download]  69.6% of   23.41MiB at    1.37MiB/s ETA 00:05
[download]  78.0% of   23.41MiB at    1.59MiB/s ETA 00:03
[download]  84.3% of   23.41MiB at    1.73MiB/s ETA 00:02
[download]  84.3% of   23.41MiB at  Unknown B/s ETA Unknown
[download]  84.3% of   23.41MiB at  109.27KiB/s ETA 00:34
[download]  84.3% of   23.41MiB at  246.15KiB/s ETA 00:15
[download]  84.4% of   23.41MiB at   56.19KiB/s ETA 01:06
[download]  84.4% of   23.41MiB at   96.45KiB/s ETA 00:38
[download]  84.6% of   23.41MiB at  114.76KiB/s ETA 00:32
[download]  84.8% of   23.41MiB at  156.31KiB/s ETA 00:23
[download]  85.4% of   23.41MiB at  232.03KiB/s ETA 00:15
[download]  86.4% of   23.41MiB at  365.49KiB/s ETA 00:08
[download]  88.6% of   23.41MiB at  605.05KiB/s ETA 00:04
[download]  92.9% of   23.41MiB at    1.01MiB/s ETA 00:01
[download] 100.0% of   23.41MiB at    1.60MiB/s ETA 00:00
[download] 100% of   23.41MiB in 00:00:20 at 1.17MiB/s
[ExtractAudio] Destination: Mandarin Chinese Talks/Chinese is easy ｜ Mikhail Ged
ekhauri ｜ TEDxIBEuropeanSchool.wav
Deleting original file Mandarin Chinese Talks/Chinese is easy ｜ Mikhail Gedekhau
ri ｜ TEDxIBEuropeanSchool.mp4 (pass -k to keep)
[download] Downloading item 7 of 10
[youtube] Extracting URL: https://www.youtube.com/watch?v=qR72RnEwl0M
[youtube] qR72RnEwl0M: Downloading webpage
[youtube] qR72RnEwl0M: Downloading android player API JSON
[youtube] qR72RnEwl0M: Downloading web client config
[youtube] qR72RnEwl0M: Downloading web player API JSON
WARNING: [youtube] qR72RnEwl0M: Some android client https formats have been skip
ped as they are missing a URL. YouTube may have enabled the SABR-only streaming
experiment for the current session. See  https://github.com/yt-dlp/yt-dlp/issues
/12482  for more details
[info] qR72RnEwl0M: Downloading 1 format(s): 18
[info] There are no subtitles for the requested languages
[SubtitlesConvertor] There aren't any subtitles to convert
[download] Destination: Mandarin Chinese Talks/Learn to read Chinese ... with ea
se! - ShaoLan.mp4
[download]   0.0% of   13.41MiB at  662.12KiB/s ETA 00:20
[download]   0.1% of   13.41MiB at   25.36KiB/s ETA 09:01
[download]   0.1% of   13.41MiB at   54.09KiB/s ETA 04:13
[download]   0.2% of   13.41MiB at   90.69KiB/s ETA 02:31
[download]   0.5% of   13.41MiB at  108.73KiB/s ETA 02:05
[download]   0.9% of   13.41MiB at  150.86KiB/s ETA 01:30
[download]   1.9% of   13.41MiB at  230.41KiB/s ETA 00:58
[download]   3.7% of   13.41MiB at  365.84KiB/s ETA 00:36
[download]   7.4% of   13.41MiB at  602.02KiB/s ETA 00:21
[download]  14.9% of   13.41MiB at 1018.52KiB/s ETA 00:11
[download]  29.8% of   13.41MiB at    1.59MiB/s ETA 00:05
[download]  59.1% of   13.41MiB at    2.58MiB/s ETA 00:02
[download]  74.1% of   13.41MiB at    3.22MiB/s ETA 00:01
[download]  74.1% of   13.41MiB at  398.89KiB/s ETA 00:08
[download]  74.1% of   13.41MiB at  985.74KiB/s ETA 00:03
[download]  74.1% of   13.41MiB at    1.75MiB/s ETA 00:01
[download]  74.2% of   13.41MiB at    2.89MiB/s ETA 00:01
[download]  74.3% of   13.41MiB at    1.29MiB/s ETA 00:02
[download]  74.5% of   13.41MiB at    2.07MiB/s ETA 00:01
[download]  75.0% of   13.41MiB at    3.13MiB/s ETA 00:01
[download]  75.9% of   13.41MiB at    4.67MiB/s ETA 00:00
[download]  77.8% of   13.41MiB at    5.39MiB/s ETA 00:00
[download]  81.5% of   13.41MiB at    5.91MiB/s ETA 00:00
[download]  89.0% of   13.41MiB at    7.09MiB/s ETA 00:00
[download] 100.0% of   13.41MiB at    7.63MiB/s ETA 00:00
[download] 100% of   13.41MiB in 00:00:07 at 1.88MiB/s
[ExtractAudio] Destination: Mandarin Chinese Talks/Learn to read Chinese ... wit
h ease! - ShaoLan.wav
Deleting original file Mandarin Chinese Talks/Learn to read Chinese ... with eas
e! - ShaoLan.mp4 (pass -k to keep)
[download] Downloading item 8 of 10
[youtube] Extracting URL: https://www.youtube.com/watch?v=2IHd94KXUpk
[youtube] 2IHd94KXUpk: Downloading webpage
[youtube] 2IHd94KXUpk: Downloading android player API JSON
[youtube] 2IHd94KXUpk: Downloading web client config
[youtube] 2IHd94KXUpk: Downloading web player API JSON
WARNING: [youtube] 2IHd94KXUpk: Some android client https formats have been skip
ped as they are missing a URL. YouTube may have enabled the SABR-only streaming
experiment for the current session. See  https://github.com/yt-dlp/yt-dlp/issues
/12482  for more details
[info] 2IHd94KXUpk: Downloading 1 format(s): 18
[info] There are no subtitles for the requested languages
[SubtitlesConvertor] There aren't any subtitles to convert
[download] Destination: Mandarin Chinese Talks/Speaking mandarin properly when t
he network era comes ｜ Kai Lee ｜ TEDxMochouLake.mp4
[download]   0.0% of   33.60MiB at    2.28MiB/s ETA 00:14
[download]   0.0% of   33.60MiB at    3.18MiB/s ETA 00:10
[download]   0.0% of   33.60MiB at    4.81MiB/s ETA 00:06
[download]   0.1% of   33.60MiB at    4.50MiB/s ETA 00:07
[download]   0.2% of   33.60MiB at    4.72MiB/s ETA 00:07
[download]   0.4% of   33.60MiB at    5.38MiB/s ETA 00:06
[download]   0.7% of   33.60MiB at    3.87MiB/s ETA 00:08
[download]   1.5% of   33.60MiB at 1020.88KiB/s ETA 00:33
[download]   3.0% of   33.60MiB at    1.75MiB/s ETA 00:18
[download]   5.9% of   33.60MiB at    2.77MiB/s ETA 00:11
[download]  11.9% of   33.60MiB at    4.10MiB/s ETA 00:07
[download]  23.8% of   33.60MiB at    4.38MiB/s ETA 00:05
[download]  28.7% of   33.60MiB at    4.26MiB/s ETA 00:05
[download]  28.7% of   33.60MiB at  Unknown B/s ETA Unknown
[download]  28.7% of   33.60MiB at  168.43KiB/s ETA 02:25
[download]  28.8% of   33.60MiB at   48.48KiB/s ETA 08:25
[download]  28.8% of   33.60MiB at   85.24KiB/s ETA 04:47
[download]  28.9% of   33.60MiB at   94.87KiB/s ETA 04:17
[download]  29.1% of   33.60MiB at  123.47KiB/s ETA 03:17
[download]  29.5% of   33.60MiB at  147.22KiB/s ETA 02:44
[download]  30.0% of   33.60MiB at  172.63KiB/s ETA 02:19
[download]  30.6% of   33.60MiB at  222.61KiB/s ETA 01:47
[download]  32.0% of   33.60MiB at  293.63KiB/s ETA 01:19
[download]  33.6% of   33.60MiB at  378.72KiB/s ETA 01:00
[download]  36.3% of   33.60MiB at  475.10KiB/s ETA 00:46
[download]  38.8% of   33.60MiB at  593.07KiB/s ETA 00:35
[download]  43.9% of   33.60MiB at  792.93KiB/s ETA 00:24
[download]  50.8% of   33.60MiB at 1020.50KiB/s ETA 00:16
[download]  57.9% of   33.60MiB at    1.21MiB/s ETA 00:11
[download]  58.0% of   33.60MiB at  Unknown B/s ETA Unknown
[download]  58.0% of   33.60MiB at    6.58MiB/s ETA 00:02
[download]  58.0% of   33.60MiB at 1009.39KiB/s ETA 00:14
[download]  58.0% of   33.60MiB at   78.51KiB/s ETA 03:03
[download]  58.1% of   33.60MiB at   85.92KiB/s ETA 02:47
[download]  58.3% of   33.60MiB at  114.00KiB/s ETA 02:05
[download]  58.7% of   33.60MiB at  130.44KiB/s ETA 01:48
[download]  59.1% of   33.60MiB at  156.45KiB/s ETA 01:29
[download]  59.8% of   33.60MiB at  191.18KiB/s ETA 01:12
[download]  60.7% of   33.60MiB at  235.79KiB/s ETA 00:57
[download]  62.0% of   33.60MiB at  271.23KiB/s ETA 00:48
[download]  63.2% of   33.60MiB at  305.60KiB/s ETA 00:41
[download]  64.8% of   33.60MiB at  337.92KiB/s ETA 00:35
[download]  66.3% of   33.60MiB at  367.16KiB/s ETA 00:31
[download]  68.1% of   33.60MiB at  394.70KiB/s ETA 00:27
[download]  69.8% of   33.60MiB at  420.93KiB/s ETA 00:24
[download]  71.8% of   33.60MiB at  456.16KiB/s ETA 00:21
[download]  74.5% of   33.60MiB at  506.60KiB/s ETA 00:17
[download]  77.9% of   33.60MiB at  574.92KiB/s ETA 00:13
[download]  82.7% of   33.60MiB at  648.96KiB/s ETA 00:09
[download]  86.8% of   33.60MiB at  717.31KiB/s ETA 00:06
[download]  87.1% of   33.60MiB at  722.43KiB/s ETA 00:06
[download]  87.1% of   33.60MiB at  349.47KiB/s ETA 00:12
[download]  87.1% of   33.60MiB at  907.20KiB/s ETA 00:04
[download]  87.1% of   33.60MiB at  338.26KiB/s ETA 00:13
[download]  87.1% of   33.60MiB at  557.02KiB/s ETA 00:07
[download]  87.2% of   33.60MiB at  175.09KiB/s ETA 00:25
[download]  87.3% of   33.60MiB at  216.54KiB/s ETA 00:20
[download]  87.5% of   33.60MiB at  281.67KiB/s ETA 00:15
[download]  87.8% of   33.60MiB at  413.95KiB/s ETA 00:10
[download]  88.6% of   33.60MiB at  643.89KiB/s ETA 00:06
[download]  90.1% of   33.60MiB at  973.37KiB/s ETA 00:03
[download]  93.1% of   33.60MiB at    1.55MiB/s ETA 00:01
[download]  99.0% of   33.60MiB at    2.23MiB/s ETA 00:00
[download] 100.0% of   33.60MiB at    2.40MiB/s ETA 00:00
[download] 100% of   33.60MiB in 00:00:32 at 1.04MiB/s
[ExtractAudio] Destination: Mandarin Chinese Talks/Speaking mandarin properly wh
en the network era comes ｜ Kai Lee ｜ TEDxMochouLake.wav
Deleting original file Mandarin Chinese Talks/Speaking mandarin properly when th
e network era comes ｜ Kai Lee ｜ TEDxMochouLake.mp4 (pass -k to keep)
[download] Downloading item 9 of 10
[youtube] Extracting URL: https://www.youtube.com/watch?v=HTmHtOSqHTk
[youtube] HTmHtOSqHTk: Downloading webpage
[youtube] HTmHtOSqHTk: Downloading android player API JSON
[youtube] HTmHtOSqHTk: Downloading web client config
[youtube] HTmHtOSqHTk: Downloading web player API JSON
WARNING: [youtube] HTmHtOSqHTk: Some android client https formats have been skip
ped as they are missing a URL. YouTube may have enabled the SABR-only streaming
experiment for the current session. See  https://github.com/yt-dlp/yt-dlp/issues
/12482  for more details
[info] HTmHtOSqHTk: Downloading 1 format(s): 18
[info] There are no subtitles for the requested languages
[SubtitlesConvertor] There aren't any subtitles to convert
[download] Destination: Mandarin Chinese Talks/Mark Zuckerberg speaks fluent Man
darin during Q&A in Beijing.mp4
[download]   0.0% of    4.64MiB at  Unknown B/s ETA Unknown
[download]   0.1% of    4.64MiB at   12.59KiB/s ETA 06:17
[download]   0.3% of    4.64MiB at   62.59KiB/s ETA 01:15
[download]   0.7% of    4.64MiB at  111.49KiB/s ETA 00:42
[download]   1.3% of    4.64MiB at  119.45KiB/s ETA 00:39
[download]   2.7% of    4.64MiB at  152.09KiB/s ETA 00:30
[download]   5.4% of    4.64MiB at  183.29KiB/s ETA 00:24
[download]  10.2% of    4.64MiB at  253.04KiB/s ETA 00:16
[download]  19.4% of    4.64MiB at  346.60KiB/s ETA 00:11
[download]  31.8% of    4.64MiB at  509.33KiB/s ETA 00:06
[download]  56.5% of    4.64MiB at  723.39KiB/s ETA 00:02
[download]  89.6% of    4.64MiB at  961.09KiB/s ETA 00:00
[download] 100.0% of    4.64MiB at 1006.53KiB/s ETA 00:00
[download] 100% of    4.64MiB in 00:00:06 at 693.61KiB/s
[ExtractAudio] Destination: Mandarin Chinese Talks/Mark Zuckerberg speaks fluent
 Mandarin during Q&A in Beijing.wav
Deleting original file Mandarin Chinese Talks/Mark Zuckerberg speaks fluent Mand
arin during Q&A in Beijing.mp4 (pass -k to keep)
[download] Downloading item 10 of 10
[youtube] Extracting URL: https://www.youtube.com/watch?v=Q4Hx185xz6o
[youtube] Q4Hx185xz6o: Downloading webpage
[youtube] Q4Hx185xz6o: Downloading android player API JSON
[youtube] Q4Hx185xz6o: Downloading web client config
[youtube] Q4Hx185xz6o: Downloading web player API JSON
WARNING: [youtube] Q4Hx185xz6o: Some android client https formats have been skip
ped as they are missing a URL. YouTube may have enabled the SABR-only streaming
experiment for the current session. See  https://github.com/yt-dlp/yt-dlp/issues
/12482  for more details
[info] Q4Hx185xz6o: Downloading 1 format(s): 18
[info] There are no subtitles for the requested languages
[SubtitlesConvertor] There aren't any subtitles to convert
[download] Destination: Mandarin Chinese Talks/Examples of wrong improvisation i
n mandarin ｜ Zhengkun Zhou ｜ TEDxMochouLake.mp4
[download]   0.0% of   43.22MiB at    1.40MiB/s ETA 00:30
[download]   0.0% of   43.22MiB at    2.23MiB/s ETA 00:19
[download]   0.1% of   43.22MiB at    1.85MiB/s ETA 00:23
[download]   0.1% of   43.22MiB at    3.11MiB/s ETA 00:13
[download]   0.3% of   43.22MiB at    4.19MiB/s ETA 00:10
[download]   0.6% of   43.22MiB at    4.92MiB/s ETA 00:08
[download]   1.2% of   43.22MiB at    5.57MiB/s ETA 00:07
[download]   2.3% of   43.22MiB at    5.79MiB/s ETA 00:07
[download]   4.6% of   43.22MiB at    5.92MiB/s ETA 00:06
[download]   9.3% of   43.22MiB at    4.05MiB/s ETA 00:09
[download]  16.4% of   43.22MiB at    4.78MiB/s ETA 00:07
[download]  22.6% of   43.22MiB at    1.97MiB/s ETA 00:16
[download]  22.6% of   43.22MiB at  Unknown B/s ETA Unknown
[download]  22.6% of   43.22MiB at    4.31MiB/s ETA 00:07
[download]  22.6% of   43.22MiB at   56.17KiB/s ETA 10:09
[download]  22.6% of   43.22MiB at   92.53KiB/s ETA 06:10
[download]  22.7% of   43.22MiB at  115.27KiB/s ETA 04:56
[download]  22.9% of   43.22MiB at  118.87KiB/s ETA 04:47
[download]  23.1% of   43.22MiB at  223.91KiB/s ETA 02:31
[download]  23.7% of   43.22MiB at  305.08KiB/s ETA 01:50
[download]  24.8% of   43.22MiB at  495.27KiB/s ETA 01:07
[download]  27.0% of   43.22MiB at  753.21KiB/s ETA 00:42
[download]  30.6% of   43.22MiB at    1.32MiB/s ETA 00:22
[download]  37.8% of   43.22MiB at    1.88MiB/s ETA 00:14
[download]  45.5% of   43.22MiB at    2.66MiB/s ETA 00:08
[download]  45.5% of   43.22MiB at  382.06KiB/s ETA 01:03
[download]  45.5% of   43.22MiB at    2.03MiB/s ETA 00:11
[download]  45.6% of   43.22MiB at   56.38KiB/s ETA 07:07
[download]  45.6% of   43.22MiB at   44.49KiB/s ETA 09:01
[download]  45.7% of   43.22MiB at   52.76KiB/s ETA 07:35
[download]  45.8% of   43.22MiB at   81.34KiB/s ETA 04:54
[download]  46.1% of   43.22MiB at   75.34KiB/s ETA 05:16
[download]  46.3% of   43.22MiB at   76.93KiB/s ETA 05:09
[download]  46.4% of   43.22MiB at   83.76KiB/s ETA 04:43
[download]  46.7% of   43.22MiB at   95.63KiB/s ETA 04:06
[download]  47.1% of   43.22MiB at  112.11KiB/s ETA 03:28
[download]  47.7% of   43.22MiB at  135.54KiB/s ETA 02:50
[download]  48.5% of   43.22MiB at  168.52KiB/s ETA 02:15
[download]  49.5% of   43.22MiB at  210.57KiB/s ETA 01:46
[download]  51.1% of   43.22MiB at  269.32KiB/s ETA 01:20
[download]  53.3% of   43.22MiB at  336.23KiB/s ETA 01:01
[download]  55.4% of   43.22MiB at  402.58KiB/s ETA 00:49
[download]  58.7% of   43.22MiB at  493.85KiB/s ETA 00:36
[download]  62.1% of   43.22MiB at  551.03KiB/s ETA 00:30
[download]  64.4% of   43.22MiB at  581.43KiB/s ETA 00:27
[download]  66.5% of   43.22MiB at  610.95KiB/s ETA 00:24
[download]  68.1% of   43.22MiB at  643.06KiB/s ETA 00:21
[download]  68.1% of   43.22MiB at  Unknown B/s ETA Unknown
[download]  68.1% of   43.22MiB at    5.90MiB/s ETA 00:02
[download]  68.1% of   43.22MiB at  553.02KiB/s ETA 00:25
[download]  68.1% of   43.22MiB at   99.77KiB/s ETA 02:21
[download]  68.2% of   43.22MiB at  109.43KiB/s ETA 02:08
[download]  68.4% of   43.22MiB at  153.64KiB/s ETA 01:31
[download]  68.7% of   43.22MiB at  233.87KiB/s ETA 00:59
[download]  69.2% of   43.22MiB at  365.10KiB/s ETA 00:37
[download]  70.4% of   43.22MiB at  488.89KiB/s ETA 00:26
[download]  72.1% of   43.22MiB at  822.45KiB/s ETA 00:15
[download]  75.4% of   43.22MiB at    1.15MiB/s ETA 00:09
[download]  80.8% of   43.22MiB at    1.26MiB/s ETA 00:06
[download]  84.1% of   43.22MiB at    1.34MiB/s ETA 00:05
[download]  88.4% of   43.22MiB at    1.46MiB/s ETA 00:03
[download]  90.9% of   43.22MiB at    1.52MiB/s ETA 00:02
[download]  90.9% of   43.22MiB at  Unknown B/s ETA Unknown
[download]  90.9% of   43.22MiB at  261.50KiB/s ETA 00:15
[download]  90.9% of   43.22MiB at   55.98KiB/s ETA 01:11
[download]  91.0% of   43.22MiB at   84.82KiB/s ETA 00:47
[download]  91.0% of   43.22MiB at  115.31KiB/s ETA 00:34
[download]  91.2% of   43.22MiB at  158.93KiB/s ETA 00:24
[download]  91.5% of   43.22MiB at  232.32KiB/s ETA 00:16
[download]  92.0% of   43.22MiB at  372.94KiB/s ETA 00:09
[download]  93.2% of   43.22MiB at  600.61KiB/s ETA 00:05
[download]  95.5% of   43.22MiB at 1006.69KiB/s ETA 00:01
[download] 100.0% of   43.22MiB at    1.68MiB/s ETA 00:00
[download] 100% of   43.22MiB in 00:00:40 at 1.07MiB/s
[ExtractAudio] Destination: Mandarin Chinese Talks/Examples of wrong improvisati
on in mandarin ｜ Zhengkun Zhou ｜ TEDxMochouLake.wav
Deleting original file Mandarin Chinese Talks/Examples of wrong improvisation in
 mandarin ｜ Zhengkun Zhou ｜ TEDxMochouLake.mp4 (pass -k to keep)
[download] Finished downloading playlist: TED talk in Mandarin Chinese
----------------------------------------
Starting batch for: Portuguese
Folder: Portuguese Talks
Subtitles: en.*, pt.*
[youtube:search] Extracting URL: ytsearch10:TED talk in Portuguese
[download] Downloading playlist: TED talk in Portuguese
[youtube:search] query "TED talk in Portuguese": Downloading web client config
[youtube:search] query "TED talk in Portuguese" page 1: Downloading API JSON
[youtube:search] Playlist TED talk in Portuguese: Downloading 10 items of 10
[download] Downloading item 1 of 10
[youtube] Extracting URL: https://www.youtube.com/watch?v=wHgcaVDeDGo
[youtube] wHgcaVDeDGo: Downloading webpage
[youtube] wHgcaVDeDGo: Downloading android player API JSON
[youtube] wHgcaVDeDGo: Downloading web client config
[youtube] wHgcaVDeDGo: Downloading web player API JSON
WARNING: [youtube] wHgcaVDeDGo: Some android client https formats have been skip
ped as they are missing a URL. YouTube may have enabled the SABR-only streaming
experiment for the current session. See  https://github.com/yt-dlp/yt-dlp/issues
/12482  for more details
[info] wHgcaVDeDGo: Downloading 1 format(s): 18
[info] There are no subtitles for the requested languages
[SubtitlesConvertor] There aren't any subtitles to convert
[download] Destination: Portuguese Talks/Why Portugal is Trending ｜ Chitra Stern
 ｜ TEDxFunchal.mp4
[download]   0.0% of   40.16MiB at    2.35MiB/s ETA 00:17
[download]   0.0% of   40.16MiB at    1.12MiB/s ETA 00:36
[download]   0.0% of   40.16MiB at  521.74KiB/s ETA 01:18
[download]   0.1% of   40.16MiB at   89.70KiB/s ETA 07:38
[download]   0.2% of   40.16MiB at   93.32KiB/s ETA 07:19
[download]   0.3% of   40.16MiB at  117.33KiB/s ETA 05:49
[download]   0.6% of   40.16MiB at  111.74KiB/s ETA 06:05
[download]   0.9% of   40.16MiB at  139.93KiB/s ETA 04:51
[download]   1.4% of   40.16MiB at  167.99KiB/s ETA 04:01
[download]   2.0% of   40.16MiB at  183.15KiB/s ETA 03:39
[download]   2.6% of   40.16MiB at  228.43KiB/s ETA 02:55
[download]   3.7% of   40.16MiB at  242.38KiB/s ETA 02:43
[download]   4.4% of   40.16MiB at  251.61KiB/s ETA 02:36
[download]   5.2% of   40.16MiB at  250.26KiB/s ETA 02:35
[download]   5.7% of   40.16MiB at  266.22KiB/s ETA 02:25
[download]   6.9% of   40.16MiB at  281.87KiB/s ETA 02:15
[download]   7.9% of   40.16MiB at  288.88KiB/s ETA 02:11
[download]   8.7% of   40.16MiB at  297.44KiB/s ETA 02:06
[download]   9.7% of   40.16MiB at  306.31KiB/s ETA 02:01
[download]  10.7% of   40.16MiB at  317.23KiB/s ETA 01:55
[download]  11.9% of   40.16MiB at  329.84KiB/s ETA 01:49
[download]  13.2% of   40.16MiB at  348.68KiB/s ETA 01:42
[download]  15.0% of   40.16MiB at  373.89KiB/s ETA 01:33
[download]  16.9% of   40.16MiB at  395.81KiB/s ETA 01:26
[download]  18.7% of   40.16MiB at  416.09KiB/s ETA 01:20
[download]  20.7% of   40.16MiB at  438.98KiB/s ETA 01:14
[download]  22.9% of   40.16MiB at  465.96KiB/s ETA 01:08
[download]  23.7% of   40.16MiB at  476.11KiB/s ETA 01:05
[download]  23.7% of   40.16MiB at  Unknown B/s ETA Unknown
[download]  23.7% of   40.16MiB at    4.66MiB/s ETA 00:06
[download]  23.7% of   40.16MiB at    2.21MiB/s ETA 00:13
[download]  23.8% of   40.16MiB at    3.10MiB/s ETA 00:09
[download]  23.9% of   40.16MiB at    3.14MiB/s ETA 00:09
[download]  24.0% of   40.16MiB at    4.15MiB/s ETA 00:07
[download]  24.3% of   40.16MiB at    5.37MiB/s ETA 00:05
[download]  25.0% of   40.16MiB at    4.67MiB/s ETA 00:06
[download]  26.2% of   40.16MiB at    6.08MiB/s ETA 00:04
[download]  28.7% of   40.16MiB at    6.56MiB/s ETA 00:04
[download]  33.7% of   40.16MiB at    4.29MiB/s ETA 00:06
[download]  41.6% of   40.16MiB at    3.99MiB/s ETA 00:05
[download]  48.0% of   40.16MiB at    4.49MiB/s ETA 00:04
[download]  48.0% of   40.16MiB at  353.15KiB/s ETA 01:00
[download]  48.0% of   40.16MiB at  919.94KiB/s ETA 00:23
[download]  48.0% of   40.16MiB at  434.48KiB/s ETA 00:49
[download]  48.0% of   40.16MiB at   46.26KiB/s ETA 07:42
[download]  48.1% of   40.16MiB at   85.89KiB/s ETA 04:08
[download]  48.1% of   40.16MiB at   97.82KiB/s ETA 03:38
[download]  48.3% of   40.16MiB at  122.62KiB/s ETA 02:53
[download]  48.6% of   40.16MiB at  135.82KiB/s ETA 02:35
[download]  49.0% of   40.16MiB at  158.64KiB/s ETA 02:12
[download]  49.5% of   40.16MiB at  176.36KiB/s ETA 01:57
[download]  50.0% of   40.16MiB at  191.82KiB/s ETA 01:47
[download]  50.7% of   40.16MiB at  189.66KiB/s ETA 01:46
[download]  51.1% of   40.16MiB at  197.37KiB/s ETA 01:41
[download]  51.7% of   40.16MiB at  205.81KiB/s ETA 01:36
[download]  52.4% of   40.16MiB at  214.49KiB/s ETA 01:31
[download]  53.1% of   40.16MiB at  223.05KiB/s ETA 01:26
[download]  53.8% of   40.16MiB at  227.38KiB/s ETA 01:23
[download]  54.4% of   40.16MiB at  230.38KiB/s ETA 01:21
[download]  55.1% of   40.16MiB at  235.48KiB/s ETA 01:18
[download]  55.8% of   40.16MiB at  241.46KiB/s ETA 01:15
[download]  56.6% of   40.16MiB at  247.59KiB/s ETA 01:12
[download]  57.4% of   40.16MiB at  257.56KiB/s ETA 01:08
[download]  58.5% of   40.16MiB at  274.92KiB/s ETA 01:02
[download]  60.1% of   40.16MiB at  301.68KiB/s ETA 00:54
[download]  62.2% of   40.16MiB at  328.13KiB/s ETA 00:47
[download]  63.8% of   40.16MiB at  355.04KiB/s ETA 00:41
[download]  66.7% of   40.16MiB at  392.89KiB/s ETA 00:34
[download]  69.0% of   40.16MiB at  424.76KiB/s ETA 00:30
[download]  71.7% of   40.16MiB at  462.18KiB/s ETA 00:25
[download]  71.7% of   40.16MiB at  316.77KiB/s ETA 00:36
[download]  71.7% of   40.16MiB at  710.57KiB/s ETA 00:16
[download]  71.7% of   40.16MiB at  756.05KiB/s ETA 00:15
[download]  71.7% of   40.16MiB at  113.62KiB/s ETA 01:42
[download]  71.8% of   40.16MiB at  107.02KiB/s ETA 01:48
[download]  72.0% of   40.16MiB at  149.39KiB/s ETA 01:17
[download]  72.3% of   40.16MiB at  218.47KiB/s ETA 00:52
[download]  72.9% of   40.16MiB at  304.28KiB/s ETA 00:36
[download]  74.1% of   40.16MiB at  496.62KiB/s ETA 00:21
[download]  76.5% of   40.16MiB at  760.69KiB/s ETA 00:12
[download]  80.5% of   40.16MiB at    1.14MiB/s ETA 00:06
[download]  88.5% of   40.16MiB at    1.64MiB/s ETA 00:02
[download]  95.8% of   40.16MiB at    2.17MiB/s ETA 00:00
[download]  95.8% of   40.16MiB at  Unknown B/s ETA Unknown
[download]  95.8% of   40.16MiB at 1014.42KiB/s ETA 00:01
[download]  95.8% of   40.16MiB at    1.69MiB/s ETA 00:00
[download]  95.8% of   40.16MiB at    1.53MiB/s ETA 00:01
[download]  95.9% of   40.16MiB at    2.94MiB/s ETA 00:00
[download]  96.0% of   40.16MiB at    2.03MiB/s ETA 00:00
[download]  96.1% of   40.16MiB at    3.06MiB/s ETA 00:00
[download]  96.4% of   40.16MiB at    3.91MiB/s ETA 00:00
[download]  97.0% of   40.16MiB at    4.44MiB/s ETA 00:00
[download]  98.3% of   40.16MiB at    4.57MiB/s ETA 00:00
[download] 100.0% of   40.16MiB at    5.06MiB/s ETA 00:00
[download] 100% of   40.16MiB in 00:00:52 at 782.04KiB/s
[ExtractAudio] Destination: Portuguese Talks/Why Portugal is Trending ｜ Chitra S
tern ｜ TEDxFunchal.wav
Deleting original file Portuguese Talks/Why Portugal is Trending ｜ Chitra Stern
｜ TEDxFunchal.mp4 (pass -k to keep)
[download] Downloading item 2 of 10
[youtube] Extracting URL: https://www.youtube.com/watch?v=n1nBkfJDyZA
[youtube] n1nBkfJDyZA: Downloading webpage
[youtube] n1nBkfJDyZA: Downloading android player API JSON
[youtube] n1nBkfJDyZA: Downloading web client config
[youtube] n1nBkfJDyZA: Downloading web player API JSON
WARNING: [youtube] n1nBkfJDyZA: Some android client https formats have been skip
ped as they are missing a URL. YouTube may have enabled the SABR-only streaming
experiment for the current session. See  https://github.com/yt-dlp/yt-dlp/issues
/12482  for more details
[info] n1nBkfJDyZA: Downloading 1 format(s): 18
[info] There are no subtitles for the requested languages
[SubtitlesConvertor] There aren't any subtitles to convert
[download] Destination: Portuguese Talks/Não deixe o seu cérebro te sabotar ｜ MA
RTHA GABRIEL ｜ TEDxUNISO.mp4
[download]   0.0% of   30.83MiB at    2.92MiB/s ETA 00:10
[download]   0.0% of   30.83MiB at  613.97KiB/s ETA 00:51
[download]   0.1% of   30.83MiB at  111.98KiB/s ETA 04:41
[download]   0.2% of   30.83MiB at  112.99KiB/s ETA 04:38
[download]   0.4% of   30.83MiB at  141.51KiB/s ETA 03:42
[download]   0.8% of   30.83MiB at  172.77KiB/s ETA 03:01
[download]   1.5% of   30.83MiB at  222.52KiB/s ETA 02:19
[download]   2.6% of   30.83MiB at  281.44KiB/s ETA 01:49
[download]   4.0% of   30.83MiB at  337.43KiB/s ETA 01:29
[download]   5.7% of   30.83MiB at  330.81KiB/s ETA 01:30
[download]   6.7% of   30.83MiB at  354.44KiB/s ETA 01:23
[download]   8.5% of   30.83MiB at  385.12KiB/s ETA 01:14
[download]  10.3% of   30.83MiB at  408.41KiB/s ETA 01:09
[download]  12.1% of   30.83MiB at  436.64KiB/s ETA 01:03
[download]  14.4% of   30.83MiB at  462.91KiB/s ETA 00:58
[download]  16.6% of   30.83MiB at  488.91KiB/s ETA 00:53
[download]  19.0% of   30.83MiB at  499.25KiB/s ETA 00:51
[download]  20.9% of   30.83MiB at  513.68KiB/s ETA 00:48
[download]  23.2% of   30.83MiB at  529.81KiB/s ETA 00:45
[download]  25.5% of   30.83MiB at  549.42KiB/s ETA 00:42
[download]  28.3% of   30.83MiB at  579.59KiB/s ETA 00:39
[download]  31.2% of   30.83MiB at  616.67KiB/s ETA 00:35
[download]  31.2% of   30.83MiB at  943.67KiB/s ETA 00:23
[download]  31.3% of   30.83MiB at    3.36MiB/s ETA 00:06
[download]  31.3% of   30.83MiB at    3.22MiB/s ETA 00:06
[download]  31.4% of   30.83MiB at    4.88MiB/s ETA 00:04
[download]  31.6% of   30.83MiB at    5.44MiB/s ETA 00:03
[download]  32.0% of   30.83MiB at    4.34MiB/s ETA 00:04
[download]  32.8% of   30.83MiB at    5.34MiB/s ETA 00:03
[download]  34.5% of   30.83MiB at    5.97MiB/s ETA 00:03
[download]  37.7% of   30.83MiB at    6.42MiB/s ETA 00:02
[download]  44.2% of   30.83MiB at    3.55MiB/s ETA 00:04
[download]  52.2% of   30.83MiB at    3.21MiB/s ETA 00:04
[download]  61.1% of   30.83MiB at    3.80MiB/s ETA 00:03
[download]  62.8% of   30.83MiB at    3.86MiB/s ETA 00:02
[download]  62.8% of   30.83MiB at  Unknown B/s ETA Unknown
[download]  62.8% of   30.83MiB at    1.87MiB/s ETA 00:06
[download]  62.9% of   30.83MiB at    2.28MiB/s ETA 00:05
[download]  62.9% of   30.83MiB at    4.25MiB/s ETA 00:02
[download]  63.0% of   30.83MiB at    4.67MiB/s ETA 00:02
[download]  63.2% of   30.83MiB at    5.26MiB/s ETA 00:02
[download]  63.6% of   30.83MiB at    1.93MiB/s ETA 00:05
[download]  64.4% of   30.83MiB at    3.32MiB/s ETA 00:03
[download]  66.1% of   30.83MiB at    4.29MiB/s ETA 00:02
[download]  69.3% of   30.83MiB at    1.80MiB/s ETA 00:05
[download]  73.0% of   30.83MiB at    2.47MiB/s ETA 00:03
[download]  80.4% of   30.83MiB at    3.51MiB/s ETA 00:01
[download]  93.4% of   30.83MiB at    3.83MiB/s ETA 00:00
[download]  95.1% of   30.83MiB at    3.93MiB/s ETA 00:00
[download]  95.1% of   30.83MiB at  Unknown B/s ETA Unknown
[download]  95.1% of   30.83MiB at    6.35MiB/s ETA 00:00
[download]  95.2% of   30.83MiB at    1.49MiB/s ETA 00:01
[download]  95.2% of   30.83MiB at    2.34MiB/s ETA 00:00
[download]  95.3% of   30.83MiB at    3.08MiB/s ETA 00:00
[download]  95.5% of   30.83MiB at    3.11MiB/s ETA 00:00
[download]  95.9% of   30.83MiB at    3.21MiB/s ETA 00:00
[download]  96.7% of   30.83MiB at    4.26MiB/s ETA 00:00
[download]  98.4% of   30.83MiB at    2.01MiB/s ETA 00:00
[download] 100.0% of   30.83MiB at    2.56MiB/s ETA 00:00
[download] 100% of   30.83MiB in 00:00:24 at 1.23MiB/s
[ExtractAudio] Destination: Portuguese Talks/Não deixe o seu cérebro te sabotar
｜ MARTHA GABRIEL ｜ TEDxUNISO.wav
Deleting original file Portuguese Talks/Não deixe o seu cérebro te sabotar ｜ MAR
THA GABRIEL ｜ TEDxUNISO.mp4 (pass -k to keep)
[download] Downloading item 3 of 10
[youtube] Extracting URL: https://www.youtube.com/watch?v=CQcvXlZbW7k
[youtube] CQcvXlZbW7k: Downloading webpage
[youtube] CQcvXlZbW7k: Downloading android player API JSON
[youtube] CQcvXlZbW7k: Downloading web client config
[youtube] CQcvXlZbW7k: Downloading web player API JSON
WARNING: [youtube] CQcvXlZbW7k: Some android client https formats have been skip
ped as they are missing a URL. YouTube may have enabled the SABR-only streaming
experiment for the current session. See  https://github.com/yt-dlp/yt-dlp/issues
/12482  for more details
[info] CQcvXlZbW7k: Downloading 1 format(s): 18
[info] There are no subtitles for the requested languages
[SubtitlesConvertor] There aren't any subtitles to convert
[download] Destination: Portuguese Talks/Autoestima： o poder de ser você mesmo ｜
 Camila Coutinho ｜ TEDxSaoPaulo.mp4
[download]   0.0% of   27.41MiB at    1.39MiB/s ETA 00:19
[download]   0.1% of   27.41MiB at   53.06KiB/s ETA 08:48
[download]   0.1% of   27.41MiB at   87.16KiB/s ETA 05:21
[download]   0.2% of   27.41MiB at  113.45KiB/s ETA 04:06
[download]   0.5% of   27.41MiB at  148.38KiB/s ETA 03:08
[download]   0.9% of   27.41MiB at  185.51KiB/s ETA 02:29
[download]   1.8% of   27.41MiB at  332.51KiB/s ETA 01:22
[download]   3.5% of   27.41MiB at  540.56KiB/s ETA 00:50
[download]   7.1% of   27.41MiB at  910.95KiB/s ETA 00:28
[download]  14.1% of   27.41MiB at    1.36MiB/s ETA 00:17
[download]  24.6% of   27.41MiB at    1.38MiB/s ETA 00:14
[download]  29.9% of   27.41MiB at    1.51MiB/s ETA 00:12
[download]  36.3% of   27.41MiB at    1.83MiB/s ETA 00:09
[download]  36.3% of   27.41MiB at  Unknown B/s ETA Unknown
[download]  36.4% of   27.41MiB at  Unknown B/s ETA Unknown
[download]  36.4% of   27.41MiB at  456.01KiB/s ETA 00:39
[download]  36.4% of   27.41MiB at   95.63KiB/s ETA 03:06
[download]  36.6% of   27.41MiB at  102.96KiB/s ETA 02:52
[download]  36.8% of   27.41MiB at  142.27KiB/s ETA 02:04
[download]  37.2% of   27.41MiB at  215.61KiB/s ETA 01:21
[download]  38.2% of   27.41MiB at  344.01KiB/s ETA 00:50
[download]  40.0% of   27.41MiB at  546.91KiB/s ETA 00:30
[download]  43.6% of   27.41MiB at  889.97KiB/s ETA 00:17
[download]  50.9% of   27.41MiB at    1.44MiB/s ETA 00:09
[download]  65.5% of   27.41MiB at    1.80MiB/s ETA 00:05
[download]  72.6% of   27.41MiB at    2.19MiB/s ETA 00:03
[download]  72.6% of   27.41MiB at  342.56KiB/s ETA 00:22
[download]  72.7% of   27.41MiB at    1.56MiB/s ETA 00:04
[download]  72.7% of   27.41MiB at  328.68KiB/s ETA 00:23
[download]  72.7% of   27.41MiB at  636.07KiB/s ETA 00:12
[download]  72.8% of   27.41MiB at  331.96KiB/s ETA 00:22
[download]  73.1% of   27.41MiB at  464.70KiB/s ETA 00:16
[download]  73.5% of   27.41MiB at  503.90KiB/s ETA 00:14
[download]  74.4% of   27.41MiB at  623.86KiB/s ETA 00:11
[download]  76.3% of   27.41MiB at  698.73KiB/s ETA 00:09
[download]  79.1% of   27.41MiB at  791.29KiB/s ETA 00:07
[download]  82.5% of   27.41MiB at  961.26KiB/s ETA 00:05
[download]  88.3% of   27.41MiB at    1.10MiB/s ETA 00:02
[download]  93.9% of   27.41MiB at    1.33MiB/s ETA 00:01
[download] 100.0% of   27.41MiB at    1.61MiB/s ETA 00:00
[download] 100% of   27.41MiB in 00:00:19 at 1.43MiB/s
[ExtractAudio] Destination: Portuguese Talks/Autoestima： o poder de ser você mes
mo ｜ Camila Coutinho ｜ TEDxSaoPaulo.wav
Deleting original file Portuguese Talks/Autoestima： o poder de ser você mesmo ｜
Camila Coutinho ｜ TEDxSaoPaulo.mp4 (pass -k to keep)
[download] Downloading item 4 of 10
[youtube] Extracting URL: https://www.youtube.com/watch?v=iNLOL6XssXE
[youtube] iNLOL6XssXE: Downloading webpage
[youtube] iNLOL6XssXE: Downloading android player API JSON
[youtube] iNLOL6XssXE: Downloading web client config
[youtube] iNLOL6XssXE: Downloading web player API JSON
WARNING: [youtube] iNLOL6XssXE: Some android client https formats have been skip
ped as they are missing a URL. YouTube may have enabled the SABR-only streaming
experiment for the current session. See  https://github.com/yt-dlp/yt-dlp/issues
/12482  for more details
[info] iNLOL6XssXE: Downloading 1 format(s): 18
[info] There are no subtitles for the requested languages
[SubtitlesConvertor] There aren't any subtitles to convert
[download] Destination: Portuguese Talks/O poder de confiar na sua própria voz ｜
 Julia Horta ｜ TEDxVila Mariana.mp4
[download]   0.0% of   18.87MiB at    4.90MiB/s ETA 00:03
[download]   0.1% of   18.87MiB at    1.45MiB/s ETA 00:13
[download]   0.2% of   18.87MiB at    1.85MiB/s ETA 00:10
[download]   0.3% of   18.87MiB at    1.42MiB/s ETA 00:13
[download]   0.7% of   18.87MiB at    1.81MiB/s ETA 00:10
[download]   1.3% of   18.87MiB at 1018.97KiB/s ETA 00:18
[download]   2.6% of   18.87MiB at  396.83KiB/s ETA 00:47
[download]   3.9% of   18.87MiB at  501.89KiB/s ETA 00:36
[download]   6.5% of   18.87MiB at  728.39KiB/s ETA 00:24
[download]  11.6% of   18.87MiB at    1.09MiB/s ETA 00:15
[download]  21.8% of   18.87MiB at    1.18MiB/s ETA 00:12
[download]  28.8% of   18.87MiB at    1.26MiB/s ETA 00:10
[download]  37.2% of   18.87MiB at    1.41MiB/s ETA 00:08
[download]  49.4% of   18.87MiB at    1.65MiB/s ETA 00:05
[download]  52.6% of   18.87MiB at    1.70MiB/s ETA 00:05
[download]  52.6% of   18.87MiB at  Unknown B/s ETA Unknown
[download]  52.6% of   18.87MiB at    1.07MiB/s ETA 00:08
[download]  52.7% of   18.87MiB at    1.97MiB/s ETA 00:04
[download]  52.8% of   18.87MiB at    1.88MiB/s ETA 00:04
[download]  52.9% of   18.87MiB at    1.58MiB/s ETA 00:05
[download]  53.3% of   18.87MiB at    2.11MiB/s ETA 00:04
[download]  53.9% of   18.87MiB at    2.45MiB/s ETA 00:03
[download]  55.2% of   18.87MiB at    2.53MiB/s ETA 00:03
[download]  57.9% of   18.87MiB at    1.61MiB/s ETA 00:04
[download]  63.2% of   18.87MiB at    2.08MiB/s ETA 00:03
[download]  73.8% of   18.87MiB at    2.43MiB/s ETA 00:02
[download]  89.3% of   18.87MiB at    2.09MiB/s ETA 00:00
[download]  98.6% of   18.87MiB at    2.40MiB/s ETA 00:00
[download] 100.0% of   18.87MiB at    2.44MiB/s ETA 00:00
[download] 100% of   18.87MiB in 00:00:10 at 1.72MiB/s
[ExtractAudio] Destination: Portuguese Talks/O poder de confiar na sua própria v
oz ｜ Julia Horta ｜ TEDxVila Mariana.wav
Deleting original file Portuguese Talks/O poder de confiar na sua própria voz ｜
Julia Horta ｜ TEDxVila Mariana.mp4 (pass -k to keep)
[download] Downloading item 5 of 10
[youtube] Extracting URL: https://www.youtube.com/watch?v=g0gx4IvH4O8
[youtube] g0gx4IvH4O8: Downloading webpage
[youtube] g0gx4IvH4O8: Downloading android player API JSON
[youtube] g0gx4IvH4O8: Downloading web client config
[youtube] g0gx4IvH4O8: Downloading web player API JSON
WARNING: [youtube] g0gx4IvH4O8: Some android client https formats have been skip
ped as they are missing a URL. YouTube may have enabled the SABR-only streaming
experiment for the current session. See  https://github.com/yt-dlp/yt-dlp/issues
/12482  for more details
[info] g0gx4IvH4O8: Downloading 1 format(s): 18
[info] There are no subtitles for the requested languages
[SubtitlesConvertor] There aren't any subtitles to convert
[download] Destination: Portuguese Talks/Aprenda a tomar decisões e erre menos：
Teoria do Valor ｜ Sergio Ricardo Santos ｜ TEDxBeloHorizonte.mp4
[download]   0.0% of   43.84MiB at    3.78MiB/s ETA 00:11
[download]   0.0% of   43.84MiB at  924.18KiB/s ETA 00:48
[download]   0.1% of   43.84MiB at    1.34MiB/s ETA 00:32
[download]   0.1% of   43.84MiB at    2.36MiB/s ETA 00:18
[download]   0.3% of   43.84MiB at    1.67MiB/s ETA 00:26
[download]   0.6% of   43.84MiB at    2.48MiB/s ETA 00:17
[download]   1.1% of   43.84MiB at  903.12KiB/s ETA 00:49
[download]   2.3% of   43.84MiB at    1.46MiB/s ETA 00:29
[download]   4.6% of   43.84MiB at    2.36MiB/s ETA 00:17
[download]   9.1% of   43.84MiB at    3.21MiB/s ETA 00:12
[download]  18.2% of   43.84MiB at    2.72MiB/s ETA 00:13
[download]  22.8% of   43.84MiB at    2.67MiB/s ETA 00:12
[download]  22.8% of   43.84MiB at  Unknown B/s ETA Unknown
[download]  22.8% of   43.84MiB at    1.12MiB/s ETA 00:30
[download]  22.8% of   43.84MiB at    1.95MiB/s ETA 00:17
[download]  22.8% of   43.84MiB at    1.19MiB/s ETA 00:28
[download]  22.8% of   43.84MiB at    2.31MiB/s ETA 00:14
[download]  22.9% of   43.84MiB at    3.29MiB/s ETA 00:10
[download]  23.0% of   43.84MiB at    2.73MiB/s ETA 00:12
[download]  23.3% of   43.84MiB at    3.49MiB/s ETA 00:09
[download]  23.9% of   43.84MiB at    4.23MiB/s ETA 00:07
[download]  25.0% of   43.84MiB at    4.33MiB/s ETA 00:07
[download]  27.3% of   43.84MiB at    2.45MiB/s ETA 00:12
[download]  31.2% of   43.84MiB at    2.58MiB/s ETA 00:11
[download]  37.5% of   43.84MiB at    2.11MiB/s ETA 00:12
[download]  41.4% of   43.84MiB at    2.39MiB/s ETA 00:10
[download]  45.1% of   43.84MiB at    2.37MiB/s ETA 00:10
[download]  45.1% of   43.84MiB at  Unknown B/s ETA Unknown
[download]  45.1% of   43.84MiB at 1017.21KiB/s ETA 00:24
[download]  45.1% of   43.84MiB at    3.56MiB/s ETA 00:06
[download]  45.2% of   43.84MiB at    2.93MiB/s ETA 00:08
[download]  45.2% of   43.84MiB at    3.77MiB/s ETA 00:06
[download]  45.4% of   43.84MiB at    2.46MiB/s ETA 00:09
[download]  45.7% of   43.84MiB at    3.43MiB/s ETA 00:06
[download]  46.2% of   43.84MiB at    3.96MiB/s ETA 00:05
[download]  47.4% of   43.84MiB at    4.18MiB/s ETA 00:05
[download]  49.7% of   43.84MiB at    4.29MiB/s ETA 00:05
[download]  54.2% of   43.84MiB at    3.19MiB/s ETA 00:06
[download]  60.0% of   43.84MiB at    1.37MiB/s ETA 00:12
[download]  62.9% of   43.84MiB at    1.55MiB/s ETA 00:10
[download]  67.1% of   43.84MiB at    1.77MiB/s ETA 00:08
[download]  67.1% of   43.84MiB at  320.32KiB/s ETA 00:46
[download]  67.1% of   43.84MiB at    1.64MiB/s ETA 00:08
[download]  67.2% of   43.84MiB at    2.24MiB/s ETA 00:06
[download]  67.2% of   43.84MiB at    2.35MiB/s ETA 00:06
[download]  67.3% of   43.84MiB at    3.75MiB/s ETA 00:03
[download]  67.4% of   43.84MiB at    4.73MiB/s ETA 00:03
[download]  67.7% of   43.84MiB at    3.87MiB/s ETA 00:03
[download]  68.3% of   43.84MiB at    4.88MiB/s ETA 00:02
[download]  69.4% of   43.84MiB at    4.91MiB/s ETA 00:02
[download]  71.7% of   43.84MiB at    1.49MiB/s ETA 00:08
[download]  73.7% of   43.84MiB at    1.94MiB/s ETA 00:05
[download]  77.7% of   43.84MiB at    2.57MiB/s ETA 00:03
[download]  85.7% of   43.84MiB at    3.15MiB/s ETA 00:01
[download]  89.6% of   43.84MiB at    3.47MiB/s ETA 00:01
[download]  89.6% of   43.84MiB at  Unknown B/s ETA Unknown
[download]  89.6% of   43.84MiB at    3.64MiB/s ETA 00:01
[download]  89.6% of   43.84MiB at    3.97MiB/s ETA 00:01
[download]  89.7% of   43.84MiB at    2.94MiB/s ETA 00:01
[download]  89.7% of   43.84MiB at    3.68MiB/s ETA 00:01
[download]  89.9% of   43.84MiB at    4.57MiB/s ETA 00:00
[download]  90.2% of   43.84MiB at    5.71MiB/s ETA 00:00
[download]  90.7% of   43.84MiB at    4.77MiB/s ETA 00:00
[download]  91.9% of   43.84MiB at    1.52MiB/s ETA 00:02
[download]  93.9% of   43.84MiB at    2.34MiB/s ETA 00:01
[download]  98.1% of   43.84MiB at    3.59MiB/s ETA 00:00
[download] 100.0% of   43.84MiB at    4.03MiB/s ETA 00:00
[download] 100% of   43.84MiB in 00:00:18 at 2.31MiB/s
[ExtractAudio] Destination: Portuguese Talks/Aprenda a tomar decisões e erre men
os： Teoria do Valor ｜ Sergio Ricardo Santos ｜ TEDxBeloHorizonte.wav
Deleting original file Portuguese Talks/Aprenda a tomar decisões e erre menos： T
eoria do Valor ｜ Sergio Ricardo Santos ｜ TEDxBeloHorizonte.mp4 (pass -k to keep)
[download] Downloading item 6 of 10
[youtube] Extracting URL: https://www.youtube.com/watch?v=fEZ_u8o6i98
[youtube] fEZ_u8o6i98: Downloading webpage
[youtube] fEZ_u8o6i98: Downloading android player API JSON
[youtube] fEZ_u8o6i98: Downloading web client config
[youtube] fEZ_u8o6i98: Downloading web player API JSON
WARNING: [youtube] fEZ_u8o6i98: Some android client https formats have been skip
ped as they are missing a URL. YouTube may have enabled the SABR-only streaming
experiment for the current session. See  https://github.com/yt-dlp/yt-dlp/issues
/12482  for more details
[info] fEZ_u8o6i98: Downloading 1 format(s): 18
[info] There are no subtitles for the requested languages
[SubtitlesConvertor] There aren't any subtitles to convert
[download] Destination: Portuguese Talks/Do medo à confiança： A tímida que ama f
alar em público ｜ Lena Souza ｜ TEDxBomRetiro.mp4
[download]   0.0% of   31.11MiB at    1.46MiB/s ETA 00:21
[download]   0.0% of   31.11MiB at   50.49KiB/s ETA 10:30
[download]   0.1% of   31.11MiB at   91.92KiB/s ETA 05:46
[download]   0.2% of   31.11MiB at  105.71KiB/s ETA 05:00
[download]   0.4% of   31.11MiB at  138.70KiB/s ETA 03:48
[download]   0.8% of   31.11MiB at  168.93KiB/s ETA 03:07
[download]   1.5% of   31.11MiB at  202.92KiB/s ETA 02:34
[download]   2.3% of   31.11MiB at  254.28KiB/s ETA 02:02
[download]   3.8% of   31.11MiB at  342.17KiB/s ETA 01:29
[download]   6.2% of   31.11MiB at  443.72KiB/s ETA 01:07
[download]   8.8% of   31.11MiB at  508.98KiB/s ETA 00:57
[download]  11.2% of   31.11MiB at  601.71KiB/s ETA 00:47
[download]  16.1% of   31.11MiB at  718.01KiB/s ETA 00:37
[download]  20.2% of   31.11MiB at  806.37KiB/s ETA 00:31
[download]  25.1% of   31.11MiB at  900.12KiB/s ETA 00:26
[download]  30.5% of   31.11MiB at  997.08KiB/s ETA 00:22
[download]  31.6% of   31.11MiB at 1020.37KiB/s ETA 00:21
[download]  31.7% of   31.11MiB at  318.09KiB/s ETA 01:08
[download]  31.7% of   31.11MiB at  823.44KiB/s ETA 00:26
[download]  31.7% of   31.11MiB at  352.93KiB/s ETA 01:01
[download]  31.7% of   31.11MiB at  114.40KiB/s ETA 03:10
[download]  31.7% of   31.11MiB at  207.27KiB/s ETA 01:44
[download]  31.8% of   31.11MiB at  237.99KiB/s ETA 01:31
[download]  32.0% of   31.11MiB at  248.44KiB/s ETA 01:27
[download]  32.4% of   31.11MiB at  409.46KiB/s ETA 00:52
[download]  33.3% of   31.11MiB at  610.05KiB/s ETA 00:34
[download]  34.9% of   31.11MiB at 1001.89KiB/s ETA 00:20
[download]  38.1% of   31.11MiB at    1.41MiB/s ETA 00:13
[download]  44.5% of   31.11MiB at    2.25MiB/s ETA 00:07
[download]  57.4% of   31.11MiB at    2.74MiB/s ETA 00:04
[download]  62.3% of   31.11MiB at    2.64MiB/s ETA 00:04
[download]  62.3% of   31.11MiB at  Unknown B/s ETA Unknown
[download]  62.4% of   31.11MiB at    1.98MiB/s ETA 00:05
[download]  62.4% of   31.11MiB at  613.50KiB/s ETA 00:19
[download]  62.4% of   31.11MiB at  134.10KiB/s ETA 01:29
[download]  62.5% of   31.11MiB at  143.92KiB/s ETA 01:22
[download]  62.7% of   31.11MiB at  176.11KiB/s ETA 01:07
[download]  63.1% of   31.11MiB at  238.74KiB/s ETA 00:49
[download]  63.9% of   31.11MiB at  311.69KiB/s ETA 00:36
[download]  65.3% of   31.11MiB at  450.62KiB/s ETA 00:24
[download]  68.2% of   31.11MiB at  530.63KiB/s ETA 00:19
[download]  70.2% of   31.11MiB at  512.01KiB/s ETA 00:18
[download]  71.7% of   31.11MiB at  573.59KiB/s ETA 00:15
[download]  74.6% of   31.11MiB at  595.25KiB/s ETA 00:13
[download]  76.7% of   31.11MiB at  563.37KiB/s ETA 00:13
[download]  78.1% of   31.11MiB at  579.47KiB/s ETA 00:12
[download]  80.7% of   31.11MiB at  633.00KiB/s ETA 00:09
[download]  85.2% of   31.11MiB at  730.75KiB/s ETA 00:06
[download]  91.4% of   31.11MiB at  837.03KiB/s ETA 00:03
[download]  93.4% of   31.11MiB at  852.85KiB/s ETA 00:02
[download]  93.4% of   31.11MiB at  873.63KiB/s ETA 00:02
[download]  93.4% of   31.11MiB at   35.39KiB/s ETA 00:59
[download]  93.5% of   31.11MiB at   75.22KiB/s ETA 00:27
[download]  93.5% of   31.11MiB at  154.48KiB/s ETA 00:13
[download]  93.6% of   31.11MiB at  312.33KiB/s ETA 00:06
[download]  93.8% of   31.11MiB at  550.85KiB/s ETA 00:03
[download]  94.2% of   31.11MiB at  687.83KiB/s ETA 00:02
[download]  95.0% of   31.11MiB at  875.49KiB/s ETA 00:01
[download]  96.6% of   31.11MiB at    1.24MiB/s ETA 00:00
[download]  99.8% of   31.11MiB at    1.81MiB/s ETA 00:00
[download] 100.0% of   31.11MiB at    1.84MiB/s ETA 00:00
[download] 100% of   31.11MiB in 00:00:29 at 1.06MiB/s
[ExtractAudio] Destination: Portuguese Talks/Do medo à confiança： A tímida que a
ma falar em público ｜ Lena Souza ｜ TEDxBomRetiro.wav
Deleting original file Portuguese Talks/Do medo à confiança： A tímida que ama fa
lar em público ｜ Lena Souza ｜ TEDxBomRetiro.mp4 (pass -k to keep)
[download] Downloading item 7 of 10
[youtube] Extracting URL: https://www.youtube.com/watch?v=_LsQyUaef0c
[youtube] _LsQyUaef0c: Downloading webpage
[youtube] _LsQyUaef0c: Downloading android player API JSON
[youtube] _LsQyUaef0c: Downloading web client config
[youtube] _LsQyUaef0c: Downloading web player API JSON
WARNING: [youtube] _LsQyUaef0c: Some android client https formats have been skip
ped as they are missing a URL. YouTube may have enabled the SABR-only streaming
experiment for the current session. See  https://github.com/yt-dlp/yt-dlp/issues
/12482  for more details
[info] _LsQyUaef0c: Downloading 1 format(s): 18
[info] There are no subtitles for the requested languages
[SubtitlesConvertor] There aren't any subtitles to convert
[download] Destination: Portuguese Talks/O que comunico quando me comunico ｜ Mar
a Behlau ｜ TEDxGovernadorValadares.mp4
[download]   0.0% of   46.41MiB at    2.12MiB/s ETA 00:21
[download]   0.0% of   46.41MiB at    2.17MiB/s ETA 00:21
[download]   0.0% of   46.41MiB at    3.82MiB/s ETA 00:12
[download]   0.1% of   46.41MiB at  788.79KiB/s ETA 01:00
[download]   0.1% of   46.41MiB at    1.33MiB/s ETA 00:34
[download]   0.3% of   46.41MiB at    2.19MiB/s ETA 00:21
[download]   0.5% of   46.41MiB at    3.29MiB/s ETA 00:14
[download]   1.1% of   46.41MiB at    2.81MiB/s ETA 00:16
[download]   2.2% of   46.41MiB at    3.65MiB/s ETA 00:12
[download]   4.3% of   46.41MiB at    4.76MiB/s ETA 00:09
[download]   8.6% of   46.41MiB at    5.51MiB/s ETA 00:07
[download]  17.2% of   46.41MiB at    6.04MiB/s ETA 00:06
[download]  20.6% of   46.41MiB at    5.99MiB/s ETA 00:06
[download]  20.6% of   46.41MiB at  Unknown B/s ETA Unknown
[download]  20.6% of   46.41MiB at    6.27MiB/s ETA 00:05
[download]  20.6% of   46.41MiB at    5.84MiB/s ETA 00:06
[download]  20.7% of   46.41MiB at  944.16KiB/s ETA 00:39
[download]  20.7% of   46.41MiB at    1.56MiB/s ETA 00:23
[download]  20.9% of   46.41MiB at    2.22MiB/s ETA 00:16
[download]  21.1% of   46.41MiB at    2.98MiB/s ETA 00:12
[download]  21.7% of   46.41MiB at    3.28MiB/s ETA 00:11
[download]  22.7% of   46.41MiB at    5.30MiB/s ETA 00:06
[download]  24.9% of   46.41MiB at    3.79MiB/s ETA 00:09
[download]  29.2% of   46.41MiB at    3.51MiB/s ETA 00:09
[download]  36.3% of   46.41MiB at    4.16MiB/s ETA 00:07
[download]  41.3% of   46.41MiB at    4.30MiB/s ETA 00:06
[download]  41.3% of   46.41MiB at  873.63KiB/s ETA 00:31
[download]  41.3% of   46.41MiB at    1.79MiB/s ETA 00:15
[download]  41.3% of   46.41MiB at    2.91MiB/s ETA 00:09
[download]  41.3% of   46.41MiB at    2.98MiB/s ETA 00:09
[download]  41.4% of   46.41MiB at    1.39MiB/s ETA 00:19
[download]  41.5% of   46.41MiB at    2.16MiB/s ETA 00:12
[download]  41.8% of   46.41MiB at    3.55MiB/s ETA 00:07
[download]  42.3% of   46.41MiB at    3.29MiB/s ETA 00:08
[download]  43.4% of   46.41MiB at    4.73MiB/s ETA 00:05
[download]  45.6% of   46.41MiB at    4.21MiB/s ETA 00:05
[download]  49.9% of   46.41MiB at    5.26MiB/s ETA 00:04
[download]  58.5% of   46.41MiB at    6.01MiB/s ETA 00:03
[download]  62.3% of   46.41MiB at    6.23MiB/s ETA 00:02
[download]  62.3% of   46.41MiB at  333.38KiB/s ETA 00:54
[download]  62.3% of   46.41MiB at    1.53MiB/s ETA 00:11
[download]  62.3% of   46.41MiB at    2.69MiB/s ETA 00:06
[download]  62.3% of   46.41MiB at    3.04MiB/s ETA 00:05
[download]  62.4% of   46.41MiB at    4.64MiB/s ETA 00:03
[download]  62.5% of   46.41MiB at    5.41MiB/s ETA 00:03
[download]  62.8% of   46.41MiB at    4.66MiB/s ETA 00:03
[download]  63.3% of   46.41MiB at    5.19MiB/s ETA 00:03
[download]  64.4% of   46.41MiB at    4.79MiB/s ETA 00:03
[download]  66.6% of   46.41MiB at    3.23MiB/s ETA 00:04
[download]  70.9% of   46.41MiB at    4.06MiB/s ETA 00:03
[download]  79.5% of   46.41MiB at    5.11MiB/s ETA 00:01
[download]  83.7% of   46.41MiB at    4.73MiB/s ETA 00:01
[download]  83.7% of   46.41MiB at  Unknown B/s ETA Unknown
[download]  83.7% of   46.41MiB at  881.64KiB/s ETA 00:08
[download]  83.7% of   46.41MiB at    1.69MiB/s ETA 00:04
[download]  83.8% of   46.41MiB at    2.73MiB/s ETA 00:02
[download]  83.9% of   46.41MiB at    3.75MiB/s ETA 00:01
[download]  84.2% of   46.41MiB at    4.45MiB/s ETA 00:01
[download]  84.7% of   46.41MiB at    4.02MiB/s ETA 00:01
[download]  85.8% of   46.41MiB at    5.23MiB/s ETA 00:01
[download]  88.0% of   46.41MiB at    4.66MiB/s ETA 00:01
[download]  92.3% of   46.41MiB at    4.89MiB/s ETA 00:00
[download] 100.0% of   46.41MiB at    5.11MiB/s ETA 00:00
[download] 100% of   46.41MiB in 00:00:10 at 4.48MiB/s
[ExtractAudio] Destination: Portuguese Talks/O que comunico quando me comunico ｜
 Mara Behlau ｜ TEDxGovernadorValadares.wav
Deleting original file Portuguese Talks/O que comunico quando me comunico ｜ Mara
 Behlau ｜ TEDxGovernadorValadares.mp4 (pass -k to keep)
[download] Downloading item 8 of 10
[youtube] Extracting URL: https://www.youtube.com/watch?v=VoqO9DyAEQ4
[youtube] VoqO9DyAEQ4: Downloading webpage
[youtube] VoqO9DyAEQ4: Downloading android player API JSON
[youtube] VoqO9DyAEQ4: Downloading web client config
[youtube] VoqO9DyAEQ4: Downloading web player API JSON
WARNING: [youtube] VoqO9DyAEQ4: Some android client https formats have been skip
ped as they are missing a URL. YouTube may have enabled the SABR-only streaming
experiment for the current session. See  https://github.com/yt-dlp/yt-dlp/issues
/12482  for more details
[info] VoqO9DyAEQ4: Downloading 1 format(s): 18
[info] There are no subtitles for the requested languages
[SubtitlesConvertor] There aren't any subtitles to convert
[download] Destination: Portuguese Talks/TEDxO'Porto - Miguel Gonçalves - Haja n
ovamente navegadores em Portugal.mp4
[download]   0.0% of   53.63MiB at    2.87MiB/s ETA 00:18
[download]   0.0% of   53.63MiB at    4.48MiB/s ETA 00:12
[download]   0.1% of   53.63MiB at    2.34MiB/s ETA 00:22
[download]   0.1% of   53.63MiB at    1.70MiB/s ETA 00:31
[download]   0.2% of   53.63MiB at    2.51MiB/s ETA 00:21
[download]   0.5% of   53.63MiB at    2.00MiB/s ETA 00:26
[download]   0.9% of   53.63MiB at    3.17MiB/s ETA 00:16
[download]   1.9% of   53.63MiB at    3.28MiB/s ETA 00:16
[download]   3.7% of   53.63MiB at    2.67MiB/s ETA 00:19
[download]   7.5% of   53.63MiB at    3.68MiB/s ETA 00:13
[download]  14.9% of   53.63MiB at    3.08MiB/s ETA 00:14
[download]  18.6% of   53.63MiB at    3.34MiB/s ETA 00:13
[download]  18.6% of   53.63MiB at  Unknown B/s ETA Unknown
[download]  18.6% of   53.63MiB at  Unknown B/s ETA 00:06
[download]  18.7% of   53.63MiB at   54.96KiB/s ETA 13:32
[download]  18.7% of   53.63MiB at   99.16KiB/s ETA 07:30
[download]  18.8% of   53.63MiB at  103.88KiB/s ETA 07:09
[download]  18.9% of   53.63MiB at  131.07KiB/s ETA 05:39
[download]  19.1% of   53.63MiB at  138.27KiB/s ETA 05:21
[download]  19.4% of   53.63MiB at  150.98KiB/s ETA 04:53
[download]  19.7% of   53.63MiB at  163.50KiB/s ETA 04:29
[download]  20.1% of   53.63MiB at  173.22KiB/s ETA 04:13
[download]  20.4% of   53.63MiB at  172.61KiB/s ETA 04:13
[download]  20.8% of   53.63MiB at  178.88KiB/s ETA 04:03
[download]  21.2% of   53.63MiB at  186.60KiB/s ETA 03:52
[download]  21.6% of   53.63MiB at  193.68KiB/s ETA 03:42
[download]  22.1% of   53.63MiB at  204.25KiB/s ETA 03:29
[download]  22.6% of   53.63MiB at  219.52KiB/s ETA 03:13
[download]  23.3% of   53.63MiB at  229.21KiB/s ETA 03:03
[download]  23.9% of   53.63MiB at  239.93KiB/s ETA 02:54
[download]  24.6% of   53.63MiB at  252.84KiB/s ETA 02:43
[download]  25.4% of   53.63MiB at  264.47KiB/s ETA 02:34
[download]  26.1% of   53.63MiB at  276.29KiB/s ETA 02:26
[download]  27.0% of   53.63MiB at  293.94KiB/s ETA 02:16
[download]  28.2% of   53.63MiB at  321.66KiB/s ETA 02:02
[download]  29.8% of   53.63MiB at  350.71KiB/s ETA 01:49
[download]  31.2% of   53.63MiB at  378.71KiB/s ETA 01:39
[download]  33.1% of   53.63MiB at  411.99KiB/s ETA 01:29
[download]  34.9% of   53.63MiB at  439.39KiB/s ETA 01:21
[download]  36.5% of   53.63MiB at  469.16KiB/s ETA 01:14
[download]  36.5% of   53.63MiB at  350.34KiB/s ETA 01:39
[download]  36.5% of   53.63MiB at    1.59MiB/s ETA 00:21
[download]  36.5% of   53.63MiB at    2.69MiB/s ETA 00:12
[download]  36.6% of   53.63MiB at  941.03KiB/s ETA 00:37
[download]  36.6% of   53.63MiB at    1.58MiB/s ETA 00:21
[download]  36.7% of   53.63MiB at    2.54MiB/s ETA 00:13
[download]  37.0% of   53.63MiB at    4.01MiB/s ETA 00:08
[download]  37.4% of   53.63MiB at    3.69MiB/s ETA 00:09
[download]  38.4% of   53.63MiB at    5.65MiB/s ETA 00:05
[download]  40.2% of   53.63MiB at    5.22MiB/s ETA 00:06
[download]  44.0% of   53.63MiB at    5.30MiB/s ETA 00:05
[download]  51.4% of   53.63MiB at    4.72MiB/s ETA 00:05
[download]  54.9% of   53.63MiB at    4.79MiB/s ETA 00:05
[download]  54.9% of   53.63MiB at  Unknown B/s ETA Unknown
[download]  54.9% of   53.63MiB at    4.75MiB/s ETA 00:05
[download]  54.9% of   53.63MiB at   85.99KiB/s ETA 04:48
[download]  54.9% of   53.63MiB at  159.24KiB/s ETA 02:35
[download]  55.0% of   53.63MiB at  181.34KiB/s ETA 02:16
[download]  55.1% of   53.63MiB at  237.22KiB/s ETA 01:43
[download]  55.3% of   53.63MiB at  346.68KiB/s ETA 01:10
[download]  55.8% of   53.63MiB at  524.50KiB/s ETA 00:46
[download]  56.7% of   53.63MiB at  817.29KiB/s ETA 00:29
[download]  58.6% of   53.63MiB at    1.27MiB/s ETA 00:17
[download]  62.3% of   53.63MiB at    2.00MiB/s ETA 00:10
[download]  69.8% of   53.63MiB at    2.82MiB/s ETA 00:05
[download]  73.5% of   53.63MiB at    3.45MiB/s ETA 00:04
[download]  73.5% of   53.63MiB at  163.94KiB/s ETA 01:29
[download]  73.5% of   53.63MiB at  452.54KiB/s ETA 00:32
[download]  73.5% of   53.63MiB at  533.60KiB/s ETA 00:27
[download]  73.5% of   53.63MiB at  493.34KiB/s ETA 00:29
[download]  73.5% of   53.63MiB at  159.43KiB/s ETA 01:31
[download]  73.6% of   53.63MiB at  205.21KiB/s ETA 01:10
[download]  73.7% of   53.63MiB at  289.87KiB/s ETA 00:49
[download]  74.0% of   53.63MiB at  411.26KiB/s ETA 00:34
[download]  74.4% of   53.63MiB at  651.54KiB/s ETA 00:21
[download]  75.4% of   53.63MiB at    1.05MiB/s ETA 00:12
[download]  77.2% of   53.63MiB at    1.75MiB/s ETA 00:06
[download]  80.9% of   53.63MiB at    2.54MiB/s ETA 00:04
[download]  88.4% of   53.63MiB at    3.87MiB/s ETA 00:01
[download]  91.8% of   53.63MiB at    3.97MiB/s ETA 00:01
[download]  91.8% of   53.63MiB at  Unknown B/s ETA Unknown
[download]  91.8% of   53.63MiB at    5.98MiB/s ETA 00:00
[download]  91.8% of   53.63MiB at   50.07KiB/s ETA 01:30
[download]  91.8% of   53.63MiB at   91.87KiB/s ETA 00:48
[download]  91.9% of   53.63MiB at  109.35KiB/s ETA 00:40
[download]  92.0% of   53.63MiB at  138.56KiB/s ETA 00:31
[download]  92.2% of   53.63MiB at  164.87KiB/s ETA 00:25
[download]  92.6% of   53.63MiB at  187.96KiB/s ETA 00:21
[download]  93.0% of   53.63MiB at  228.85KiB/s ETA 00:16
[download]  93.8% of   53.63MiB at  297.67KiB/s ETA 00:11
[download]  94.9% of   53.63MiB at  374.64KiB/s ETA 00:07
[download]  96.1% of   53.63MiB at  487.69KiB/s ETA 00:04
[download]  98.7% of   53.63MiB at  628.72KiB/s ETA 00:01
[download] 100.0% of   53.63MiB at  713.95KiB/s ETA 00:00
[download] 100% of   53.63MiB in 00:00:42 at 1.27MiB/s
[ExtractAudio] Destination: Portuguese Talks/TEDxO'Porto - Miguel Gonçalves - Ha
ja novamente navegadores em Portugal.wav
Deleting original file Portuguese Talks/TEDxO'Porto - Miguel Gonçalves - Haja no
vamente navegadores em Portugal.mp4 (pass -k to keep)
[download] Downloading item 9 of 10
[youtube] Extracting URL: https://www.youtube.com/watch?v=i9EVCvVpBjc
[youtube] i9EVCvVpBjc: Downloading webpage
[youtube] i9EVCvVpBjc: Downloading android player API JSON
[youtube] i9EVCvVpBjc: Downloading web client config
[youtube] i9EVCvVpBjc: Downloading web player API JSON
WARNING: [youtube] i9EVCvVpBjc: Some android client https formats have been skip
ped as they are missing a URL. YouTube may have enabled the SABR-only streaming
experiment for the current session. See  https://github.com/yt-dlp/yt-dlp/issues
/12482  for more details
[info] i9EVCvVpBjc: Downloading subtitles: pt-PT
[info] i9EVCvVpBjc: Downloading 1 format(s): 18
[info] Writing video subtitles to: Portuguese Talks/Faz o teu caminho ｜ Nuno San
tos ｜ TEDxULisboa.pt-PT.vtt
WARNING: The extractor specified to use impersonation for this download, but no
impersonate target is available. If you encounter errors, then see  https://gith
ub.com/yt-dlp/yt-dlp#impersonation  for information on installing the required d
ependencies
[download] Destination: Portuguese Talks/Faz o teu caminho ｜ Nuno Santos ｜ TEDxU
Lisboa.pt-PT.vtt
[download]    7.00KiB at    5.47MiB/s (00:00:00)
[download]   15.00KiB at    2.23MiB/s (00:00:00)
[download]   21.50KiB at  316.55KiB/s (00:00:00)
[download] 100% of   21.50KiB in 00:00:00 at 39.82KiB/s
[SubtitlesConvertor] Converting subtitles
Deleting original file Portuguese Talks/Faz o teu caminho ｜ Nuno Santos ｜ TEDxUL
isboa.pt-PT.vtt (pass -k to keep)
[download] Destination: Portuguese Talks/Faz o teu caminho ｜ Nuno Santos ｜ TEDxU
Lisboa.mp4
[download]   0.0% of   38.22MiB at  694.62KiB/s ETA 00:56
[download]   0.0% of   38.22MiB at   46.29KiB/s ETA 14:05
[download]   0.1% of   38.22MiB at   76.34KiB/s ETA 08:32
[download]   0.2% of   38.22MiB at  114.33KiB/s ETA 05:41
[download]   0.3% of   38.22MiB at  151.90KiB/s ETA 04:16
[download]   0.7% of   38.22MiB at  231.18KiB/s ETA 02:48
[download]   1.3% of   38.22MiB at  368.07KiB/s ETA 01:44
[download]   2.6% of   38.22MiB at  606.05KiB/s ETA 01:02
[download]   5.2% of   38.22MiB at 1017.70KiB/s ETA 00:36
[download]  10.5% of   38.22MiB at    1.68MiB/s ETA 00:20
[download]  20.9% of   38.22MiB at    2.41MiB/s ETA 00:12
[download]  25.5% of   38.22MiB at    2.74MiB/s ETA 00:10
[download]  25.5% of   38.22MiB at  Unknown B/s ETA Unknown
[download]  25.5% of   38.22MiB at  129.10KiB/s ETA 03:45
[download]  25.5% of   38.22MiB at  290.35KiB/s ETA 01:40
[download]  25.6% of   38.22MiB at   56.60KiB/s ETA 08:34
[download]  25.6% of   38.22MiB at   86.11KiB/s ETA 05:38
[download]  25.7% of   38.22MiB at  105.24KiB/s ETA 04:36
[download]  25.8% of   38.22MiB at  153.24KiB/s ETA 03:09
[download]  26.2% of   38.22MiB at  221.81KiB/s ETA 02:10
[download]  26.8% of   38.22MiB at  346.25KiB/s ETA 01:22
[download]  28.1% of   38.22MiB at  560.83KiB/s ETA 00:50
[download]  30.8% of   38.22MiB at  886.71KiB/s ETA 00:30
[download]  36.0% of   38.22MiB at    1.60MiB/s ETA 00:15
[download]  46.4% of   38.22MiB at    1.80MiB/s ETA 00:11
[download]  50.9% of   38.22MiB at    2.08MiB/s ETA 00:09
[download]  50.9% of   38.22MiB at  Unknown B/s ETA Unknown
[download]  50.9% of   38.22MiB at    5.08MiB/s ETA 00:03
[download]  50.9% of   38.22MiB at  511.75KiB/s ETA 00:37
[download]  51.0% of   38.22MiB at  100.92KiB/s ETA 03:10
[download]  51.0% of   38.22MiB at  109.76KiB/s ETA 02:54
[download]  51.2% of   38.22MiB at  148.43KiB/s ETA 02:08
[download]  51.5% of   38.22MiB at  219.95KiB/s ETA 01:26
[download]  52.2% of   38.22MiB at  339.06KiB/s ETA 00:55
[download]  53.5% of   38.22MiB at  557.00KiB/s ETA 00:32
[download]  56.1% of   38.22MiB at  963.99KiB/s ETA 00:17
[download]  61.3% of   38.22MiB at    1.06MiB/s ETA 00:13
[download]  64.5% of   38.22MiB at    1.32MiB/s ETA 00:10
[download]  70.9% of   38.22MiB at    1.41MiB/s ETA 00:07
[download]  75.2% of   38.22MiB at    1.45MiB/s ETA 00:06
[download]  75.7% of   38.22MiB at    1.47MiB/s ETA 00:06
[download]  75.7% of   38.22MiB at  Unknown B/s ETA Unknown
[download]  75.8% of   38.22MiB at    5.41MiB/s ETA 00:01
[download]  75.8% of   38.22MiB at    6.01MiB/s ETA 00:01
[download]  75.8% of   38.22MiB at    1.77MiB/s ETA 00:05
[download]  75.9% of   38.22MiB at    2.60MiB/s ETA 00:03
[download]  76.1% of   38.22MiB at    3.13MiB/s ETA 00:02
[download]  76.4% of   38.22MiB at    2.83MiB/s ETA 00:03
[download]  77.1% of   38.22MiB at    3.32MiB/s ETA 00:02
[download]  78.4% of   38.22MiB at    4.39MiB/s ETA 00:01
[download]  81.0% of   38.22MiB at    4.32MiB/s ETA 00:01
[download]  86.2% of   38.22MiB at    5.46MiB/s ETA 00:00
[download]  96.7% of   38.22MiB at    4.93MiB/s ETA 00:00
[download] 100.0% of   38.22MiB at    5.10MiB/s ETA 00:00
[download] 100% of   38.22MiB in 00:00:22 at 1.73MiB/s
[ExtractAudio] Destination: Portuguese Talks/Faz o teu caminho ｜ Nuno Santos ｜ T
EDxULisboa.wav
Deleting original file Portuguese Talks/Faz o teu caminho ｜ Nuno Santos ｜ TEDxUL
isboa.mp4 (pass -k to keep)
[download] Downloading item 10 of 10
[youtube] Extracting URL: https://www.youtube.com/watch?v=dgpA9wBtxeY
[youtube] dgpA9wBtxeY: Downloading webpage
[youtube] dgpA9wBtxeY: Downloading android player API JSON
[youtube] dgpA9wBtxeY: Downloading web client config
[youtube] dgpA9wBtxeY: Downloading web player API JSON
WARNING: [youtube] dgpA9wBtxeY: Some android client https formats have been skip
ped as they are missing a URL. YouTube may have enabled the SABR-only streaming
experiment for the current session. See  https://github.com/yt-dlp/yt-dlp/issues
/12482  for more details
[info] dgpA9wBtxeY: Downloading 1 format(s): 18
[info] There are no subtitles for the requested languages
[SubtitlesConvertor] There aren't any subtitles to convert
[download] Destination: Portuguese Talks/O Verdadeiro Storytelling. Aristóteles
não morreu. ｜ Joni Galvão ｜ TEDxLencois Paulista.mp4
[download]   0.0% of   43.08MiB at    1.58MiB/s ETA 00:27
[download]   0.0% of   43.08MiB at   47.63KiB/s ETA 15:25
[download]   0.1% of   43.08MiB at   77.40KiB/s ETA 09:29
[download]   0.1% of   43.08MiB at   99.00KiB/s ETA 07:24
[download]   0.3% of   43.08MiB at  137.88KiB/s ETA 05:19
[download]   0.6% of   43.08MiB at  193.68KiB/s ETA 03:46
[download]   1.2% of   43.08MiB at  214.20KiB/s ETA 03:23
[download]   1.7% of   43.08MiB at  304.99KiB/s ETA 02:22
[download]   2.8% of   43.08MiB at  464.12KiB/s ETA 01:32
[download]   5.0% of   43.08MiB at  522.51KiB/s ETA 01:20
[download]   6.4% of   43.08MiB at  585.00KiB/s ETA 01:10
[download]   8.7% of   43.08MiB at  609.69KiB/s ETA 01:06
[download]  10.2% of   43.08MiB at  625.60KiB/s ETA 01:03
[download]  11.9% of   43.08MiB at  608.62KiB/s ETA 01:03
[download]  13.1% of   43.08MiB at  633.16KiB/s ETA 01:00
[download]  15.4% of   43.08MiB at  648.12KiB/s ETA 00:57
[download]  17.1% of   43.08MiB at  660.41KiB/s ETA 00:55
[download]  18.9% of   43.08MiB at  679.40KiB/s ETA 00:52
[download]  21.0% of   43.08MiB at  704.08KiB/s ETA 00:49
[download]  22.2% of   43.08MiB at  697.41KiB/s ETA 00:49
[download]  22.2% of   43.08MiB at   26.44KiB/s ETA 21:37
[download]  22.2% of   43.08MiB at   78.19KiB/s ETA 07:18
[download]  22.3% of   43.08MiB at   95.51KiB/s ETA 05:59
[download]  22.3% of   43.08MiB at   44.60KiB/s ETA 12:48
[download]  22.3% of   43.08MiB at   83.87KiB/s ETA 06:48
[download]  22.4% of   43.08MiB at   97.91KiB/s ETA 05:49
[download]  22.5% of   43.08MiB at  136.90KiB/s ETA 04:09
[download]  22.8% of   43.08MiB at  197.71KiB/s ETA 02:52
[download]  23.4% of   43.08MiB at  305.06KiB/s ETA 01:50
[download]  24.6% of   43.08MiB at  394.90KiB/s ETA 01:24
[download]  25.8% of   43.08MiB at  603.00KiB/s ETA 00:54
[download]  28.4% of   43.08MiB at  825.23KiB/s ETA 00:38
[download]  32.3% of   43.08MiB at  941.19KiB/s ETA 00:31
[download]  35.0% of   43.08MiB at    1.01MiB/s ETA 00:27
[download]  38.6% of   43.08MiB at    1.01MiB/s ETA 00:26
[download]  41.0% of   43.08MiB at    1.03MiB/s ETA 00:24
[download]  43.7% of   43.08MiB at    1.10MiB/s ETA 00:22
[download]  44.7% of   43.08MiB at    1.05MiB/s ETA 00:22
[download]  44.7% of   43.08MiB at  323.04KiB/s ETA 01:15
[download]  44.7% of   43.08MiB at  811.64KiB/s ETA 00:30
[download]  44.7% of   43.08MiB at  233.25KiB/s ETA 01:44
[download]  44.7% of   43.08MiB at   53.83KiB/s ETA 07:33
[download]  44.7% of   43.08MiB at   82.87KiB/s ETA 04:54
[download]  44.8% of   43.08MiB at  108.31KiB/s ETA 03:44
[download]  45.0% of   43.08MiB at  150.25KiB/s ETA 02:41
[download]  45.2% of   43.08MiB at  220.98KiB/s ETA 01:49
[download]  45.8% of   43.08MiB at  344.00KiB/s ETA 01:09
[download]  47.0% of   43.08MiB at  562.17KiB/s ETA 00:41
[download]  49.3% of   43.08MiB at  955.20KiB/s ETA 00:23
[download]  54.0% of   43.08MiB at    1.07MiB/s ETA 00:18
[download]  56.9% of   43.08MiB at    1.41MiB/s ETA 00:13
[download]  62.7% of   43.08MiB at    2.01MiB/s ETA 00:08
[download]  67.0% of   43.08MiB at    1.59MiB/s ETA 00:08
[download]  67.0% of   43.08MiB at  330.08KiB/s ETA 00:44
[download]  67.0% of   43.08MiB at  862.08KiB/s ETA 00:16
[download]  67.0% of   43.08MiB at  214.09KiB/s ETA 01:07
[download]  67.1% of   43.08MiB at   54.73KiB/s ETA 04:25
[download]  67.1% of   43.08MiB at   91.60KiB/s ETA 02:38
[download]  67.2% of   43.08MiB at   70.55KiB/s ETA 03:25
[download]  67.3% of   43.08MiB at  120.93KiB/s ETA 01:59
[download]  67.6% of   43.08MiB at  114.30KiB/s ETA 02:05
[download]  67.8% of   43.08MiB at  102.25KiB/s ETA 02:18
[download]  68.0% of   43.08MiB at  104.36KiB/s ETA 02:15
[download]  68.3% of   43.08MiB at  107.60KiB/s ETA 02:10
[download]  68.5% of   43.08MiB at  100.97KiB/s ETA 02:17
[download]  68.7% of   43.08MiB at  102.19KiB/s ETA 02:15
[download]  69.0% of   43.08MiB at   95.09KiB/s ETA 02:23
[download]  69.1% of   43.08MiB at   92.61KiB/s ETA 02:27
[download]  69.3% of   43.08MiB at   91.06KiB/s ETA 02:28
[download]  69.4% of   43.08MiB at   90.88KiB/s ETA 02:28
[download]  69.6% of   43.08MiB at   90.57KiB/s ETA 02:27
[download]  69.8% of   43.08MiB at   90.21KiB/s ETA 02:27
[download]  70.0% of   43.08MiB at   88.41KiB/s ETA 02:29
[download]  70.2% of   43.08MiB at   89.48KiB/s ETA 02:26
[download]  70.5% of   43.08MiB at   88.25KiB/s ETA 02:27
[download]  70.6% of   43.08MiB at   89.02KiB/s ETA 02:25
[download]  70.9% of   43.08MiB at   87.99KiB/s ETA 02:26
[download]  71.0% of   43.08MiB at   87.99KiB/s ETA 02:25
[download]  71.2% of   43.08MiB at   85.87KiB/s ETA 02:27
[download]  71.4% of   43.08MiB at   85.66KiB/s ETA 02:27
[download]  71.6% of   43.08MiB at   85.27KiB/s ETA 02:27
[download]  71.7% of   43.08MiB at   83.01KiB/s ETA 02:30
[download]  71.8% of   43.08MiB at   82.41KiB/s ETA 02:30
[download]  72.0% of   43.08MiB at   81.85KiB/s ETA 02:30
[download]  72.1% of   43.08MiB at   80.19KiB/s ETA 02:33
[download]  72.2% of   43.08MiB at   79.07KiB/s ETA 02:34
[download]  72.4% of   43.08MiB at   79.40KiB/s ETA 02:33
[download]  72.6% of   43.08MiB at   77.21KiB/s ETA 02:36
[download]  72.7% of   43.08MiB at   76.44KiB/s ETA 02:37
[download]  72.8% of   43.08MiB at   75.98KiB/s ETA 02:37
[download]  72.9% of   43.08MiB at   74.94KiB/s ETA 02:39
[download]  73.0% of   43.08MiB at   74.68KiB/s ETA 02:39
[download]  73.2% of   43.08MiB at   74.30KiB/s ETA 02:39
[download]  73.3% of   43.08MiB at   74.25KiB/s ETA 02:38
[download]  73.5% of   43.08MiB at   73.54KiB/s ETA 02:39
[download]  73.6% of   43.08MiB at   72.93KiB/s ETA 02:39
[download]  73.7% of   43.08MiB at   72.92KiB/s ETA 02:39
[download]  73.9% of   43.08MiB at   72.88KiB/s ETA 02:38
[download]  74.0% of   43.08MiB at   73.16KiB/s ETA 02:36
[download]  74.2% of   43.08MiB at   74.13KiB/s ETA 02:33
[download]  74.6% of   43.08MiB at   76.03KiB/s ETA 02:27
[download]  75.0% of   43.08MiB at   78.37KiB/s ETA 02:20
[download]  75.4% of   43.08MiB at   80.87KiB/s ETA 02:14
[download]  75.8% of   43.08MiB at   83.55KiB/s ETA 02:07
[download]  76.3% of   43.08MiB at   86.06KiB/s ETA 02:01
[download]  76.8% of   43.08MiB at   88.46KiB/s ETA 01:55
[download]  77.2% of   43.08MiB at   90.77KiB/s ETA 01:50
[download]  77.7% of   43.08MiB at   92.46KiB/s ETA 01:46
[download]  78.0% of   43.08MiB at   93.91KiB/s ETA 01:43
[download]  78.4% of   43.08MiB at   95.42KiB/s ETA 01:39
[download]  78.8% of   43.08MiB at   97.21KiB/s ETA 01:36
[download]  79.3% of   43.08MiB at   99.69KiB/s ETA 01:31
[download]  79.9% of   43.08MiB at  103.00KiB/s ETA 01:26
[download]  80.7% of   43.08MiB at  107.04KiB/s ETA 01:19
[download]  81.4% of   43.08MiB at  111.69KiB/s ETA 01:13
[download]  82.6% of   43.08MiB at  118.18KiB/s ETA 01:04
[download]  83.5% of   43.08MiB at  122.96KiB/s ETA 00:59
[download]  84.5% of   43.08MiB at  127.95KiB/s ETA 00:53
[download]  85.4% of   43.08MiB at  132.98KiB/s ETA 00:48
[download]  86.5% of   43.08MiB at  138.28KiB/s ETA 00:43
[download]  87.5% of   43.08MiB at  143.56KiB/s ETA 00:38
[download]  88.6% of   43.08MiB at  148.77KiB/s ETA 00:33
[download]  89.5% of   43.08MiB at  152.84KiB/s ETA 00:30
[download]  89.5% of   43.08MiB at  320.42KiB/s ETA 00:14
[download]  89.5% of   43.08MiB at    1.56MiB/s ETA 00:02
[download]  89.5% of   43.08MiB at    2.62MiB/s ETA 00:01
[download]  89.5% of   43.08MiB at    3.08MiB/s ETA 00:01
[download]  89.6% of   43.08MiB at    3.69MiB/s ETA 00:01
[download]  89.7% of   43.08MiB at    3.75MiB/s ETA 00:01
[download]  90.0% of   43.08MiB at    1.80MiB/s ETA 00:02
[download]  90.6% of   43.08MiB at    2.61MiB/s ETA 00:01
[download]  91.8% of   43.08MiB at    3.03MiB/s ETA 00:01
[download]  94.1% of   43.08MiB at    3.22MiB/s ETA 00:00
[download]  98.7% of   43.08MiB at    3.07MiB/s ETA 00:00
[download] 100.0% of   43.08MiB at    3.24MiB/s ETA 00:00
[download] 100% of   43.08MiB in 00:01:47 at 411.53KiB/s
[ExtractAudio] Destination: Portuguese Talks/O Verdadeiro Storytelling. Aristóte
les não morreu. ｜ Joni Galvão ｜ TEDxLencois Paulista.wav
Deleting original file Portuguese Talks/O Verdadeiro Storytelling. Aristóteles n
ão morreu. ｜ Joni Galvão ｜ TEDxLencois Paulista.mp4 (pass -k to keep)
[download] Finished downloading playlist: TED talk in Portuguese
----------------------------------------
Starting batch for: Hindi
Folder: Hindi Talks
Subtitles: en.*, hi.*
[youtube:search] Extracting URL: ytsearch10:TED talk in Hindi
[download] Downloading playlist: TED talk in Hindi
[youtube:search] query "TED talk in Hindi": Downloading web client config
[youtube:search] query "TED talk in Hindi" page 1: Downloading API JSON
[youtube:search] Playlist TED talk in Hindi: Downloading 10 items of 10
[download] Downloading item 1 of 10
[youtube] Extracting URL: https://www.youtube.com/watch?v=0_dfYCkD5xM
[youtube] 0_dfYCkD5xM: Downloading webpage
[youtube] 0_dfYCkD5xM: Downloading android player API JSON
[youtube] 0_dfYCkD5xM: Downloading web client config
[youtube] 0_dfYCkD5xM: Downloading web player API JSON
WARNING: [youtube] 0_dfYCkD5xM: Some android client https formats have been skip
ped as they are missing a URL. YouTube may have enabled the SABR-only streaming
experiment for the current session. See  https://github.com/yt-dlp/yt-dlp/issues
/12482  for more details
[info] 0_dfYCkD5xM: Downloading 1 format(s): 18
[info] There are no subtitles for the requested languages
[SubtitlesConvertor] There aren't any subtitles to convert
[download] Destination: Hindi Talks/＂Wo Chaar Log＂ - Kuch To Log Kahenge ｜ Mrs K
ena Shree ｜ TEDxSCBMCH.mp4
[download]   0.0% of   51.23MiB at    6.96MiB/s ETA 00:07
[download]   0.1% of   51.23MiB at  845.07KiB/s ETA 01:02
[download]   0.1% of   51.23MiB at    1.42MiB/s ETA 00:36
[download]   0.2% of   51.23MiB at    2.35MiB/s ETA 00:21
[download]   0.5% of   51.23MiB at    3.57MiB/s ETA 00:14
[download]   1.0% of   51.23MiB at    1.07MiB/s ETA 00:47
[download]   2.0% of   51.23MiB at    1.69MiB/s ETA 00:29
[download]   3.9% of   51.23MiB at    1.87MiB/s ETA 00:26
[download]   7.8% of   51.23MiB at    2.22MiB/s ETA 00:21
[download]  13.2% of   51.23MiB at    2.95MiB/s ETA 00:15
[download]  18.9% of   51.23MiB at    2.98MiB/s ETA 00:13
[download]  18.9% of   51.23MiB at  166.56KiB/s ETA 04:16
[download]  18.9% of   51.23MiB at    1.84MiB/s ETA 00:22
[download]  18.9% of   51.23MiB at    1.91MiB/s ETA 00:21
[download]  19.0% of   51.23MiB at    2.39MiB/s ETA 00:17
[download]  19.1% of   51.23MiB at    3.15MiB/s ETA 00:13
[download]  19.4% of   51.23MiB at    2.26MiB/s ETA 00:18
[download]  19.8% of   51.23MiB at    3.00MiB/s ETA 00:13
[download]  20.8% of   51.23MiB at    2.90MiB/s ETA 00:13
[download]  22.8% of   51.23MiB at    3.00MiB/s ETA 00:13
[download]  26.7% of   51.23MiB at    3.40MiB/s ETA 00:11
[download]  34.3% of   51.23MiB at    2.56MiB/s ETA 00:13
[download]  38.0% of   51.23MiB at    2.37MiB/s ETA 00:13
[download]  38.0% of   51.23MiB at  Unknown B/s ETA Unknown
[download]  38.0% of   51.23MiB at    1.93MiB/s ETA 00:16
[download]  38.0% of   51.23MiB at    1.42MiB/s ETA 00:22
[download]  38.1% of   51.23MiB at    2.28MiB/s ETA 00:13
[download]  38.1% of   51.23MiB at    1.70MiB/s ETA 00:18
[download]  38.3% of   51.23MiB at    2.22MiB/s ETA 00:14
[download]  38.5% of   51.23MiB at    1.84MiB/s ETA 00:17
[download]  39.0% of   51.23MiB at    1.54MiB/s ETA 00:20
[download]  40.0% of   51.23MiB at    2.11MiB/s ETA 00:14
[download]  41.9% of   51.23MiB at    2.07MiB/s ETA 00:14
[download]  45.8% of   51.23MiB at    2.77MiB/s ETA 00:10
[download]  53.6% of   51.23MiB at    2.06MiB/s ETA 00:11
[download]  56.9% of   51.23MiB at    2.12MiB/s ETA 00:10
[download]  56.9% of   51.23MiB at  352.76KiB/s ETA 01:04
[download]  56.9% of   51.23MiB at    1.69MiB/s ETA 00:13
[download]  56.9% of   51.23MiB at  634.85KiB/s ETA 00:35
[download]  56.9% of   51.23MiB at  764.36KiB/s ETA 00:29
[download]  57.0% of   51.23MiB at    1.21MiB/s ETA 00:18
[download]  57.1% of   51.23MiB at    2.05MiB/s ETA 00:10
[download]  57.4% of   51.23MiB at    2.66MiB/s ETA 00:08
[download]  57.9% of   51.23MiB at    3.96MiB/s ETA 00:05
[download]  58.8% of   51.23MiB at    5.03MiB/s ETA 00:04
[download]  60.8% of   51.23MiB at    6.15MiB/s ETA 00:03
[download]  64.7% of   51.23MiB at    7.25MiB/s ETA 00:02
[download]  72.5% of   51.23MiB at    2.40MiB/s ETA 00:05
[download]  76.3% of   51.23MiB at    2.61MiB/s ETA 00:04
[download]  76.3% of   51.23MiB at  Unknown B/s ETA Unknown
[download]  76.3% of   51.23MiB at    2.14MiB/s ETA 00:05
[download]  76.3% of   51.23MiB at    3.77MiB/s ETA 00:03
[download]  76.4% of   51.23MiB at    3.51MiB/s ETA 00:03
[download]  76.5% of   51.23MiB at    2.50MiB/s ETA 00:04
[download]  76.8% of   51.23MiB at    3.41MiB/s ETA 00:03
[download]  77.2% of   51.23MiB at    4.08MiB/s ETA 00:02
[download]  78.2% of   51.23MiB at    3.99MiB/s ETA 00:02
[download]  80.2% of   51.23MiB at    2.23MiB/s ETA 00:04
[download]  83.2% of   51.23MiB at    1.93MiB/s ETA 00:04
[download]  86.4% of   51.23MiB at    2.12MiB/s ETA 00:03
[download]  91.7% of   51.23MiB at    2.55MiB/s ETA 00:01
[download]  95.4% of   51.23MiB at    2.65MiB/s ETA 00:00
[download]  95.4% of   51.23MiB at  317.58KiB/s ETA 00:07
[download]  95.4% of   51.23MiB at  850.48KiB/s ETA 00:02
[download]  95.4% of   51.23MiB at  481.26KiB/s ETA 00:04
[download]  95.5% of   51.23MiB at  965.08KiB/s ETA 00:02
[download]  95.5% of   51.23MiB at  718.42KiB/s ETA 00:03
[download]  95.5% of   51.23MiB at    1.21MiB/s ETA 00:01
[download]  95.7% of   51.23MiB at    1.86MiB/s ETA 00:01
[download]  95.9% of   51.23MiB at    2.22MiB/s ETA 00:00
[download]  96.4% of   51.23MiB at    2.69MiB/s ETA 00:00
[download]  97.4% of   51.23MiB at    2.88MiB/s ETA 00:00
[download]  99.3% of   51.23MiB at    3.91MiB/s ETA 00:00
[download] 100.0% of   51.23MiB at    4.18MiB/s ETA 00:00
[download] 100% of   51.23MiB in 00:00:21 at 2.36MiB/s
[ExtractAudio] Destination: Hindi Talks/＂Wo Chaar Log＂ - Kuch To Log Kahenge ｜ M
rs Kena Shree ｜ TEDxSCBMCH.wav
Deleting original file Hindi Talks/＂Wo Chaar Log＂ - Kuch To Log Kahenge ｜ Mrs Ke
na Shree ｜ TEDxSCBMCH.mp4 (pass -k to keep)
[download] Downloading item 2 of 10
[youtube] Extracting URL: https://www.youtube.com/watch?v=t9fP_b8Ebow
[youtube] t9fP_b8Ebow: Downloading webpage
[youtube] t9fP_b8Ebow: Downloading android player API JSON
[youtube] t9fP_b8Ebow: Downloading web client config
[youtube] t9fP_b8Ebow: Downloading web player API JSON
WARNING: [youtube] t9fP_b8Ebow: Some android client https formats have been skip
ped as they are missing a URL. YouTube may have enabled the SABR-only streaming
experiment for the current session. See  https://github.com/yt-dlp/yt-dlp/issues
/12482  for more details
[info] t9fP_b8Ebow: Downloading 1 format(s): 18
[info] There are no subtitles for the requested languages
[SubtitlesConvertor] There aren't any subtitles to convert
[download] Destination: Hindi Talks/Stand Alone to Stand Apart ｜ Bhuvan Bam ｜ TE
DxJUIT.mp4
[download]   0.0% of   49.28MiB at    2.29MiB/s ETA 00:21
[download]   0.0% of   49.28MiB at    3.20MiB/s ETA 00:15
[download]   0.1% of   49.28MiB at    1.84MiB/s ETA 00:26
[download]   0.1% of   49.28MiB at    1.17MiB/s ETA 00:42
[download]   0.3% of   49.28MiB at    1.24MiB/s ETA 00:39
[download]   0.5% of   49.28MiB at    1.57MiB/s ETA 00:31
[download]   1.0% of   49.28MiB at    1.63MiB/s ETA 00:29
[download]   2.0% of   49.28MiB at    2.01MiB/s ETA 00:24
[download]   4.1% of   49.28MiB at    2.74MiB/s ETA 00:17
[download]   8.1% of   49.28MiB at    3.75MiB/s ETA 00:12
[download]  16.2% of   49.28MiB at    4.81MiB/s ETA 00:08
[download]  20.0% of   49.28MiB at    3.61MiB/s ETA 00:10
[download]  20.0% of   49.28MiB at  326.58KiB/s ETA 02:04
[download]  20.0% of   49.28MiB at    2.83MiB/s ETA 00:13
[download]  20.0% of   49.28MiB at    3.13MiB/s ETA 00:12
[download]  20.1% of   49.28MiB at    3.74MiB/s ETA 00:10
[download]  20.2% of   49.28MiB at    4.69MiB/s ETA 00:08
[download]  20.5% of   49.28MiB at    5.31MiB/s ETA 00:07
[download]  21.0% of   49.28MiB at    5.22MiB/s ETA 00:07
[download]  22.0% of   49.28MiB at    5.52MiB/s ETA 00:06
[download]  24.0% of   49.28MiB at    4.69MiB/s ETA 00:07
[download]  28.1% of   49.28MiB at    4.50MiB/s ETA 00:07
[download]  36.2% of   49.28MiB at    3.64MiB/s ETA 00:08
[download]  39.3% of   49.28MiB at    3.88MiB/s ETA 00:07
[download]  39.3% of   49.28MiB at  Unknown B/s ETA Unknown
[download]  39.3% of   49.28MiB at  488.22KiB/s ETA 01:02
[download]  39.3% of   49.28MiB at    1.03MiB/s ETA 00:29
[download]  39.3% of   49.28MiB at   51.96KiB/s ETA 09:49
[download]  39.4% of   49.28MiB at   44.98KiB/s ETA 11:20
[download]  39.4% of   49.28MiB at   58.24KiB/s ETA 08:44
[download]  39.6% of   49.28MiB at   91.34KiB/s ETA 05:33
[download]  39.8% of   49.28MiB at  116.78KiB/s ETA 04:20
[download]  40.1% of   49.28MiB at  143.85KiB/s ETA 03:30
[download]  40.6% of   49.28MiB at  179.79KiB/s ETA 02:46
[download]  41.2% of   49.28MiB at  206.38KiB/s ETA 02:23
[download]  41.8% of   49.28MiB at  216.44KiB/s ETA 02:15
[download]  42.3% of   49.28MiB at  194.46KiB/s ETA 02:29
[download]  42.6% of   49.28MiB at  195.80KiB/s ETA 02:27
[download]  43.0% of   49.28MiB at  186.89KiB/s ETA 02:33
[download]  43.3% of   49.28MiB at  184.08KiB/s ETA 02:35
[download]  43.6% of   49.28MiB at  174.35KiB/s ETA 02:43
[download]  43.8% of   49.28MiB at  167.63KiB/s ETA 02:49
[download]  44.0% of   49.28MiB at  162.37KiB/s ETA 02:54
[download]  44.1% of   49.28MiB at  158.73KiB/s ETA 02:57
[download]  44.3% of   49.28MiB at  154.40KiB/s ETA 03:01
[download]  44.5% of   49.28MiB at  153.58KiB/s ETA 03:02
[download]  44.8% of   49.28MiB at  153.14KiB/s ETA 03:01
[download]  45.1% of   49.28MiB at  152.12KiB/s ETA 03:02
[download]  45.4% of   49.28MiB at  152.89KiB/s ETA 03:00
[download]  45.7% of   49.28MiB at  153.59KiB/s ETA 02:58
[download]  46.0% of   49.28MiB at  156.41KiB/s ETA 02:54
[download]  46.5% of   49.28MiB at  162.22KiB/s ETA 02:46
[download]  47.2% of   49.28MiB at  170.88KiB/s ETA 02:35
[download]  48.0% of   49.28MiB at  182.52KiB/s ETA 02:23
[download]  49.1% of   49.28MiB at  193.66KiB/s ETA 02:12
[download]  49.8% of   49.28MiB at  204.47KiB/s ETA 02:03
[download]  51.3% of   49.28MiB at  220.23KiB/s ETA 01:51
[download]  52.3% of   49.28MiB at  229.47KiB/s ETA 01:44
[download]  53.2% of   49.28MiB at  234.94KiB/s ETA 01:40
[download]  53.9% of   49.28MiB at  239.59KiB/s ETA 01:37
[download]  54.7% of   49.28MiB at  244.70KiB/s ETA 01:33
[download]  55.5% of   49.28MiB at  251.13KiB/s ETA 01:29
[download]  56.5% of   49.28MiB at  258.24KiB/s ETA 01:25
[download]  57.4% of   49.28MiB at  264.50KiB/s ETA 01:21
[download]  58.4% of   49.28MiB at  269.51KiB/s ETA 01:17
[download]  58.8% of   49.28MiB at  272.44KiB/s ETA 01:16
[download]  58.8% of   49.28MiB at  Unknown B/s ETA Unknown
[download]  58.8% of   49.28MiB at    4.31MiB/s ETA 00:04
[download]  58.8% of   49.28MiB at    4.26MiB/s ETA 00:04
[download]  58.8% of   49.28MiB at    4.69MiB/s ETA 00:04
[download]  58.9% of   49.28MiB at    4.62MiB/s ETA 00:04
[download]  59.0% of   49.28MiB at    5.41MiB/s ETA 00:03
[download]  59.3% of   49.28MiB at    5.33MiB/s ETA 00:03
[download]  59.8% of   49.28MiB at    4.88MiB/s ETA 00:04
[download]  60.8% of   49.28MiB at    4.92MiB/s ETA 00:03
[download]  62.8% of   49.28MiB at    4.90MiB/s ETA 00:03
[download]  66.9% of   49.28MiB at    4.62MiB/s ETA 00:03
[download]  75.0% of   49.28MiB at    4.40MiB/s ETA 00:02
[download]  78.9% of   49.28MiB at    4.55MiB/s ETA 00:02
[download]  78.9% of   49.28MiB at   62.10KiB/s ETA 02:51
[download]  78.9% of   49.28MiB at  421.04KiB/s ETA 00:25
[download]  78.9% of   49.28MiB at   55.22KiB/s ETA 03:12
[download]  78.9% of   49.28MiB at   85.03KiB/s ETA 02:05
[download]  79.0% of   49.28MiB at  109.03KiB/s ETA 01:37
[download]  79.1% of   49.28MiB at  145.53KiB/s ETA 01:12
[download]  79.4% of   49.28MiB at  213.70KiB/s ETA 00:48
[download]  79.9% of   49.28MiB at  339.63KiB/s ETA 00:29
[download]  80.9% of   49.28MiB at  483.29KiB/s ETA 00:19
[download]  82.6% of   49.28MiB at  777.81KiB/s ETA 00:11
[download]  85.9% of   49.28MiB at    1.12MiB/s ETA 00:06
[download]  90.6% of   49.28MiB at    1.26MiB/s ETA 00:03
[download]  93.7% of   49.28MiB at    1.41MiB/s ETA 00:02
[download]  99.0% of   49.28MiB at    1.54MiB/s ETA 00:00
[download]  99.0% of   49.28MiB at  Unknown B/s ETA Unknown
[download]  99.0% of   49.28MiB at    1.30MiB/s ETA 00:00
[download]  99.1% of   49.28MiB at    1.47MiB/s ETA 00:00
[download]  99.1% of   49.28MiB at    2.26MiB/s ETA 00:00
[download]  99.2% of   49.28MiB at    3.34MiB/s ETA 00:00
[download]  99.5% of   49.28MiB at    4.09MiB/s ETA 00:00
[download] 100.0% of   49.28MiB at    5.11MiB/s ETA 00:00
[download] 100% of   49.28MiB in 00:00:57 at 872.41KiB/s
[ExtractAudio] Destination: Hindi Talks/Stand Alone to Stand Apart ｜ Bhuvan Bam
｜ TEDxJUIT.wav
Deleting original file Hindi Talks/Stand Alone to Stand Apart ｜ Bhuvan Bam ｜ TED
xJUIT.mp4 (pass -k to keep)
[download] Downloading item 3 of 10
[youtube] Extracting URL: https://www.youtube.com/watch?v=e5r3g88q2iY
[youtube] e5r3g88q2iY: Downloading webpage
[youtube] e5r3g88q2iY: Downloading android player API JSON
[youtube] e5r3g88q2iY: Downloading web client config
[youtube] e5r3g88q2iY: Downloading web player API JSON
WARNING: [youtube] e5r3g88q2iY: Some android client https formats have been skip
ped as they are missing a URL. YouTube may have enabled the SABR-only streaming
experiment for the current session. See  https://github.com/yt-dlp/yt-dlp/issues
/12482  for more details
[info] e5r3g88q2iY: Downloading 1 format(s): 18
[info] There are no subtitles for the requested languages
[SubtitlesConvertor] There aren't any subtitles to convert
[download] Destination: Hindi Talks/Peculiar ways to live life ｜ Saurabh Dwivedi
 ｜ TEDxNITRaipur.mp4
[download]   0.0% of   52.41MiB at    4.51MiB/s ETA 00:11
[download]   0.0% of   52.41MiB at    6.96MiB/s ETA 00:07
[download]   0.1% of   52.41MiB at  928.62KiB/s ETA 00:57
[download]   0.1% of   52.41MiB at    1.09MiB/s ETA 00:48
[download]   0.2% of   52.41MiB at    1.68MiB/s ETA 00:31
[download]   0.5% of   52.41MiB at    2.61MiB/s ETA 00:19
[download]   1.0% of   52.41MiB at    3.16MiB/s ETA 00:16
[download]   1.9% of   52.41MiB at    4.31MiB/s ETA 00:11
[download]   3.8% of   52.41MiB at    4.36MiB/s ETA 00:11
[download]   7.6% of   52.41MiB at    3.91MiB/s ETA 00:12
[download]  14.4% of   52.41MiB at    3.57MiB/s ETA 00:12
[download]  19.1% of   52.41MiB at    3.78MiB/s ETA 00:11
[download]  19.1% of   52.41MiB at  324.86KiB/s ETA 02:14
[download]  19.1% of   52.41MiB at  475.80KiB/s ETA 01:31
[download]  19.1% of   52.41MiB at  895.15KiB/s ETA 00:48
[download]  19.1% of   52.41MiB at    1.08MiB/s ETA 00:39
[download]  19.1% of   52.41MiB at    1.88MiB/s ETA 00:22
[download]  19.2% of   52.41MiB at    1.47MiB/s ETA 00:28
[download]  19.3% of   52.41MiB at    2.54MiB/s ETA 00:16
[download]  19.5% of   52.41MiB at    3.81MiB/s ETA 00:11
[download]  20.0% of   52.41MiB at    3.76MiB/s ETA 00:11
[download]  21.0% of   52.41MiB at    5.01MiB/s ETA 00:08
[download]  22.9% of   52.41MiB at    4.64MiB/s ETA 00:08
[download]  26.7% of   52.41MiB at    1.71MiB/s ETA 00:22
[download]  28.7% of   52.41MiB at    1.23MiB/s ETA 00:30
[download]  29.8% of   52.41MiB at    1.18MiB/s ETA 00:31
[download]  31.5% of   52.41MiB at    1.25MiB/s ETA 00:28
[download]  34.9% of   52.41MiB at    1.45MiB/s ETA 00:23
[download]  37.8% of   52.41MiB at    1.60MiB/s ETA 00:20
[download]  37.8% of   52.41MiB at  347.87KiB/s ETA 01:36
[download]  37.8% of   52.41MiB at    1.75MiB/s ETA 00:18
[download]  37.8% of   52.41MiB at    2.11MiB/s ETA 00:15
[download]  37.8% of   52.41MiB at    3.01MiB/s ETA 00:10
[download]  37.9% of   52.41MiB at    3.74MiB/s ETA 00:08
[download]  38.0% of   52.41MiB at    5.43MiB/s ETA 00:05
[download]  38.3% of   52.41MiB at    5.77MiB/s ETA 00:05
[download]  38.7% of   52.41MiB at    5.97MiB/s ETA 00:05
[download]  39.7% of   52.41MiB at    7.17MiB/s ETA 00:04
[download]  41.6% of   52.41MiB at    2.21MiB/s ETA 00:13
[download]  44.1% of   52.41MiB at    2.45MiB/s ETA 00:11
[download]  49.1% of   52.41MiB at    3.00MiB/s ETA 00:08
[download]  56.1% of   52.41MiB at    3.79MiB/s ETA 00:06
[download]  56.1% of   52.41MiB at  Unknown B/s ETA Unknown
[download]  56.1% of   52.41MiB at    1.95MiB/s ETA 00:11
[download]  56.1% of   52.41MiB at    2.20MiB/s ETA 00:10
[download]  56.1% of   52.41MiB at    2.93MiB/s ETA 00:07
[download]  56.2% of   52.41MiB at    1.30MiB/s ETA 00:17
[download]  56.3% of   52.41MiB at    1.92MiB/s ETA 00:11
[download]  56.5% of   52.41MiB at    2.86MiB/s ETA 00:07
[download]  57.0% of   52.41MiB at    3.82MiB/s ETA 00:05
[download]  58.0% of   52.41MiB at    4.74MiB/s ETA 00:04
[download]  59.9% of   52.41MiB at    4.63MiB/s ETA 00:04
[download]  63.7% of   52.41MiB at    3.16MiB/s ETA 00:06
[download]  68.3% of   52.41MiB at    3.71MiB/s ETA 00:04
[download]  74.2% of   52.41MiB at    3.59MiB/s ETA 00:03
[download]  74.2% of   52.41MiB at  Unknown B/s ETA Unknown
[download]  74.2% of   52.41MiB at    5.66MiB/s ETA 00:02
[download]  74.2% of   52.41MiB at    1.40MiB/s ETA 00:09
[download]  74.3% of   52.41MiB at    2.73MiB/s ETA 00:04
[download]  74.3% of   52.41MiB at    3.80MiB/s ETA 00:03
[download]  74.5% of   52.41MiB at    2.37MiB/s ETA 00:05
[download]  74.7% of   52.41MiB at    3.01MiB/s ETA 00:04
[download]  75.2% of   52.41MiB at    3.07MiB/s ETA 00:04
[download]  76.1% of   52.41MiB at    2.23MiB/s ETA 00:05
[download]  78.0% of   52.41MiB at    2.58MiB/s ETA 00:04
[download]  81.8% of   52.41MiB at    3.39MiB/s ETA 00:02
[download]  89.5% of   52.41MiB at    1.53MiB/s ETA 00:03
[download]  92.8% of   52.41MiB at    1.76MiB/s ETA 00:02
[download]  92.8% of   52.41MiB at  103.30KiB/s ETA 00:37
[download]  92.8% of   52.41MiB at  648.24KiB/s ETA 00:05
[download]  92.8% of   52.41MiB at    1.24MiB/s ETA 00:03
[download]  92.9% of   52.41MiB at    1.51MiB/s ETA 00:02
[download]  92.9% of   52.41MiB at    2.31MiB/s ETA 00:01
[download]  93.0% of   52.41MiB at    2.15MiB/s ETA 00:01
[download]  93.3% of   52.41MiB at    2.67MiB/s ETA 00:01
[download]  93.8% of   52.41MiB at    2.63MiB/s ETA 00:01
[download]  94.7% of   52.41MiB at    2.55MiB/s ETA 00:01
[download]  96.6% of   52.41MiB at    2.07MiB/s ETA 00:00
[download]  99.9% of   52.41MiB at    1.89MiB/s ETA 00:00
[download] 100% of   52.41MiB in 00:00:23 at 2.24MiB/s
[ExtractAudio] Destination: Hindi Talks/Peculiar ways to live life ｜ Saurabh Dwi
vedi ｜ TEDxNITRaipur.wav
Deleting original file Hindi Talks/Peculiar ways to live life ｜ Saurabh Dwivedi
｜ TEDxNITRaipur.mp4 (pass -k to keep)
[download] Downloading item 4 of 10
[youtube] Extracting URL: https://www.youtube.com/watch?v=Ikp9XdE9Xf4
[youtube] Ikp9XdE9Xf4: Downloading webpage
[youtube] Ikp9XdE9Xf4: Downloading android player API JSON
[youtube] Ikp9XdE9Xf4: Downloading web client config
[youtube] Ikp9XdE9Xf4: Downloading web player API JSON
WARNING: [youtube] Ikp9XdE9Xf4: Some android client https formats have been skip
ped as they are missing a URL. YouTube may have enabled the SABR-only streaming
experiment for the current session. See  https://github.com/yt-dlp/yt-dlp/issues
/12482  for more details
[info] Ikp9XdE9Xf4: Downloading 1 format(s): 18
[info] There are no subtitles for the requested languages
[SubtitlesConvertor] There aren't any subtitles to convert
[download] Destination: Hindi Talks/Power of Learning ｜ Nitin Vijay ｜ TEDxRTU.mp
4
[download]   0.0% of   34.35MiB at    2.88MiB/s ETA 00:11
[download]   0.1% of   34.35MiB at    1.48MiB/s ETA 00:23
[download]   0.2% of   34.35MiB at    2.28MiB/s ETA 00:15
[download]   0.4% of   34.35MiB at    3.26MiB/s ETA 00:10
[download]   0.7% of   34.35MiB at    3.70MiB/s ETA 00:09
[download]   1.5% of   34.35MiB at    4.08MiB/s ETA 00:08
[download]   2.9% of   34.35MiB at    5.27MiB/s ETA 00:06
[download]   5.8% of   34.35MiB at    5.96MiB/s ETA 00:05
[download]  11.6% of   34.35MiB at    5.52MiB/s ETA 00:05
[download]  23.3% of   34.35MiB at    3.15MiB/s ETA 00:08
[download]  27.8% of   34.35MiB at    2.82MiB/s ETA 00:08
[download]  27.8% of   34.35MiB at  312.05KiB/s ETA 01:21
[download]  27.8% of   34.35MiB at    1.59MiB/s ETA 00:15
[download]  27.8% of   34.35MiB at    1.43MiB/s ETA 00:17
[download]  27.9% of   34.35MiB at    1.83MiB/s ETA 00:13
[download]  28.0% of   34.35MiB at    2.69MiB/s ETA 00:09
[download]  28.1% of   34.35MiB at    2.42MiB/s ETA 00:10
[download]  28.5% of   34.35MiB at    1.88MiB/s ETA 00:13
[download]  29.2% of   34.35MiB at    2.31MiB/s ETA 00:10
[download]  30.7% of   34.35MiB at    2.02MiB/s ETA 00:11
[download]  33.6% of   34.35MiB at    2.13MiB/s ETA 00:10
[download]  39.4% of   34.35MiB at    2.45MiB/s ETA 00:08
[download]  47.7% of   34.35MiB at    1.96MiB/s ETA 00:09
[download]  52.2% of   34.35MiB at    2.12MiB/s ETA 00:07
[download]  56.0% of   34.35MiB at    2.12MiB/s ETA 00:07
[download]  56.0% of   34.35MiB at  Unknown B/s ETA Unknown
[download]  56.0% of   34.35MiB at   34.13KiB/s ETA 07:33
[download]  56.0% of   34.35MiB at   78.78KiB/s ETA 03:16
[download]  56.0% of   34.35MiB at  167.88KiB/s ETA 01:32
[download]  56.1% of   34.35MiB at  238.80KiB/s ETA 01:04
[download]  56.2% of   34.35MiB at  475.23KiB/s ETA 00:32
[download]  56.4% of   34.35MiB at  670.28KiB/s ETA 00:22
[download]  56.7% of   34.35MiB at  698.22KiB/s ETA 00:21
[download]  57.5% of   34.35MiB at  669.36KiB/s ETA 00:22
[download]  58.9% of   34.35MiB at  840.34KiB/s ETA 00:17
[download]  61.8% of   34.35MiB at    1.21MiB/s ETA 00:10
[download]  67.6% of   34.35MiB at    1.34MiB/s ETA 00:08
[download]  72.0% of   34.35MiB at    1.70MiB/s ETA 00:05
[download]  80.9% of   34.35MiB at    1.59MiB/s ETA 00:04
[download]  85.1% of   34.35MiB at    1.75MiB/s ETA 00:02
[download]  85.1% of   34.35MiB at  Unknown B/s ETA Unknown
[download]  85.1% of   34.35MiB at    4.47MiB/s ETA 00:01
[download]  85.1% of   34.35MiB at    2.31MiB/s ETA 00:02
[download]  85.2% of   34.35MiB at    3.12MiB/s ETA 00:01
[download]  85.3% of   34.35MiB at    1.40MiB/s ETA 00:03
[download]  85.4% of   34.35MiB at    2.34MiB/s ETA 00:02
[download]  85.8% of   34.35MiB at    2.15MiB/s ETA 00:02
[download]  86.5% of   34.35MiB at    2.10MiB/s ETA 00:02
[download]  88.0% of   34.35MiB at    2.12MiB/s ETA 00:01
[download]  90.9% of   34.35MiB at    1.99MiB/s ETA 00:01
[download]  96.4% of   34.35MiB at    2.81MiB/s ETA 00:00
[download] 100.0% of   34.35MiB at    3.37MiB/s ETA 00:00
[download] 100% of   34.35MiB in 00:00:16 at 2.07MiB/s
[ExtractAudio] Destination: Hindi Talks/Power of Learning ｜ Nitin Vijay ｜ TEDxRT
U.wav
Deleting original file Hindi Talks/Power of Learning ｜ Nitin Vijay ｜ TEDxRTU.mp4
 (pass -k to keep)
[download] Downloading item 5 of 10
[youtube] Extracting URL: https://www.youtube.com/watch?v=Wh1gtEhfrGo
[youtube] Wh1gtEhfrGo: Downloading webpage
[youtube] Wh1gtEhfrGo: Downloading android player API JSON
[youtube] Wh1gtEhfrGo: Downloading web client config
[youtube] Wh1gtEhfrGo: Downloading web player API JSON
WARNING: [youtube] Wh1gtEhfrGo: Some android client https formats have been skip
ped as they are missing a URL. YouTube may have enabled the SABR-only streaming
experiment for the current session. See  https://github.com/yt-dlp/yt-dlp/issues
/12482  for more details
[info] Wh1gtEhfrGo: Downloading 1 format(s): 18
[info] There are no subtitles for the requested languages
[SubtitlesConvertor] There aren't any subtitles to convert
[download] Destination: Hindi Talks/Unleashing Your inner potential ：The power o
f Mind, Body and Spirit ｜ Dr. Mohit Gupta ｜ TEDxAKGEC.mp4
[download]   0.0% of   40.10MiB at    1.40MiB/s ETA 00:28
[download]   0.0% of   40.10MiB at   52.50KiB/s ETA 13:01
[download]   0.1% of   40.10MiB at   84.57KiB/s ETA 08:05
[download]   0.2% of   40.10MiB at  102.42KiB/s ETA 06:40
[download]   0.3% of   40.10MiB at  150.22KiB/s ETA 04:32
[download]   0.6% of   40.10MiB at  228.37KiB/s ETA 02:58
[download]   1.2% of   40.10MiB at  358.60KiB/s ETA 01:53
[download]   2.5% of   40.10MiB at  578.25KiB/s ETA 01:09
[download]   5.0% of   40.10MiB at  823.51KiB/s ETA 00:47
[download]   8.5% of   40.10MiB at    1.16MiB/s ETA 00:31
[download]  15.4% of   40.10MiB at    1.66MiB/s ETA 00:20
[download]  23.9% of   40.10MiB at    1.80MiB/s ETA 00:16
[download]  23.9% of   40.10MiB at  333.17KiB/s ETA 01:34
[download]  23.9% of   40.10MiB at    1.61MiB/s ETA 00:18
[download]  23.9% of   40.10MiB at  554.43KiB/s ETA 00:56
[download]  23.9% of   40.10MiB at   99.78KiB/s ETA 05:13
[download]  24.0% of   40.10MiB at  109.82KiB/s ETA 04:44
[download]  24.2% of   40.10MiB at  154.32KiB/s ETA 03:21
[download]  24.5% of   40.10MiB at  229.23KiB/s ETA 02:15
[download]  25.1% of   40.10MiB at  357.24KiB/s ETA 01:26
[download]  26.3% of   40.10MiB at  561.00KiB/s ETA 00:53
[download]  28.8% of   40.10MiB at  856.44KiB/s ETA 00:34
[download]  33.2% of   40.10MiB at    1.35MiB/s ETA 00:19
[download]  42.0% of   40.10MiB at    1.81MiB/s ETA 00:12
[download]  47.6% of   40.10MiB at    1.78MiB/s ETA 00:11
[download]  47.6% of   40.10MiB at  Unknown B/s ETA Unknown
[download]  47.6% of   40.10MiB at   23.98KiB/s ETA 14:57
[download]  47.6% of   40.10MiB at   51.20KiB/s ETA 07:00
[download]  47.6% of   40.10MiB at   86.03KiB/s ETA 04:09
[download]  47.7% of   40.10MiB at   94.66KiB/s ETA 03:46
[download]  47.9% of   40.10MiB at  143.52KiB/s ETA 02:29
[download]  48.2% of   40.10MiB at  212.39KiB/s ETA 01:40
[download]  48.8% of   40.10MiB at  332.28KiB/s ETA 01:03
[download]  50.0% of   40.10MiB at  537.01KiB/s ETA 00:38
[download]  52.5% of   40.10MiB at  738.60KiB/s ETA 00:26
[download]  55.4% of   40.10MiB at    1.03MiB/s ETA 00:17
[download]  61.2% of   40.10MiB at    1.37MiB/s ETA 00:11
[download]  67.5% of   40.10MiB at    1.42MiB/s ETA 00:09
[download]  71.3% of   40.10MiB at    1.52MiB/s ETA 00:07
[download]  71.7% of   40.10MiB at    1.54MiB/s ETA 00:07
[download]  71.7% of   40.10MiB at  Unknown B/s ETA Unknown
[download]  71.7% of   40.10MiB at    5.86MiB/s ETA 00:01
[download]  71.7% of   40.10MiB at    2.04MiB/s ETA 00:05
[download]  71.8% of   40.10MiB at    3.86MiB/s ETA 00:02
[download]  71.9% of   40.10MiB at    4.48MiB/s ETA 00:02
[download]  72.0% of   40.10MiB at    5.37MiB/s ETA 00:02
[download]  72.3% of   40.10MiB at    6.81MiB/s ETA 00:01
[download]  73.0% of   40.10MiB at    7.49MiB/s ETA 00:01
[download]  74.2% of   40.10MiB at    7.00MiB/s ETA 00:01
[download]  76.7% of   40.10MiB at    4.93MiB/s ETA 00:01
[download]  81.7% of   40.10MiB at    2.79MiB/s ETA 00:02
[download]  86.5% of   40.10MiB at    2.81MiB/s ETA 00:01
[download]  93.7% of   40.10MiB at    2.55MiB/s ETA 00:00
[download]  96.3% of   40.10MiB at    2.71MiB/s ETA 00:00
[download]  96.3% of   40.10MiB at  Unknown B/s ETA Unknown
[download]  96.3% of   40.10MiB at    2.19MiB/s ETA 00:00
[download]  96.3% of   40.10MiB at    1.35MiB/s ETA 00:01
[download]  96.4% of   40.10MiB at    2.24MiB/s ETA 00:00
[download]  96.4% of   40.10MiB at    3.09MiB/s ETA 00:00
[download]  96.6% of   40.10MiB at    1.91MiB/s ETA 00:00
[download]  96.9% of   40.10MiB at    2.62MiB/s ETA 00:00
[download]  97.5% of   40.10MiB at    2.31MiB/s ETA 00:00
[download]  98.8% of   40.10MiB at    3.02MiB/s ETA 00:00
[download] 100.0% of   40.10MiB at    3.25MiB/s ETA 00:00
[download] 100% of   40.10MiB in 00:00:37 at 1.07MiB/s
[ExtractAudio] Destination: Hindi Talks/Unleashing Your inner potential ：The pow
er of Mind, Body and Spirit ｜ Dr. Mohit Gupta ｜ TEDxAKGEC.wav
Deleting original file Hindi Talks/Unleashing Your inner potential ：The power of
 Mind, Body and Spirit ｜ Dr. Mohit Gupta ｜ TEDxAKGEC.mp4 (pass -k to keep)
[download] Downloading item 6 of 10
[youtube] Extracting URL: https://www.youtube.com/watch?v=LeIoaKLG2Js
[youtube] LeIoaKLG2Js: Downloading webpage
[youtube] LeIoaKLG2Js: Downloading android player API JSON
[youtube] LeIoaKLG2Js: Downloading web client config
[youtube] LeIoaKLG2Js: Downloading web player API JSON
WARNING: [youtube] LeIoaKLG2Js: Some android client https formats have been skip
ped as they are missing a URL. YouTube may have enabled the SABR-only streaming
experiment for the current session. See  https://github.com/yt-dlp/yt-dlp/issues
/12482  for more details
[info] LeIoaKLG2Js: Downloading 1 format(s): 18
[info] There are no subtitles for the requested languages
[SubtitlesConvertor] There aren't any subtitles to convert
[download] Destination: Hindi Talks/Why consistency matters more than you think
｜ Niharikaa Kaur Sodhi ｜ TEDxDFBEDU.mp4
[download]   0.0% of   46.00MiB at    1.61MiB/s ETA 00:28
[download]   0.1% of   46.00MiB at    1.53MiB/s ETA 00:30
[download]   0.1% of   46.00MiB at    2.10MiB/s ETA 00:21
[download]   0.3% of   46.00MiB at    1.96MiB/s ETA 00:23
[download]   0.5% of   46.00MiB at    1.97MiB/s ETA 00:23
[download]   1.1% of   46.00MiB at    1.57MiB/s ETA 00:29
[download]   2.2% of   46.00MiB at    1.43MiB/s ETA 00:31
[download]   4.3% of   46.00MiB at    1.60MiB/s ETA 00:27
[download]   8.3% of   46.00MiB at    1.51MiB/s ETA 00:27
[download]  11.4% of   46.00MiB at    1.28MiB/s ETA 00:31
[download]  13.4% of   46.00MiB at    1.34MiB/s ETA 00:29
[download]  17.2% of   46.00MiB at    1.49MiB/s ETA 00:25
[download]  21.4% of   46.00MiB at    1.42MiB/s ETA 00:25
[download]  21.4% of   46.00MiB at  324.71KiB/s ETA 01:54
[download]  21.4% of   46.00MiB at    1.66MiB/s ETA 00:21
[download]  21.4% of   46.00MiB at    2.98MiB/s ETA 00:12
[download]  21.5% of   46.00MiB at    2.29MiB/s ETA 00:15
[download]  21.5% of   46.00MiB at    3.12MiB/s ETA 00:11
[download]  21.7% of   46.00MiB at    2.27MiB/s ETA 00:15
[download]  22.0% of   46.00MiB at    2.86MiB/s ETA 00:12
[download]  22.5% of   46.00MiB at    2.72MiB/s ETA 00:13
[download]  23.6% of   46.00MiB at    3.13MiB/s ETA 00:11
[download]  25.8% of   46.00MiB at    2.17MiB/s ETA 00:15
[download]  29.4% of   46.00MiB at    1.56MiB/s ETA 00:20
[download]  31.9% of   46.00MiB at    1.66MiB/s ETA 00:18
[download]  36.5% of   46.00MiB at    2.03MiB/s ETA 00:14
[download]  42.5% of   46.00MiB at    2.28MiB/s ETA 00:11
[download]  42.5% of   46.00MiB at  330.39KiB/s ETA 01:22
[download]  42.5% of   46.00MiB at    2.99MiB/s ETA 00:08
[download]  42.6% of   46.00MiB at    1.07MiB/s ETA 00:24
[download]  42.6% of   46.00MiB at    1.64MiB/s ETA 00:16
[download]  42.8% of   46.00MiB at    2.28MiB/s ETA 00:11
[download]  43.0% of   46.00MiB at    1.83MiB/s ETA 00:14
[download]  43.6% of   46.00MiB at    2.50MiB/s ETA 00:10
[download]  44.7% of   46.00MiB at    2.88MiB/s ETA 00:08
[download]  46.9% of   46.00MiB at    2.13MiB/s ETA 00:11
[download]  50.5% of   46.00MiB at    2.67MiB/s ETA 00:08
[download]  57.9% of   46.00MiB at    2.91MiB/s ETA 00:06
[download]  63.8% of   46.00MiB at    2.95MiB/s ETA 00:05
[download]  63.8% of   46.00MiB at  150.98KiB/s ETA 01:53
[download]  63.8% of   46.00MiB at  932.36KiB/s ETA 00:18
[download]  63.8% of   46.00MiB at    1.77MiB/s ETA 00:09
[download]  63.8% of   46.00MiB at    1.30MiB/s ETA 00:12
[download]  63.9% of   46.00MiB at    1.72MiB/s ETA 00:09
[download]  64.0% of   46.00MiB at    2.37MiB/s ETA 00:06
[download]  64.3% of   46.00MiB at    2.52MiB/s ETA 00:06
[download]  64.8% of   46.00MiB at    3.15MiB/s ETA 00:05
[download]  65.9% of   46.00MiB at    3.46MiB/s ETA 00:04
[download]  68.1% of   46.00MiB at    3.33MiB/s ETA 00:04
[download]  72.5% of   46.00MiB at    3.30MiB/s ETA 00:03
[download]  79.5% of   46.00MiB at    3.35MiB/s ETA 00:02
[download]  85.2% of   46.00MiB at    3.24MiB/s ETA 00:02
[download]  85.2% of   46.00MiB at  307.10KiB/s ETA 00:22
[download]  85.2% of   46.00MiB at    2.93MiB/s ETA 00:02
[download]  85.3% of   46.00MiB at    3.16MiB/s ETA 00:02
[download]  85.3% of   46.00MiB at    3.74MiB/s ETA 00:01
[download]  85.5% of   46.00MiB at    2.16MiB/s ETA 00:03
[download]  85.7% of   46.00MiB at    2.18MiB/s ETA 00:03
[download]  86.3% of   46.00MiB at    2.42MiB/s ETA 00:02
[download]  87.4% of   46.00MiB at    2.74MiB/s ETA 00:02
[download]  89.5% of   46.00MiB at    3.15MiB/s ETA 00:01
[download]  93.9% of   46.00MiB at    3.25MiB/s ETA 00:00
[download] 100.0% of   46.00MiB at    3.48MiB/s ETA 00:00
[download] 100% of   46.00MiB in 00:00:20 at 2.30MiB/s
[ExtractAudio] Destination: Hindi Talks/Why consistency matters more than you th
ink ｜ Niharikaa Kaur Sodhi ｜ TEDxDFBEDU.wav
Deleting original file Hindi Talks/Why consistency matters more than you think ｜
 Niharikaa Kaur Sodhi ｜ TEDxDFBEDU.mp4 (pass -k to keep)
[download] Downloading item 7 of 10
[youtube] Extracting URL: https://www.youtube.com/watch?v=NMfTtS7XT2w
[youtube] NMfTtS7XT2w: Downloading webpage
[youtube] NMfTtS7XT2w: Downloading android player API JSON
[youtube] NMfTtS7XT2w: Downloading web client config
[youtube] NMfTtS7XT2w: Downloading web player API JSON
WARNING: [youtube] NMfTtS7XT2w: Some android client https formats have been skip
ped as they are missing a URL. YouTube may have enabled the SABR-only streaming
experiment for the current session. See  https://github.com/yt-dlp/yt-dlp/issues
/12482  for more details
[info] NMfTtS7XT2w: Downloading subtitles: en
[info] NMfTtS7XT2w: Downloading 1 format(s): 18
[info] Writing video subtitles to: Hindi Talks/How to Transform Your Personality
 & Mindset  ｜ Bhavna Singh ｜ TEDxSGTBKC.en.vtt
WARNING: The extractor specified to use impersonation for this download, but no
impersonate target is available. If you encounter errors, then see  https://gith
ub.com/yt-dlp/yt-dlp#impersonation  for information on installing the required d
ependencies
[download] Destination: Hindi Talks/How to Transform Your Personality & Mindset
 ｜ Bhavna Singh ｜ TEDxSGTBKC.en.vtt
[download]    7.00KiB at    3.77MiB/s (00:00:00)
[download]   13.43KiB at    2.04MiB/s (00:00:00)
[download] 100% of   13.43KiB in 00:00:00 at 34.38KiB/s
[SubtitlesConvertor] Converting subtitles
Deleting original file Hindi Talks/How to Transform Your Personality & Mindset
｜ Bhavna Singh ｜ TEDxSGTBKC.en.vtt (pass -k to keep)
[download] Destination: Hindi Talks/How to Transform Your Personality & Mindset
 ｜ Bhavna Singh ｜ TEDxSGTBKC.mp4
[download]   0.0% of   18.13MiB at  646.97KiB/s ETA 00:28
[download]   0.0% of   18.13MiB at   53.98KiB/s ETA 05:43
[download]   0.1% of   18.13MiB at  114.57KiB/s ETA 02:41
[download]   0.2% of   18.13MiB at  190.23KiB/s ETA 01:37
[download]   0.3% of   18.13MiB at  217.89KiB/s ETA 01:24
[download]   0.7% of   18.13MiB at  297.00KiB/s ETA 01:02
[download]   1.4% of   18.13MiB at  436.66KiB/s ETA 00:41
[download]   2.8% of   18.13MiB at  704.72KiB/s ETA 00:25
[download]   5.5% of   18.13MiB at    1.12MiB/s ETA 00:15
[download]  11.0% of   18.13MiB at    1.87MiB/s ETA 00:08
[download]  22.1% of   18.13MiB at    2.29MiB/s ETA 00:06
[download]  38.4% of   18.13MiB at    3.60MiB/s ETA 00:03
[download]  54.0% of   18.13MiB at    4.13MiB/s ETA 00:02
[download]  54.0% of   18.13MiB at  Unknown B/s ETA Unknown
[download]  54.0% of   18.13MiB at  220.41KiB/s ETA 00:38
[download]  54.0% of   18.13MiB at   80.56KiB/s ETA 01:45
[download]  54.1% of   18.13MiB at  148.03KiB/s ETA 00:57
[download]  54.3% of   18.13MiB at  151.06KiB/s ETA 00:56
[download]  54.6% of   18.13MiB at  225.39KiB/s ETA 00:37
[download]  55.3% of   18.13MiB at  327.95KiB/s ETA 00:25
[download]  56.7% of   18.13MiB at  467.48KiB/s ETA 00:17
[download]  59.5% of   18.13MiB at  790.07KiB/s ETA 00:09
[download]  65.0% of   18.13MiB at    1.23MiB/s ETA 00:05
[download]  76.0% of   18.13MiB at    1.76MiB/s ETA 00:02
[download]  93.1% of   18.13MiB at    2.10MiB/s ETA 00:00
[download] 100.0% of   18.13MiB at    2.25MiB/s ETA 00:00
[download] 100% of   18.13MiB in 00:00:08 at 2.06MiB/s
[ExtractAudio] Destination: Hindi Talks/How to Transform Your Personality & Mind
set  ｜ Bhavna Singh ｜ TEDxSGTBKC.wav
Deleting original file Hindi Talks/How to Transform Your Personality & Mindset
｜ Bhavna Singh ｜ TEDxSGTBKC.mp4 (pass -k to keep)
[download] Downloading item 8 of 10
[youtube] Extracting URL: https://www.youtube.com/watch?v=0NV1KdWRHck
[youtube] 0NV1KdWRHck: Downloading webpage
[youtube] 0NV1KdWRHck: Downloading android player API JSON
[youtube] 0NV1KdWRHck: Downloading web client config
[youtube] 0NV1KdWRHck: Downloading web player API JSON
WARNING: [youtube] 0NV1KdWRHck: Some android client https formats have been skip
ped as they are missing a URL. YouTube may have enabled the SABR-only streaming
experiment for the current session. See  https://github.com/yt-dlp/yt-dlp/issues
/12482  for more details
[info] 0NV1KdWRHck: Downloading subtitles: en, hi
[info] 0NV1KdWRHck: Downloading 1 format(s): 18
[info] Writing video subtitles to: Hindi Talks/Thoughts on humanity, fame and lo
ve ｜ Shah Rukh Khan ｜ TED.en.vtt
WARNING: The extractor specified to use impersonation for this download, but no
impersonate target is available. If you encounter errors, then see  https://gith
ub.com/yt-dlp/yt-dlp#impersonation  for information on installing the required d
ependencies
[download] Destination: Hindi Talks/Thoughts on humanity, fame and love ｜ Shah R
ukh Khan ｜ TED.en.vtt
[download]    7.00KiB at    3.71MiB/s (00:00:00)
[download]   15.00KiB at    1.45MiB/s (00:00:00)
[download]   24.88KiB at  466.90KiB/s (00:00:00)
[download] 100% of   24.88KiB in 00:00:00 at 47.23KiB/s
[info] Writing video subtitles to: Hindi Talks/Thoughts on humanity, fame and lo
ve ｜ Shah Rukh Khan ｜ TED.hi.vtt
WARNING: The extractor specified to use impersonation for this download, but no
impersonate target is available. If you encounter errors, then see  https://gith
ub.com/yt-dlp/yt-dlp#impersonation  for information on installing the required d
ependencies
[download] Destination: Hindi Talks/Thoughts on humanity, fame and love ｜ Shah R
ukh Khan ｜ TED.hi.vtt
[download]    7.00KiB at    3.21MiB/s (00:00:00)
[download]   15.00KiB at    2.21MiB/s (00:00:00)
[download]   31.00KiB at  435.21KiB/s (00:00:00)
[download]   44.65KiB at  511.23KiB/s (00:00:00)
[download] 100% of   44.65KiB in 00:00:00 at 90.27KiB/s
[SubtitlesConvertor] Converting subtitles
Deleting original file Hindi Talks/Thoughts on humanity, fame and love ｜ Shah Ru
kh Khan ｜ TED.en.vtt (pass -k to keep)
Deleting original file Hindi Talks/Thoughts on humanity, fame and love ｜ Shah Ru
kh Khan ｜ TED.hi.vtt (pass -k to keep)
[download] Destination: Hindi Talks/Thoughts on humanity, fame and love ｜ Shah R
ukh Khan ｜ TED.mp4
[download]   0.0% of   27.13MiB at    1.47MiB/s ETA 00:18
[download]   0.1% of   27.13MiB at   51.08KiB/s ETA 09:03
[download]   0.1% of   27.13MiB at   81.44KiB/s ETA 05:40
[download]   0.2% of   27.13MiB at  102.72KiB/s ETA 04:29
[download]   0.5% of   27.13MiB at  108.75KiB/s ETA 04:14
[download]   0.9% of   27.13MiB at  168.43KiB/s ETA 02:43
[download]   1.7% of   27.13MiB at  261.00KiB/s ETA 01:44
[download]   3.4% of   27.13MiB at  334.65KiB/s ETA 01:20
[download]   5.1% of   27.13MiB at  316.09KiB/s ETA 01:23
[download]   6.1% of   27.13MiB at  363.60KiB/s ETA 01:11
[download]   8.1% of   27.13MiB at  391.57KiB/s ETA 01:05
[download]  10.0% of   27.13MiB at  400.27KiB/s ETA 01:02
[download]  11.6% of   27.13MiB at  402.75KiB/s ETA 01:01
[download]  13.1% of   27.13MiB at  396.26KiB/s ETA 01:00
[download]  14.3% of   27.13MiB at  401.17KiB/s ETA 00:59
[download]  16.0% of   27.13MiB at  399.84KiB/s ETA 00:58
[download]  17.4% of   27.13MiB at  402.85KiB/s ETA 00:56
[download]  19.0% of   27.13MiB at  408.40KiB/s ETA 00:55
[download]  20.7% of   27.13MiB at  416.02KiB/s ETA 00:52
[download]  22.6% of   27.13MiB at  431.19KiB/s ETA 00:49
[download]  25.2% of   27.13MiB at  455.91KiB/s ETA 00:45
[download]  28.5% of   27.13MiB at  495.47KiB/s ETA 00:40
[download]  33.8% of   27.13MiB at  554.13KiB/s ETA 00:33
[download]  35.7% of   27.13MiB at  573.33KiB/s ETA 00:31
[download]  35.7% of   27.13MiB at  355.78KiB/s ETA 00:50
[download]  35.7% of   27.13MiB at  938.67KiB/s ETA 00:19
[download]  35.7% of   27.13MiB at  223.23KiB/s ETA 01:20
[download]  35.7% of   27.13MiB at   49.68KiB/s ETA 05:59
[download]  35.8% of   27.13MiB at   90.63KiB/s ETA 03:16
[download]  35.9% of   27.13MiB at  103.75KiB/s ETA 02:51
[download]  36.1% of   27.13MiB at  148.88KiB/s ETA 01:59
[download]  36.6% of   27.13MiB at  220.07KiB/s ETA 01:20
[download]  37.5% of   27.13MiB at  313.54KiB/s ETA 00:55
[download]  39.3% of   27.13MiB at  471.07KiB/s ETA 00:35
[download]  42.7% of   27.13MiB at  775.69KiB/s ETA 00:20
[download]  49.5% of   27.13MiB at    1.02MiB/s ETA 00:13
[download]  55.4% of   27.13MiB at    1.44MiB/s ETA 00:08
[download]  67.0% of   27.13MiB at    1.88MiB/s ETA 00:04
[download]  71.4% of   27.13MiB at    2.03MiB/s ETA 00:03
[download]  71.4% of   27.13MiB at  Unknown B/s ETA Unknown
[download]  71.5% of   27.13MiB at    5.32MiB/s ETA 00:01
[download]  71.5% of   27.13MiB at   54.74KiB/s ETA 02:24
[download]  71.5% of   27.13MiB at   90.45KiB/s ETA 01:27
[download]  71.7% of   27.13MiB at  113.25KiB/s ETA 01:09
[download]  71.9% of   27.13MiB at  151.89KiB/s ETA 00:51
[download]  72.3% of   27.13MiB at  223.06KiB/s ETA 00:34
[download]  73.3% of   27.13MiB at  356.01KiB/s ETA 00:20
[download]  75.1% of   27.13MiB at  587.05KiB/s ETA 00:11
[download]  78.8% of   27.13MiB at  985.63KiB/s ETA 00:05
[download]  86.2% of   27.13MiB at    1.28MiB/s ETA 00:02
[download]  93.2% of   27.13MiB at    1.79MiB/s ETA 00:01
[download] 100.0% of   27.13MiB at    2.27MiB/s ETA 00:00
[download] 100% of   27.13MiB in 00:00:30 at 917.21KiB/s
[ExtractAudio] Destination: Hindi Talks/Thoughts on humanity, fame and love ｜ Sh
ah Rukh Khan ｜ TED.wav
Deleting original file Hindi Talks/Thoughts on humanity, fame and love ｜ Shah Ru
kh Khan ｜ TED.mp4 (pass -k to keep)
[download] Downloading item 9 of 10
[youtube] Extracting URL: https://www.youtube.com/watch?v=TIwBwyMgS50
[youtube] TIwBwyMgS50: Downloading webpage
[youtube] TIwBwyMgS50: Downloading android player API JSON
[youtube] TIwBwyMgS50: Downloading web client config
[youtube] TIwBwyMgS50: Downloading web player API JSON
WARNING: [youtube] TIwBwyMgS50: Some android client https formats have been skip
ped as they are missing a URL. YouTube may have enabled the SABR-only streaming
experiment for the current session. See  https://github.com/yt-dlp/yt-dlp/issues
/12482  for more details
[info] TIwBwyMgS50: Downloading 1 format(s): 18
[info] There are no subtitles for the requested languages
[SubtitlesConvertor] There aren't any subtitles to convert
[download] Destination: Hindi Talks/Small Steps, Big Changes｜The Power of Habits
  ｜ Saurabh Bothra ｜ TEDxYouth@TheShriramMillenniumNoida.mp4
[download]   0.0% of   28.53MiB at    1.46MiB/s ETA 00:19
[download]   0.1% of   28.53MiB at   53.87KiB/s ETA 09:02
[download]   0.1% of   28.53MiB at   85.82KiB/s ETA 05:40
[download]   0.2% of   28.53MiB at  105.14KiB/s ETA 04:37
[download]   0.4% of   28.53MiB at  155.53KiB/s ETA 03:07
[download]   0.9% of   28.53MiB at  224.51KiB/s ETA 02:09
[download]   1.7% of   28.53MiB at  363.58KiB/s ETA 01:18
[download]   3.5% of   28.53MiB at  531.61KiB/s ETA 00:53
[download]   6.9% of   28.53MiB at  805.46KiB/s ETA 00:33
[download]  12.8% of   28.53MiB at    1.13MiB/s ETA 00:22
[download]  20.7% of   28.53MiB at    1.43MiB/s ETA 00:15
[download]  29.7% of   28.53MiB at    1.56MiB/s ETA 00:12
[download]  34.7% of   28.53MiB at    1.67MiB/s ETA 00:11
[download]  34.7% of   28.53MiB at  327.71KiB/s ETA 00:58
[download]  34.7% of   28.53MiB at  103.16KiB/s ETA 03:04
[download]  34.7% of   28.53MiB at  234.19KiB/s ETA 01:21
[download]  34.8% of   28.53MiB at  260.33KiB/s ETA 01:13
[download]  34.8% of   28.53MiB at   92.77KiB/s ETA 03:25
[download]  34.9% of   28.53MiB at  110.14KiB/s ETA 02:52
[download]  35.2% of   28.53MiB at  146.03KiB/s ETA 02:09
[download]  35.6% of   28.53MiB at  219.64KiB/s ETA 01:25
[download]  36.5% of   28.53MiB at  345.90KiB/s ETA 00:53
[download]  38.2% of   28.53MiB at  572.50KiB/s ETA 00:31
[download]  41.7% of   28.53MiB at  861.69KiB/s ETA 00:19
[download]  47.7% of   28.53MiB at    1.33MiB/s ETA 00:11
[download]  59.6% of   28.53MiB at    1.88MiB/s ETA 00:06
[download]  68.3% of   28.53MiB at    1.97MiB/s ETA 00:04
[download]  68.3% of   28.53MiB at  338.91KiB/s ETA 00:27
[download]  68.3% of   28.53MiB at  893.74KiB/s ETA 00:10
[download]  68.3% of   28.53MiB at  223.89KiB/s ETA 00:41
[download]  68.4% of   28.53MiB at   52.92KiB/s ETA 02:54
[download]  68.4% of   28.53MiB at   92.46KiB/s ETA 01:39
[download]  68.5% of   28.53MiB at  106.12KiB/s ETA 01:26
[download]  68.7% of   28.53MiB at  153.36KiB/s ETA 00:59
[download]  69.2% of   28.53MiB at  226.02KiB/s ETA 00:39
[download]  70.1% of   28.53MiB at  356.64KiB/s ETA 00:24
[download]  71.8% of   28.53MiB at  581.79KiB/s ETA 00:14
[download]  75.3% of   28.53MiB at  941.84KiB/s ETA 00:07
[download]  82.3% of   28.53MiB at    1.26MiB/s ETA 00:04
[download]  89.3% of   28.53MiB at    1.76MiB/s ETA 00:01
[download] 100.0% of   28.53MiB at    2.07MiB/s ETA 00:00
[download] 100% of   28.53MiB in 00:00:19 at 1.44MiB/s
[ExtractAudio] Destination: Hindi Talks/Small Steps, Big Changes｜The Power of Ha
bits  ｜ Saurabh Bothra ｜ TEDxYouth@TheShriramMillenniumNoida.wav
Deleting original file Hindi Talks/Small Steps, Big Changes｜The Power of Habits
 ｜ Saurabh Bothra ｜ TEDxYouth@TheShriramMillenniumNoida.mp4 (pass -k to keep)
[download] Downloading item 10 of 10
[youtube] Extracting URL: https://www.youtube.com/watch?v=SDqB_dhqWdI
[youtube] SDqB_dhqWdI: Downloading webpage
[youtube] SDqB_dhqWdI: Downloading android player API JSON
[youtube] SDqB_dhqWdI: Downloading web client config
[youtube] SDqB_dhqWdI: Downloading web player API JSON
WARNING: [youtube] SDqB_dhqWdI: Some android client https formats have been skip
ped as they are missing a URL. YouTube may have enabled the SABR-only streaming
experiment for the current session. See  https://github.com/yt-dlp/yt-dlp/issues
/12482  for more details
[info] SDqB_dhqWdI: Downloading subtitles: en
[info] SDqB_dhqWdI: Downloading 1 format(s): 18
[info] Writing video subtitles to: Hindi Talks/The power of not thinking too muc
h ｜ Pranjal Priya ｜ TEDxCCOEW.en.vtt
WARNING: The extractor specified to use impersonation for this download, but no
impersonate target is available. If you encounter errors, then see  https://gith
ub.com/yt-dlp/yt-dlp#impersonation  for information on installing the required d
ependencies
[download] Destination: Hindi Talks/The power of not thinking too much ｜ Pranjal
 Priya ｜ TEDxCCOEW.en.vtt
[download]    7.00KiB at    4.51MiB/s (00:00:00)
[download]   15.00KiB at    2.16MiB/s (00:00:00)
[download]   19.35KiB at  401.77KiB/s (00:00:00)
[download] 100% of   19.35KiB in 00:00:00 at 42.98KiB/s
[SubtitlesConvertor] Converting subtitles
Deleting original file Hindi Talks/The power of not thinking too much ｜ Pranjal
Priya ｜ TEDxCCOEW.en.vtt (pass -k to keep)
[download] Destination: Hindi Talks/The power of not thinking too much ｜ Pranjal
 Priya ｜ TEDxCCOEW.mp4
[download]   0.0% of   22.21MiB at    1.49MiB/s ETA 00:14
[download]   0.1% of   22.21MiB at  553.13KiB/s ETA 00:41
[download]   0.1% of   22.21MiB at  156.91KiB/s ETA 02:24
[download]   0.3% of   22.21MiB at  171.06KiB/s ETA 02:12
[download]   0.6% of   22.21MiB at  231.64KiB/s ETA 01:37
[download]   1.1% of   22.21MiB at  341.62KiB/s ETA 01:05
[download]   2.2% of   22.21MiB at  541.22KiB/s ETA 00:41
[download]   4.5% of   22.21MiB at  723.62KiB/s ETA 00:30
[download]   9.0% of   22.21MiB at    1.03MiB/s ETA 00:19
[download]  17.7% of   22.21MiB at    1.36MiB/s ETA 00:13
[download]  26.7% of   22.21MiB at    1.51MiB/s ETA 00:10
[download]  35.3% of   22.21MiB at    1.63MiB/s ETA 00:08
[download]  44.7% of   22.21MiB at    1.67MiB/s ETA 00:07
[download]  44.7% of   22.21MiB at  335.60KiB/s ETA 00:37
[download]  44.7% of   22.21MiB at  892.79KiB/s ETA 00:14
[download]  44.7% of   22.21MiB at  418.63KiB/s ETA 00:30
[download]  44.7% of   22.21MiB at  492.64KiB/s ETA 00:25
[download]  44.8% of   22.21MiB at  151.37KiB/s ETA 01:22
[download]  44.9% of   22.21MiB at  173.83KiB/s ETA 01:12
[download]  45.2% of   22.21MiB at  238.64KiB/s ETA 00:52
[download]  45.8% of   22.21MiB at  345.45KiB/s ETA 00:35
[download]  46.9% of   22.21MiB at  547.28KiB/s ETA 00:22
[download]  49.2% of   22.21MiB at  884.13KiB/s ETA 00:13
[download]  53.7% of   22.21MiB at  936.98KiB/s ETA 00:11
[download]  58.0% of   22.21MiB at    1.19MiB/s ETA 00:07
[download]  66.8% of   22.21MiB at    1.29MiB/s ETA 00:05
[download]  73.5% of   22.21MiB at    1.42MiB/s ETA 00:04
[download]  83.0% of   22.21MiB at    1.44MiB/s ETA 00:02
[download]  89.5% of   22.21MiB at    1.49MiB/s ETA 00:01
[download]  89.6% of   22.21MiB at  Unknown B/s ETA Unknown
[download]  89.6% of   22.21MiB at   47.57KiB/s ETA 00:49
[download]  89.6% of   22.21MiB at  100.67KiB/s ETA 00:23
[download]  89.7% of   22.21MiB at  164.96KiB/s ETA 00:14
[download]  89.8% of   22.21MiB at  219.62KiB/s ETA 00:10
[download]  90.1% of   22.21MiB at  299.66KiB/s ETA 00:07
[download]  90.7% of   22.21MiB at  424.81KiB/s ETA 00:04
[download]  91.8% of   22.21MiB at  559.15KiB/s ETA 00:03
[download]  94.0% of   22.21MiB at  845.30KiB/s ETA 00:01
[download]  98.5% of   22.21MiB at    1.42MiB/s ETA 00:00
[download] 100.0% of   22.21MiB at    1.64MiB/s ETA 00:00
[download] 100% of   22.21MiB in 00:00:16 at 1.33MiB/s
[ExtractAudio] Destination: Hindi Talks/The power of not thinking too much ｜ Pra
njal Priya ｜ TEDxCCOEW.wav
Deleting original file Hindi Talks/The power of not thinking too much ｜ Pranjal
Priya ｜ TEDxCCOEW.mp4 (pass -k to keep)
[download] Finished downloading playlist: TED talk in Hindi
----------------------------------------
Starting batch for: German
Folder: German Talks
Subtitles: en.*, de.*
[youtube:search] Extracting URL: ytsearch10:TED talk in German
[download] Downloading playlist: TED talk in German
[youtube:search] query "TED talk in German": Downloading web client config
[youtube:search] query "TED talk in German" page 1: Downloading API JSON
[youtube:search] Playlist TED talk in German: Downloading 10 items of 10
[download] Downloading item 1 of 10
[youtube] Extracting URL: https://www.youtube.com/watch?v=9CZBIaaiPRI
[youtube] 9CZBIaaiPRI: Downloading webpage
[youtube] 9CZBIaaiPRI: Downloading android player API JSON
[youtube] 9CZBIaaiPRI: Downloading web client config
[youtube] 9CZBIaaiPRI: Downloading web player API JSON
WARNING: [youtube] 9CZBIaaiPRI: Some android client https formats have been skip
ped as they are missing a URL. YouTube may have enabled the SABR-only streaming
experiment for the current session. See  https://github.com/yt-dlp/yt-dlp/issues
/12482  for more details
[info] 9CZBIaaiPRI: Downloading subtitles: de
[info] 9CZBIaaiPRI: Downloading 1 format(s): 18
[info] Writing video subtitles to: German Talks/Warum lernen!？ Eine Frage als An
twort für eine bessere Bildung ｜ Bob Blume ｜ TEDxStuttgart.de.vtt
WARNING: The extractor specified to use impersonation for this download, but no
impersonate target is available. If you encounter errors, then see  https://gith
ub.com/yt-dlp/yt-dlp#impersonation  for information on installing the required d
ependencies
[download] Destination: German Talks/Warum lernen!？ Eine Frage als Antwort für e
ine bessere Bildung ｜ Bob Blume ｜ TEDxStuttgart.de.vtt
[download]    7.00KiB at    3.74MiB/s (00:00:00)
[download]   14.19KiB at  352.08KiB/s (00:00:00)
[download] 100% of   14.19KiB in 00:00:00 at 30.15KiB/s
[SubtitlesConvertor] Converting subtitles
Deleting original file German Talks/Warum lernen!？ Eine Frage als Antwort für ei
ne bessere Bildung ｜ Bob Blume ｜ TEDxStuttgart.de.vtt (pass -k to keep)
[download] Destination: German Talks/Warum lernen!？ Eine Frage als Antwort für e
ine bessere Bildung ｜ Bob Blume ｜ TEDxStuttgart.mp4
[download]   0.0% of   24.65MiB at  787.61KiB/s ETA 00:32
[download]   0.0% of   24.65MiB at   22.79KiB/s ETA 18:27
[download]   0.1% of   24.65MiB at   44.67KiB/s ETA 09:24
[download]   0.1% of   24.65MiB at   36.50KiB/s ETA 11:30
[download]   0.2% of   24.65MiB at   66.36KiB/s ETA 06:19
[download]   0.5% of   24.65MiB at  103.12KiB/s ETA 04:03
[download]   1.0% of   24.65MiB at  161.54KiB/s ETA 02:34
[download]   2.0% of   24.65MiB at  261.03KiB/s ETA 01:34
[download]   3.9% of   24.65MiB at  402.47KiB/s ETA 01:00
[download]   7.4% of   24.65MiB at  600.92KiB/s ETA 00:38
[download]  12.8% of   24.65MiB at  955.27KiB/s ETA 00:23
[download]  23.6% of   24.65MiB at    1.24MiB/s ETA 00:15
[download]  31.9% of   24.65MiB at    1.36MiB/s ETA 00:12
[download]  38.6% of   24.65MiB at    1.34MiB/s ETA 00:11
[download]  38.6% of   24.65MiB at  322.42KiB/s ETA 00:48
[download]  38.7% of   24.65MiB at    1.67MiB/s ETA 00:09
[download]  38.7% of   24.65MiB at  251.51KiB/s ETA 01:01
[download]  38.7% of   24.65MiB at   99.31KiB/s ETA 02:35
[download]  38.9% of   24.65MiB at  113.69KiB/s ETA 02:15
[download]  39.1% of   24.65MiB at  150.69KiB/s ETA 01:41
[download]  39.6% of   24.65MiB at  225.94KiB/s ETA 01:07
[download]  40.7% of   24.65MiB at  360.73KiB/s ETA 00:41
[download]  42.7% of   24.65MiB at  594.37KiB/s ETA 00:24
[download]  46.7% of   24.65MiB at 1005.19KiB/s ETA 00:13
[download]  54.8% of   24.65MiB at    1.34MiB/s ETA 00:08
[download]  63.5% of   24.65MiB at    1.67MiB/s ETA 00:05
[download]  76.1% of   24.65MiB at    1.77MiB/s ETA 00:03
[download]  79.1% of   24.65MiB at    1.91MiB/s ETA 00:02
[download]  79.1% of   24.65MiB at   17.58KiB/s ETA 04:59
[download]  79.2% of   24.65MiB at  242.27KiB/s ETA 00:21
[download]  79.3% of   24.65MiB at   85.09KiB/s ETA 01:01
[download]  79.4% of   24.65MiB at   97.78KiB/s ETA 00:53
[download]  79.6% of   24.65MiB at  143.54KiB/s ETA 00:35
[download]  80.2% of   24.65MiB at  201.52KiB/s ETA 00:24
[download]  81.2% of   24.65MiB at  332.07KiB/s ETA 00:14
[download]  83.2% of   24.65MiB at  544.51KiB/s ETA 00:07
[download]  87.3% of   24.65MiB at  919.90KiB/s ETA 00:03
[download]  95.4% of   24.65MiB at    1.27MiB/s ETA 00:00
[download] 100.0% of   24.65MiB at    1.49MiB/s ETA 00:00
[download] 100% of   24.65MiB in 00:00:20 at 1.20MiB/s
[ExtractAudio] Destination: German Talks/Warum lernen!？ Eine Frage als Antwort f
ür eine bessere Bildung ｜ Bob Blume ｜ TEDxStuttgart.wav
Deleting original file German Talks/Warum lernen!？ Eine Frage als Antwort für ei
ne bessere Bildung ｜ Bob Blume ｜ TEDxStuttgart.mp4 (pass -k to keep)
[download] Downloading item 2 of 10
[youtube] Extracting URL: https://www.youtube.com/watch?v=xOTZfGyVh1I
[youtube] xOTZfGyVh1I: Downloading webpage
[youtube] xOTZfGyVh1I: Downloading android player API JSON
[youtube] xOTZfGyVh1I: Downloading web client config
[youtube] xOTZfGyVh1I: Downloading web player API JSON
WARNING: [youtube] xOTZfGyVh1I: Some android client https formats have been skip
ped as they are missing a URL. YouTube may have enabled the SABR-only streaming
experiment for the current session. See  https://github.com/yt-dlp/yt-dlp/issues
/12482  for more details
[info] xOTZfGyVh1I: Downloading 1 format(s): 18
[info] There are no subtitles for the requested languages
[SubtitlesConvertor] There aren't any subtitles to convert
[download] Destination: German Talks/Die Kunst des Storytelling： Veit Etzold at
TEDxMünchenSalon.mp4
[download]   0.0% of   54.66MiB at    4.15MiB/s ETA 00:13
[download]   0.0% of   54.66MiB at  288.63KiB/s ETA 03:13
[download]   0.1% of   54.66MiB at  590.13KiB/s ETA 01:34
[download]   0.1% of   54.66MiB at    1.13MiB/s ETA 00:48
[download]   0.2% of   54.66MiB at    1.31MiB/s ETA 00:41
[download]   0.5% of   54.66MiB at    2.32MiB/s ETA 00:23
[download]   0.9% of   54.66MiB at    2.23MiB/s ETA 00:24
[download]   1.8% of   54.66MiB at    2.17MiB/s ETA 00:24
[download]   3.7% of   54.66MiB at    2.41MiB/s ETA 00:21
[download]   7.3% of   54.66MiB at    3.25MiB/s ETA 00:15
[download]  14.6% of   54.66MiB at    2.81MiB/s ETA 00:16
[download]  17.7% of   54.66MiB at    2.96MiB/s ETA 00:15
[download]  17.7% of   54.66MiB at   44.32KiB/s ETA 17:19
[download]  17.8% of   54.66MiB at  618.83KiB/s ETA 01:14
[download]  17.8% of   54.66MiB at    1.21MiB/s ETA 00:37
[download]  17.9% of   54.66MiB at    1.34MiB/s ETA 00:33
[download]  18.0% of   54.66MiB at    2.37MiB/s ETA 00:18
[download]  18.2% of   54.66MiB at    2.40MiB/s ETA 00:18
[download]  18.7% of   54.66MiB at    3.00MiB/s ETA 00:14
[download]  19.6% of   54.66MiB at    4.14MiB/s ETA 00:10
[download]  21.4% of   54.66MiB at    4.07MiB/s ETA 00:10
[download]  25.1% of   54.66MiB at    2.98MiB/s ETA 00:13
[download]  29.4% of   54.66MiB at    3.14MiB/s ETA 00:12
[download]  35.7% of   54.66MiB at    3.39MiB/s ETA 00:10
[download]  35.9% of   54.66MiB at    3.42MiB/s ETA 00:10
[download]  35.9% of   54.66MiB at  340.78KiB/s ETA 01:45
[download]  35.9% of   54.66MiB at    3.32MiB/s ETA 00:10
[download]  35.9% of   54.66MiB at    4.41MiB/s ETA 00:07
[download]  36.0% of   54.66MiB at    1.40MiB/s ETA 00:25
[download]  36.1% of   54.66MiB at    2.19MiB/s ETA 00:15
[download]  36.3% of   54.66MiB at    2.24MiB/s ETA 00:15
[download]  36.8% of   54.66MiB at    2.91MiB/s ETA 00:11
[download]  37.7% of   54.66MiB at    2.75MiB/s ETA 00:12
[download]  39.5% of   54.66MiB at    2.37MiB/s ETA 00:13
[download]  43.2% of   54.66MiB at    2.75MiB/s ETA 00:11
[download]  49.2% of   54.66MiB at    2.41MiB/s ETA 00:11
[download]  53.0% of   54.66MiB at    2.42MiB/s ETA 00:10
[download]  54.0% of   54.66MiB at    2.39MiB/s ETA 00:10
[download]  54.0% of   54.66MiB at  Unknown B/s ETA Unknown
[download]  54.1% of   54.66MiB at    4.97MiB/s ETA 00:05
[download]  54.1% of   54.66MiB at    4.41MiB/s ETA 00:05
[download]  54.1% of   54.66MiB at    2.24MiB/s ETA 00:11
[download]  54.2% of   54.66MiB at    3.08MiB/s ETA 00:08
[download]  54.3% of   54.66MiB at    4.15MiB/s ETA 00:06
[download]  54.5% of   54.66MiB at    3.46MiB/s ETA 00:07
[download]  55.0% of   54.66MiB at    4.06MiB/s ETA 00:06
[download]  55.9% of   54.66MiB at    3.67MiB/s ETA 00:06
[download]  57.7% of   54.66MiB at    2.40MiB/s ETA 00:09
[download]  61.0% of   54.66MiB at    2.79MiB/s ETA 00:07
[download]  67.2% of   54.66MiB at    3.29MiB/s ETA 00:05
[download]  71.6% of   54.66MiB at    3.19MiB/s ETA 00:04
[download]  71.6% of   54.66MiB at  Unknown B/s ETA Unknown
[download]  71.6% of   54.66MiB at    6.81MiB/s ETA 00:02
[download]  71.6% of   54.66MiB at    2.86MiB/s ETA 00:05
[download]  71.7% of   54.66MiB at    3.13MiB/s ETA 00:04
[download]  71.8% of   54.66MiB at    4.67MiB/s ETA 00:03
[download]  72.0% of   54.66MiB at    2.83MiB/s ETA 00:05
[download]  72.5% of   54.66MiB at    3.93MiB/s ETA 00:03
[download]  73.4% of   54.66MiB at    3.77MiB/s ETA 00:03
[download]  75.3% of   54.66MiB at    3.88MiB/s ETA 00:03
[download]  78.9% of   54.66MiB at    3.86MiB/s ETA 00:02
[download]  85.9% of   54.66MiB at    2.53MiB/s ETA 00:03
[download]  89.4% of   54.66MiB at    2.56MiB/s ETA 00:02
[download]  89.9% of   54.66MiB at    2.59MiB/s ETA 00:02
[download]  89.9% of   54.66MiB at  Unknown B/s ETA Unknown
[download]  89.9% of   54.66MiB at  495.49KiB/s ETA 00:11
[download]  89.9% of   54.66MiB at   87.03KiB/s ETA 01:04
[download]  90.0% of   54.66MiB at  107.44KiB/s ETA 00:52
[download]  90.1% of   54.66MiB at  152.83KiB/s ETA 00:36
[download]  90.3% of   54.66MiB at  230.20KiB/s ETA 00:23
[download]  90.8% of   54.66MiB at  356.94KiB/s ETA 00:14
[download]  91.7% of   54.66MiB at  347.03KiB/s ETA 00:13
[download]  92.3% of   54.66MiB at  447.76KiB/s ETA 00:09
[download]  93.5% of   54.66MiB at  615.96KiB/s ETA 00:05
[download]  95.9% of   54.66MiB at  859.41KiB/s ETA 00:02
[download]  99.7% of   54.66MiB at    1.15MiB/s ETA 00:00
[download] 100.0% of   54.66MiB at    1.13MiB/s ETA 00:00
[download] 100% of   54.66MiB in 00:00:28 at 1.92MiB/s
[ExtractAudio] Destination: German Talks/Die Kunst des Storytelling： Veit Etzold
 at TEDxMünchenSalon.wav
Deleting original file German Talks/Die Kunst des Storytelling： Veit Etzold at T
EDxMünchenSalon.mp4 (pass -k to keep)
[download] Downloading item 3 of 10
[youtube] Extracting URL: https://www.youtube.com/watch?v=_98m4Vod6_8
[youtube] _98m4Vod6_8: Downloading webpage
[youtube] _98m4Vod6_8: Downloading android player API JSON
[youtube] _98m4Vod6_8: Downloading web client config
[youtube] _98m4Vod6_8: Downloading web player API JSON
WARNING: [youtube] _98m4Vod6_8: Some android client https formats have been skip
ped as they are missing a URL. YouTube may have enabled the SABR-only streaming
experiment for the current session. See  https://github.com/yt-dlp/yt-dlp/issues
/12482  for more details
[info] _98m4Vod6_8: Downloading subtitles: en
[info] _98m4Vod6_8: Downloading 1 format(s): 18
[info] Writing video subtitles to: German Talks/How learning German taught me th
e link between maths and poetry ｜ Harry Baker ｜ TEDxVienna.en.vtt
WARNING: The extractor specified to use impersonation for this download, but no
impersonate target is available. If you encounter errors, then see  https://gith
ub.com/yt-dlp/yt-dlp#impersonation  for information on installing the required d
ependencies
[download] Destination: German Talks/How learning German taught me the link betw
een maths and poetry ｜ Harry Baker ｜ TEDxVienna.en.vtt
[download]   15.00KiB at  225.23KiB/s (00:00:00)
[download] 100% of   23.95KiB in 00:00:00 at 45.89KiB/s
[SubtitlesConvertor] Converting subtitles
Deleting original file German Talks/How learning German taught me the link betwe
en maths and poetry ｜ Harry Baker ｜ TEDxVienna.en.vtt (pass -k to keep)
[download] Destination: German Talks/How learning German taught me the link betw
een maths and poetry ｜ Harry Baker ｜ TEDxVienna.mp4
[download]   0.0% of   41.54MiB at    8.59MiB/s ETA 00:04
[download]   0.1% of   41.54MiB at    4.30MiB/s ETA 00:09
[download]   0.1% of   41.54MiB at    4.50MiB/s ETA 00:09
[download]   0.3% of   41.54MiB at    4.70MiB/s ETA 00:08
[download]   0.6% of   41.54MiB at    2.17MiB/s ETA 00:18
[download]   1.2% of   41.54MiB at    2.76MiB/s ETA 00:14
[download]   2.4% of   41.54MiB at    3.10MiB/s ETA 00:13
[download]   4.8% of   41.54MiB at    3.91MiB/s ETA 00:10
[download]   9.6% of   41.54MiB at    3.63MiB/s ETA 00:10
[download]  17.8% of   41.54MiB at    3.12MiB/s ETA 00:10
[download]  23.5% of   41.54MiB at    3.32MiB/s ETA 00:09
[download]  23.5% of   41.54MiB at  105.60KiB/s ETA 05:08
[download]  23.5% of   41.54MiB at    1.30MiB/s ETA 00:24
[download]  23.6% of   41.54MiB at    1.16MiB/s ETA 00:27
[download]  23.6% of   41.54MiB at    1.86MiB/s ETA 00:17
[download]  23.8% of   41.54MiB at    2.69MiB/s ETA 00:11
[download]  24.1% of   41.54MiB at    2.53MiB/s ETA 00:12
[download]  24.7% of   41.54MiB at    3.66MiB/s ETA 00:08
[download]  25.9% of   41.54MiB at    5.07MiB/s ETA 00:06
[download]  28.3% of   41.54MiB at    4.70MiB/s ETA 00:06
[download]  33.1% of   41.54MiB at    3.76MiB/s ETA 00:07
[download]  40.7% of   41.54MiB at    3.94MiB/s ETA 00:06
[download]  46.5% of   41.54MiB at    3.70MiB/s ETA 00:06
[download]  46.5% of   41.54MiB at  Unknown B/s ETA Unknown
[download]  46.5% of   41.54MiB at  923.79KiB/s ETA 00:24
[download]  46.5% of   41.54MiB at    1.48MiB/s ETA 00:15
[download]  46.5% of   41.54MiB at    1.88MiB/s ETA 00:11
[download]  46.5% of   41.54MiB at    3.11MiB/s ETA 00:07
[download]  46.6% of   41.54MiB at    3.65MiB/s ETA 00:06
[download]  46.8% of   41.54MiB at    4.61MiB/s ETA 00:04
[download]  47.1% of   41.54MiB at    3.07MiB/s ETA 00:07
[download]  47.7% of   41.54MiB at    3.15MiB/s ETA 00:06
[download]  48.9% of   41.54MiB at    3.52MiB/s ETA 00:06
[download]  51.3% of   41.54MiB at    3.65MiB/s ETA 00:05
[download]  56.1% of   41.54MiB at    3.82MiB/s ETA 00:04
[download]  65.7% of   41.54MiB at    3.54MiB/s ETA 00:04
[download]  70.0% of   41.54MiB at    3.75MiB/s ETA 00:03
[download]  70.0% of   41.54MiB at  Unknown B/s ETA Unknown
[download]  70.0% of   41.54MiB at  266.63KiB/s ETA 00:47
[download]  70.0% of   41.54MiB at   25.48KiB/s ETA 08:20
[download]  70.1% of   41.54MiB at   97.53KiB/s ETA 02:10
[download]  70.2% of   41.54MiB at  139.72KiB/s ETA 01:30
[download]  70.5% of   41.54MiB at  199.02KiB/s ETA 01:03
[download]  71.0% of   41.54MiB at  291.27KiB/s ETA 00:42
[download]  72.1% of   41.54MiB at  456.19KiB/s ETA 00:26
[download]  74.3% of   41.54MiB at  688.25KiB/s ETA 00:15
[download]  77.5% of   41.54MiB at    1.04MiB/s ETA 00:08
[download]  84.1% of   41.54MiB at    1.47MiB/s ETA 00:04
[download]  91.0% of   41.54MiB at    1.67MiB/s ETA 00:02
[download]  93.9% of   41.54MiB at    1.76MiB/s ETA 00:01
[download]  93.9% of   41.54MiB at  161.05KiB/s ETA 00:16
[download]  94.0% of   41.54MiB at  917.16KiB/s ETA 00:02
[download]  94.0% of   41.54MiB at    1.72MiB/s ETA 00:01
[download]  94.0% of   41.54MiB at    1.36MiB/s ETA 00:01
[download]  94.1% of   41.54MiB at    1.72MiB/s ETA 00:01
[download]  94.2% of   41.54MiB at    2.72MiB/s ETA 00:00
[download]  94.5% of   41.54MiB at    3.30MiB/s ETA 00:00
[download]  95.1% of   41.54MiB at    4.09MiB/s ETA 00:00
[download]  96.4% of   41.54MiB at    5.72MiB/s ETA 00:00
[download]  98.8% of   41.54MiB at    4.09MiB/s ETA 00:00
[download] 100.0% of   41.54MiB at    4.53MiB/s ETA 00:00
[download] 100% of   41.54MiB in 00:00:21 at 1.93MiB/s
[ExtractAudio] Destination: German Talks/How learning German taught me the link
between maths and poetry ｜ Harry Baker ｜ TEDxVienna.wav
Deleting original file German Talks/How learning German taught me the link betwe
en maths and poetry ｜ Harry Baker ｜ TEDxVienna.mp4 (pass -k to keep)
[download] Downloading item 4 of 10
[youtube] Extracting URL: https://www.youtube.com/watch?v=o_XVt5rdpFY
[youtube] o_XVt5rdpFY: Downloading webpage
[youtube] o_XVt5rdpFY: Downloading android player API JSON
[youtube] o_XVt5rdpFY: Downloading web client config
[youtube] o_XVt5rdpFY: Downloading web player API JSON
WARNING: [youtube] o_XVt5rdpFY: Some android client https formats have been skip
ped as they are missing a URL. YouTube may have enabled the SABR-only streaming
experiment for the current session. See  https://github.com/yt-dlp/yt-dlp/issues
/12482  for more details
[info] o_XVt5rdpFY: Downloading subtitles: en, de
[info] o_XVt5rdpFY: Downloading 1 format(s): 18
[info] Writing video subtitles to: German Talks/The secrets of learning a new la
nguage ｜ Lýdia Machová ｜ TED.en.vtt
WARNING: The extractor specified to use impersonation for this download, but no
impersonate target is available. If you encounter errors, then see  https://gith
ub.com/yt-dlp/yt-dlp#impersonation  for information on installing the required d
ependencies
[download] Destination: German Talks/The secrets of learning a new language ｜ Lý
dia Machová ｜ TED.en.vtt
[download]    3.00KiB at    2.08MiB/s (00:00:00)
[download]    7.00KiB at    2.31MiB/s (00:00:00)
[download]   15.00KiB at    1.42MiB/s (00:00:00)
[download] 100% of   16.85KiB in 00:00:00 at 34.68KiB/s
[info] Writing video subtitles to: German Talks/The secrets of learning a new la
nguage ｜ Lýdia Machová ｜ TED.de.vtt
WARNING: The extractor specified to use impersonation for this download, but no
impersonate target is available. If you encounter errors, then see  https://gith
ub.com/yt-dlp/yt-dlp#impersonation  for information on installing the required d
ependencies
[download] Destination: German Talks/The secrets of learning a new language ｜ Lý
dia Machová ｜ TED.de.vtt
[download]    7.00KiB at    3.80MiB/s (00:00:00)
[download]   15.00KiB at    1.50MiB/s (00:00:00)
[download]   17.36KiB at  237.06KiB/s (00:00:00)
[download] 100% of   17.36KiB in 00:00:00 at 36.60KiB/s
[SubtitlesConvertor] Converting subtitles
Deleting original file German Talks/The secrets of learning a new language ｜ Lýd
ia Machová ｜ TED.en.vtt (pass -k to keep)
Deleting original file German Talks/The secrets of learning a new language ｜ Lýd
ia Machová ｜ TED.de.vtt (pass -k to keep)
[download] Destination: German Talks/The secrets of learning a new language ｜ Lý
dia Machová ｜ TED.mp4
[download]   0.0% of   14.81MiB at    2.22MiB/s ETA 00:06
[download]   0.0% of   14.81MiB at    1.08MiB/s ETA 00:13
[download]   0.2% of   14.81MiB at    4.09MiB/s ETA 00:03
[download]   0.4% of   14.81MiB at    4.70MiB/s ETA 00:03
[download]   0.8% of   14.81MiB at    5.38MiB/s ETA 00:02
[download]   1.7% of   14.81MiB at    3.23MiB/s ETA 00:04
[download]   3.4% of   14.81MiB at    3.95MiB/s ETA 00:03
[download]   6.7% of   14.81MiB at    4.15MiB/s ETA 00:03
[download]  13.5% of   14.81MiB at    4.86MiB/s ETA 00:02
[download]  27.0% of   14.81MiB at    6.00MiB/s ETA 00:01
[download]  54.0% of   14.81MiB at    7.10MiB/s ETA 00:00
[download]  64.7% of   14.81MiB at    7.17MiB/s ETA 00:00
[download]  64.7% of   14.81MiB at  Unknown B/s ETA Unknown
[download]  64.8% of   14.81MiB at  Unknown B/s ETA Unknown
[download]  64.8% of   14.81MiB at    2.19MiB/s ETA 00:02
[download]  64.8% of   14.81MiB at    2.11MiB/s ETA 00:02
[download]  64.9% of   14.81MiB at    2.97MiB/s ETA 00:01
[download]  65.2% of   14.81MiB at    4.56MiB/s ETA 00:01
[download]  65.6% of   14.81MiB at    5.36MiB/s ETA 00:00
[download]  66.4% of   14.81MiB at    6.25MiB/s ETA 00:00
[download]  68.1% of   14.81MiB at    6.02MiB/s ETA 00:00
[download]  71.5% of   14.81MiB at    7.16MiB/s ETA 00:00
[download]  78.2% of   14.81MiB at    6.53MiB/s ETA 00:00
[download]  91.7% of   14.81MiB at    7.06MiB/s ETA 00:00
[download] 100.0% of   14.81MiB at    6.83MiB/s ETA 00:00
[download] 100% of   14.81MiB in 00:00:02 at 6.22MiB/s
[ExtractAudio] Destination: German Talks/The secrets of learning a new language
｜ Lýdia Machová ｜ TED.wav
Deleting original file German Talks/The secrets of learning a new language ｜ Lýd
ia Machová ｜ TED.mp4 (pass -k to keep)
[download] Downloading item 5 of 10
[youtube] Extracting URL: https://www.youtube.com/watch?v=yiVr8AH4mw8
[youtube] yiVr8AH4mw8: Downloading webpage
[youtube] yiVr8AH4mw8: Downloading android player API JSON
[youtube] yiVr8AH4mw8: Downloading web client config
[youtube] yiVr8AH4mw8: Downloading web player API JSON
WARNING: [youtube] yiVr8AH4mw8: Some android client https formats have been skip
ped as they are missing a URL. YouTube may have enabled the SABR-only streaming
experiment for the current session. See  https://github.com/yt-dlp/yt-dlp/issues
/12482  for more details
[info] yiVr8AH4mw8: Downloading 1 format(s): 18
[info] There are no subtitles for the requested languages
[SubtitlesConvertor] There aren't any subtitles to convert
[download] Destination: German Talks/Die Lösung liegt in Dir： Warum du Deine Gef
ühle selbst machst ｜ Wieland Stolzenburg ｜ TEDxMünster.mp4
[download]   0.0% of   43.47MiB at    4.59MiB/s ETA 00:09
[download]   0.0% of   43.47MiB at  541.89KiB/s ETA 01:22
[download]   0.1% of   43.47MiB at   85.45KiB/s ETA 08:40
[download]   0.1% of   43.47MiB at   93.51KiB/s ETA 07:55
[download]   0.3% of   43.47MiB at   96.46KiB/s ETA 07:40
[download]   0.5% of   43.47MiB at  113.70KiB/s ETA 06:29
[download]   0.8% of   43.47MiB at  113.78KiB/s ETA 06:27
[download]   1.1% of   43.47MiB at  122.31KiB/s ETA 05:59
[download]   1.5% of   43.47MiB at  123.46KiB/s ETA 05:55
[download]   1.7% of   43.47MiB at  123.22KiB/s ETA 05:54
[download]   2.0% of   43.47MiB at  125.96KiB/s ETA 05:46
[download]   2.3% of   43.47MiB at  129.63KiB/s ETA 05:35
[download]   2.7% of   43.47MiB at  134.01KiB/s ETA 05:23
[download]   3.1% of   43.47MiB at  140.08KiB/s ETA 05:07
[download]   3.6% of   43.47MiB at  149.15KiB/s ETA 04:47
[download]   4.1% of   43.47MiB at  160.27KiB/s ETA 04:26
[download]   4.8% of   43.47MiB at  170.43KiB/s ETA 04:08
[download]   5.4% of   43.47MiB at  178.23KiB/s ETA 03:56
[download]   6.0% of   43.47MiB at  188.88KiB/s ETA 03:41
[download]   7.0% of   43.47MiB at  197.17KiB/s ETA 03:30
[download]   7.6% of   43.47MiB at  205.12KiB/s ETA 03:20
[download]   8.4% of   43.47MiB at  215.26KiB/s ETA 03:09
[download]   9.3% of   43.47MiB at  228.65KiB/s ETA 02:56
[download]  10.6% of   43.47MiB at  249.18KiB/s ETA 02:39
[download]  12.2% of   43.47MiB at  276.69KiB/s ETA 02:21
[download]  14.4% of   43.47MiB at  309.77KiB/s ETA 02:02
[download]  16.4% of   43.47MiB at  338.38KiB/s ETA 01:49
[download]  18.7% of   43.47MiB at  372.36KiB/s ETA 01:37
[download]  21.8% of   43.47MiB at  405.76KiB/s ETA 01:25
[download]  22.1% of   43.47MiB at  410.53KiB/s ETA 01:24
[download]  22.1% of   43.47MiB at  Unknown B/s ETA Unknown
[download]  22.1% of   43.47MiB at    1.08MiB/s ETA 00:31
[download]  22.1% of   43.47MiB at    1.85MiB/s ETA 00:18
[download]  22.1% of   43.47MiB at  118.97KiB/s ETA 04:51
[download]  22.2% of   43.47MiB at  194.18KiB/s ETA 02:58
[download]  22.2% of   43.47MiB at  206.69KiB/s ETA 02:47
[download]  22.4% of   43.47MiB at  329.98KiB/s ETA 01:44
[download]  22.7% of   43.47MiB at  453.14KiB/s ETA 01:15
[download]  23.2% of   43.47MiB at  693.78KiB/s ETA 00:49
[download]  24.4% of   43.47MiB at    1.09MiB/s ETA 00:30
[download]  26.7% of   43.47MiB at    1.83MiB/s ETA 00:17
[download]  31.3% of   43.47MiB at    2.58MiB/s ETA 00:11
[download]  40.5% of   43.47MiB at    3.61MiB/s ETA 00:07
[download]  44.5% of   43.47MiB at    3.72MiB/s ETA 00:06
[download]  44.5% of   43.47MiB at  321.99KiB/s ETA 01:17
[download]  44.5% of   43.47MiB at    1.47MiB/s ETA 00:16
[download]  44.5% of   43.47MiB at   59.12KiB/s ETA 06:57
[download]  44.6% of   43.47MiB at  110.20KiB/s ETA 03:43
[download]  44.6% of   43.47MiB at  126.40KiB/s ETA 03:14
[download]  44.8% of   43.47MiB at  165.62KiB/s ETA 02:28
[download]  45.1% of   43.47MiB at  228.29KiB/s ETA 01:47
[download]  45.6% of   43.47MiB at  354.99KiB/s ETA 01:08
[download]  46.8% of   43.47MiB at  533.20KiB/s ETA 00:44
[download]  49.1% of   43.47MiB at  850.22KiB/s ETA 00:26
[download]  53.7% of   43.47MiB at    1.35MiB/s ETA 00:14
[download]  61.9% of   43.47MiB at    1.88MiB/s ETA 00:08
[download]  67.3% of   43.47MiB at    2.44MiB/s ETA 00:05
[download]  67.3% of   43.47MiB at  Unknown B/s ETA Unknown
[download]  67.4% of   43.47MiB at  427.65KiB/s ETA 00:34
[download]  67.4% of   43.47MiB at  102.02KiB/s ETA 02:22
[download]  67.4% of   43.47MiB at  186.99KiB/s ETA 01:17
[download]  67.5% of   43.47MiB at  215.75KiB/s ETA 01:07
[download]  67.6% of   43.47MiB at  301.78KiB/s ETA 00:47
[download]  67.9% of   43.47MiB at  445.55KiB/s ETA 00:32
[download]  68.5% of   43.47MiB at  700.88KiB/s ETA 00:20
[download]  69.6% of   43.47MiB at    1.09MiB/s ETA 00:12
[download]  71.9% of   43.47MiB at    1.68MiB/s ETA 00:07
[download]  76.5% of   43.47MiB at    2.13MiB/s ETA 00:04
[download]  83.3% of   43.47MiB at    3.41MiB/s ETA 00:02
[download]  89.4% of   43.47MiB at    3.85MiB/s ETA 00:01
[download]  89.4% of   43.47MiB at   74.50KiB/s ETA 01:03
[download]  89.4% of   43.47MiB at  480.49KiB/s ETA 00:09
[download]  89.4% of   43.47MiB at  554.69KiB/s ETA 00:08
[download]  89.4% of   43.47MiB at  113.60KiB/s ETA 00:41
[download]  89.5% of   43.47MiB at  129.31KiB/s ETA 00:36
[download]  89.7% of   43.47MiB at  158.96KiB/s ETA 00:28
[download]  89.9% of   43.47MiB at  206.45KiB/s ETA 00:21
[download]  90.5% of   43.47MiB at  301.40KiB/s ETA 00:14
[download]  91.7% of   43.47MiB at  468.47KiB/s ETA 00:07
[download]  94.0% of   43.47MiB at  720.95KiB/s ETA 00:03
[download]  97.5% of   43.47MiB at 1015.49KiB/s ETA 00:01
[download] 100.0% of   43.47MiB at    1.20MiB/s ETA 00:00
[download] 100% of   43.47MiB in 00:00:40 at 1.06MiB/s
[ExtractAudio] Destination: German Talks/Die Lösung liegt in Dir： Warum du Deine
 Gefühle selbst machst ｜ Wieland Stolzenburg ｜ TEDxMünster.wav
Deleting original file German Talks/Die Lösung liegt in Dir： Warum du Deine Gefü
hle selbst machst ｜ Wieland Stolzenburg ｜ TEDxMünster.mp4 (pass -k to keep)
[download] Downloading item 6 of 10
[youtube] Extracting URL: https://www.youtube.com/watch?v=xl7O2t7L55E
[youtube] xl7O2t7L55E: Downloading webpage
[youtube] xl7O2t7L55E: Downloading android player API JSON
[youtube] xl7O2t7L55E: Downloading web client config
[youtube] xl7O2t7L55E: Downloading web player API JSON
WARNING: [youtube] xl7O2t7L55E: Some android client https formats have been skip
ped as they are missing a URL. YouTube may have enabled the SABR-only streaming
experiment for the current session. See  https://github.com/yt-dlp/yt-dlp/issues
/12482  for more details
[info] xl7O2t7L55E: Downloading 1 format(s): 18
[info] There are no subtitles for the requested languages
[SubtitlesConvertor] There aren't any subtitles to convert
[download] Destination: German Talks/Weiße Rhetorik vs. Dunkle Rhetorik ｜ Wladis
law Jachtchenko ｜ TEDxYouth@SchlossHansenberg.mp4
[download]   0.0% of   24.11MiB at    2.10MiB/s ETA 00:11
[download]   0.0% of   24.11MiB at  511.02KiB/s ETA 00:48
[download]   0.1% of   24.11MiB at   50.09KiB/s ETA 08:12
[download]   0.1% of   24.11MiB at   81.11KiB/s ETA 05:03
[download]   0.3% of   24.11MiB at  103.34KiB/s ETA 03:58
[download]   0.5% of   24.11MiB at  150.82KiB/s ETA 02:42
[download]   1.0% of   24.11MiB at  230.50KiB/s ETA 01:45
[download]   2.1% of   24.11MiB at  244.60KiB/s ETA 01:38
[download]   3.1% of   24.11MiB at  350.22KiB/s ETA 01:08
[download]   5.2% of   24.11MiB at  517.14KiB/s ETA 00:45
[download]   9.5% of   24.11MiB at  827.40KiB/s ETA 00:27
[download]  17.9% of   24.11MiB at  846.31KiB/s ETA 00:23
[download]  22.1% of   24.11MiB at    1.02MiB/s ETA 00:18
[download]  30.6% of   24.11MiB at  985.18KiB/s ETA 00:17
[download]  34.8% of   24.11MiB at    1.09MiB/s ETA 00:14
[download]  41.3% of   24.11MiB at    1.17MiB/s ETA 00:12
[download]  41.3% of   24.11MiB at  401.52KiB/s ETA 00:36
[download]  41.4% of   24.11MiB at  995.09KiB/s ETA 00:14
[download]  41.4% of   24.11MiB at  234.11KiB/s ETA 01:01
[download]  41.4% of   24.11MiB at   54.70KiB/s ETA 04:24
[download]  41.5% of   24.11MiB at   90.74KiB/s ETA 02:39
[download]  41.6% of   24.11MiB at  104.23KiB/s ETA 02:18
[download]  41.9% of   24.11MiB at  141.48KiB/s ETA 01:41
[download]  42.4% of   24.11MiB at  216.63KiB/s ETA 01:05
[download]  43.4% of   24.11MiB at  346.84KiB/s ETA 00:40
[download]  45.5% of   24.11MiB at  572.52KiB/s ETA 00:23
[download]  49.6% of   24.11MiB at  955.47KiB/s ETA 00:13
[download]  57.9% of   24.11MiB at    1.27MiB/s ETA 00:08
[download]  66.1% of   24.11MiB at    1.50MiB/s ETA 00:05
[download]  76.0% of   24.11MiB at    1.66MiB/s ETA 00:03
[download]  82.1% of   24.11MiB at    1.55MiB/s ETA 00:02
[download]  82.1% of   24.11MiB at   23.84KiB/s ETA 03:05
[download]  82.1% of   24.11MiB at  162.20KiB/s ETA 00:27
[download]  82.2% of   24.11MiB at   39.45KiB/s ETA 01:51
[download]  82.2% of   24.11MiB at   55.16KiB/s ETA 01:19
[download]  82.3% of   24.11MiB at  111.48KiB/s ETA 00:39
[download]  82.6% of   24.11MiB at  144.68KiB/s ETA 00:29
[download]  83.1% of   24.11MiB at  207.59KiB/s ETA 00:20
[download]  84.2% of   24.11MiB at  329.77KiB/s ETA 00:11
[download]  86.2% of   24.11MiB at  543.18KiB/s ETA 00:06
[download]  90.4% of   24.11MiB at  906.89KiB/s ETA 00:02
[download]  98.7% of   24.11MiB at    1.31MiB/s ETA 00:00
[download] 100.0% of   24.11MiB at    1.41MiB/s ETA 00:00
[download] 100% of   24.11MiB in 00:00:23 at 1.03MiB/s
[ExtractAudio] Destination: German Talks/Weiße Rhetorik vs. Dunkle Rhetorik ｜ Wl
adislaw Jachtchenko ｜ TEDxYouth@SchlossHansenberg.wav
Deleting original file German Talks/Weiße Rhetorik vs. Dunkle Rhetorik ｜ Wladisl
aw Jachtchenko ｜ TEDxYouth@SchlossHansenberg.mp4 (pass -k to keep)
[download] Downloading item 7 of 10
[youtube] Extracting URL: https://www.youtube.com/watch?v=UmNG4B2IYWI
[youtube] UmNG4B2IYWI: Downloading webpage
[youtube] UmNG4B2IYWI: Downloading android player API JSON
[youtube] UmNG4B2IYWI: Downloading web client config
[youtube] UmNG4B2IYWI: Downloading web player API JSON
WARNING: [youtube] UmNG4B2IYWI: Some android client https formats have been skip
ped as they are missing a URL. YouTube may have enabled the SABR-only streaming
experiment for the current session. See  https://github.com/yt-dlp/yt-dlp/issues
/12482  for more details
[info] UmNG4B2IYWI: Downloading subtitles: en, de
[info] UmNG4B2IYWI: Downloading 1 format(s): 18
[info] Writing video subtitles to: German Talks/Wer bin ich - und wenn ja, wo？ ｜
 Leonie Müller ｜ TEDxKoeln.en.vtt
WARNING: The extractor specified to use impersonation for this download, but no
impersonate target is available. If you encounter errors, then see  https://gith
ub.com/yt-dlp/yt-dlp#impersonation  for information on installing the required d
ependencies
[download] Destination: German Talks/Wer bin ich - und wenn ja, wo？ ｜ Leonie Mül
ler ｜ TEDxKoeln.en.vtt
[download]    7.00KiB at  135.77KiB/s (00:00:00)
[download]   15.00KiB at  284.67KiB/s (00:00:00)
[download]   17.60KiB at  168.60KiB/s (00:00:00)
[download] 100% of   17.60KiB in 00:00:00 at 31.57KiB/s
[info] Writing video subtitles to: German Talks/Wer bin ich - und wenn ja, wo？ ｜
 Leonie Müller ｜ TEDxKoeln.de.vtt
WARNING: The extractor specified to use impersonation for this download, but no
impersonate target is available. If you encounter errors, then see  https://gith
ub.com/yt-dlp/yt-dlp#impersonation  for information on installing the required d
ependencies
[download] Destination: German Talks/Wer bin ich - und wenn ja, wo？ ｜ Leonie Mül
ler ｜ TEDxKoeln.de.vtt
[download]    7.00KiB at  115.33KiB/s (00:00:00)
[download]   15.00KiB at  242.31KiB/s (00:00:00)
[download] 100% of   19.58KiB in 00:00:00 at 36.72KiB/s
[SubtitlesConvertor] Converting subtitles
Deleting original file German Talks/Wer bin ich - und wenn ja, wo？ ｜ Leonie Müll
er ｜ TEDxKoeln.en.vtt (pass -k to keep)
Deleting original file German Talks/Wer bin ich - und wenn ja, wo？ ｜ Leonie Müll
er ｜ TEDxKoeln.de.vtt (pass -k to keep)
[download] Destination: German Talks/Wer bin ich - und wenn ja, wo？ ｜ Leonie Mül
ler ｜ TEDxKoeln.mp4
[download]   0.0% of   41.58MiB at    3.62MiB/s ETA 00:11
[download]   0.0% of   41.58MiB at  905.74KiB/s ETA 00:47
[download]   0.1% of   41.58MiB at    1.32MiB/s ETA 00:31
[download]   0.1% of   41.58MiB at    2.36MiB/s ETA 00:17
[download]   0.3% of   41.58MiB at    3.44MiB/s ETA 00:12
[download]   0.6% of   41.58MiB at    1.77MiB/s ETA 00:23
[download]   1.2% of   41.58MiB at    1.63MiB/s ETA 00:25
[download]   2.4% of   41.58MiB at    2.44MiB/s ETA 00:16
[download]   4.8% of   41.58MiB at    3.41MiB/s ETA 00:11
[download]   9.6% of   41.58MiB at    4.69MiB/s ETA 00:08
[download]  19.2% of   41.58MiB at    5.85MiB/s ETA 00:05
[download]  23.0% of   41.58MiB at    5.81MiB/s ETA 00:05
[download]  23.0% of   41.58MiB at  Unknown B/s ETA Unknown
[download]  23.0% of   41.58MiB at  576.87KiB/s ETA 00:56
[download]  23.0% of   41.58MiB at    1.11MiB/s ETA 00:28
[download]  23.0% of   41.58MiB at    1.16MiB/s ETA 00:27
[download]  23.1% of   41.58MiB at    1.91MiB/s ETA 00:16
[download]  23.3% of   41.58MiB at    2.90MiB/s ETA 00:10
[download]  23.6% of   41.58MiB at    3.96MiB/s ETA 00:08
[download]  24.2% of   41.58MiB at    5.25MiB/s ETA 00:06
[download]  25.4% of   41.58MiB at    5.54MiB/s ETA 00:05
[download]  27.8% of   41.58MiB at    5.95MiB/s ETA 00:05
[download]  32.6% of   41.58MiB at    4.86MiB/s ETA 00:05
[download]  42.2% of   41.58MiB at    5.03MiB/s ETA 00:04
[download]  45.8% of   41.58MiB at    5.41MiB/s ETA 00:04
[download]  45.8% of   41.58MiB at   16.98KiB/s ETA 22:38
[download]  45.8% of   41.58MiB at  247.10KiB/s ETA 01:33
[download]  45.9% of   41.58MiB at   89.84KiB/s ETA 04:16
[download]  46.0% of   41.58MiB at  114.14KiB/s ETA 03:21
[download]  46.1% of   41.58MiB at  151.29KiB/s ETA 02:31
[download]  46.4% of   41.58MiB at  216.02KiB/s ETA 01:45
[download]  47.0% of   41.58MiB at  346.81KiB/s ETA 01:05
[download]  48.2% of   41.58MiB at  472.38KiB/s ETA 00:46
[download]  49.9% of   41.58MiB at  522.81KiB/s ETA 00:40
[download]  51.4% of   41.58MiB at  665.67KiB/s ETA 00:31
[download]  54.3% of   41.58MiB at  861.79KiB/s ETA 00:22
[download]  59.0% of   41.58MiB at    1.22MiB/s ETA 00:13
[download]  68.4% of   41.58MiB at    1.77MiB/s ETA 00:07
[download]  69.6% of   41.58MiB at    1.86MiB/s ETA 00:06
[download]  69.6% of   41.58MiB at  Unknown B/s ETA Unknown
[download]  69.6% of   41.58MiB at    5.27MiB/s ETA 00:02
[download]  69.7% of   41.58MiB at  918.86KiB/s ETA 00:14
[download]  69.7% of   41.58MiB at    1.32MiB/s ETA 00:09
[download]  69.8% of   41.58MiB at    2.06MiB/s ETA 00:06
[download]  69.9% of   41.58MiB at    3.13MiB/s ETA 00:03
[download]  70.2% of   41.58MiB at    4.20MiB/s ETA 00:02
[download]  70.8% of   41.58MiB at    3.12MiB/s ETA 00:03
[download]  72.0% of   41.58MiB at    4.58MiB/s ETA 00:02
[download]  74.4% of   41.58MiB at    5.39MiB/s ETA 00:01
[download]  79.2% of   41.58MiB at    5.69MiB/s ETA 00:01
[download]  88.9% of   41.58MiB at    6.40MiB/s ETA 00:00
[download]  92.5% of   41.58MiB at    6.52MiB/s ETA 00:00
[download]  92.5% of   41.58MiB at  346.09KiB/s ETA 00:09
[download]  92.5% of   41.58MiB at  918.26KiB/s ETA 00:03
[download]  92.5% of   41.58MiB at   26.15KiB/s ETA 02:01
[download]  92.5% of   41.58MiB at   55.79KiB/s ETA 00:56
[download]  92.6% of   41.58MiB at   89.68KiB/s ETA 00:35
[download]  92.7% of   41.58MiB at   92.86KiB/s ETA 00:33
[download]  92.8% of   41.58MiB at  144.98KiB/s ETA 00:21
[download]  93.1% of   41.58MiB at  218.28KiB/s ETA 00:13
[download]  93.7% of   41.58MiB at  346.39KiB/s ETA 00:07
[download]  94.9% of   41.58MiB at  531.46KiB/s ETA 00:04
[download]  97.3% of   41.58MiB at  893.01KiB/s ETA 00:01
[download] 100.0% of   41.58MiB at    1.09MiB/s ETA 00:00
[download] 100% of   41.58MiB in 00:00:18 at 2.20MiB/s
[ExtractAudio] Destination: German Talks/Wer bin ich - und wenn ja, wo？ ｜ Leonie
 Müller ｜ TEDxKoeln.wav
Deleting original file German Talks/Wer bin ich - und wenn ja, wo？ ｜ Leonie Müll
er ｜ TEDxKoeln.mp4 (pass -k to keep)
[download] Downloading item 8 of 10
[youtube] Extracting URL: https://www.youtube.com/watch?v=GMmGV9hSYks
[youtube] GMmGV9hSYks: Downloading webpage
[youtube] GMmGV9hSYks: Downloading android player API JSON
[youtube] GMmGV9hSYks: Downloading web client config
[youtube] GMmGV9hSYks: Downloading web player API JSON
WARNING: [youtube] GMmGV9hSYks: Some android client https formats have been skip
ped as they are missing a URL. YouTube may have enabled the SABR-only streaming
experiment for the current session. See  https://github.com/yt-dlp/yt-dlp/issues
/12482  for more details
[info] GMmGV9hSYks: Downloading 1 format(s): 18
[info] There are no subtitles for the requested languages
[SubtitlesConvertor] There aren't any subtitles to convert
[download] Destination: German Talks/Was gefällt uns？ Und warum？ Die vier Arten
der Schönheit ｜ Gábor Paál ｜ TEDxStuttgart.mp4
[download]   0.0% of   41.52MiB at    4.56MiB/s ETA 00:09
[download]   0.0% of   41.52MiB at  569.15KiB/s ETA 01:14
[download]   0.1% of   41.52MiB at  214.07KiB/s ETA 03:18
[download]   0.1% of   41.52MiB at  146.78KiB/s ETA 04:49
[download]   0.3% of   41.52MiB at  278.16KiB/s ETA 02:32
[download]   0.6% of   41.52MiB at  415.56KiB/s ETA 01:41
[download]   1.2% of   41.52MiB at  666.71KiB/s ETA 01:03
[download]   2.4% of   41.52MiB at    1.08MiB/s ETA 00:37
[download]   4.8% of   41.52MiB at    1.81MiB/s ETA 00:21
[download]   9.6% of   41.52MiB at    2.70MiB/s ETA 00:13
[download]  19.3% of   41.52MiB at    3.44MiB/s ETA 00:09
[download]  23.1% of   41.52MiB at    3.57MiB/s ETA 00:08
[download]  23.1% of   41.52MiB at  323.39KiB/s ETA 01:41
[download]  23.2% of   41.52MiB at    1.60MiB/s ETA 00:20
[download]  23.2% of   41.52MiB at    2.60MiB/s ETA 00:12
[download]  23.2% of   41.52MiB at    2.24MiB/s ETA 00:14
[download]  23.3% of   41.52MiB at    3.63MiB/s ETA 00:08
[download]  23.4% of   41.52MiB at    4.09MiB/s ETA 00:07
[download]  23.7% of   41.52MiB at    3.59MiB/s ETA 00:08
[download]  24.3% of   41.52MiB at    3.98MiB/s ETA 00:07
[download]  25.6% of   41.52MiB at    4.13MiB/s ETA 00:07
[download]  28.0% of   41.52MiB at    2.99MiB/s ETA 00:10
[download]  32.8% of   41.52MiB at    3.69MiB/s ETA 00:07
[download]  42.4% of   41.52MiB at    1.67MiB/s ETA 00:14
[download]  47.0% of   41.52MiB at    1.78MiB/s ETA 00:12
[download]  47.0% of   41.52MiB at  325.06KiB/s ETA 01:09
[download]  47.0% of   41.52MiB at  232.88KiB/s ETA 01:36
[download]  47.0% of   41.52MiB at 1009.73KiB/s ETA 00:22
[download]  47.0% of   41.52MiB at    1.85MiB/s ETA 00:11
[download]  47.1% of   41.52MiB at    2.28MiB/s ETA 00:09
[download]  47.3% of   41.52MiB at    2.44MiB/s ETA 00:08
[download]  47.6% of   41.52MiB at    3.52MiB/s ETA 00:06
[download]  48.2% of   41.52MiB at    2.75MiB/s ETA 00:07
[download]  49.4% of   41.52MiB at    3.67MiB/s ETA 00:05
[download]  51.8% of   41.52MiB at    3.88MiB/s ETA 00:05
[download]  56.6% of   41.52MiB at    2.54MiB/s ETA 00:07
[download]  61.2% of   41.52MiB at    3.02MiB/s ETA 00:05
[download]  70.3% of   41.52MiB at    3.43MiB/s ETA 00:03
[download]  70.9% of   41.52MiB at    3.44MiB/s ETA 00:03
[download]  70.9% of   41.52MiB at  150.56KiB/s ETA 01:22
[download]  70.9% of   41.52MiB at  895.43KiB/s ETA 00:13
[download]  70.9% of   41.52MiB at    1.11MiB/s ETA 00:10
[download]  71.0% of   41.52MiB at    1.51MiB/s ETA 00:07
[download]  71.0% of   41.52MiB at  510.52KiB/s ETA 00:24
[download]  71.2% of   41.52MiB at  908.76KiB/s ETA 00:13
[download]  71.5% of   41.52MiB at    1.25MiB/s ETA 00:09
[download]  72.1% of   41.52MiB at    1.68MiB/s ETA 00:06
[download]  73.3% of   41.52MiB at    2.25MiB/s ETA 00:04
[download]  75.7% of   41.52MiB at    1.89MiB/s ETA 00:05
[download]  79.6% of   41.52MiB at    2.67MiB/s ETA 00:03
[download]  87.5% of   41.52MiB at    3.91MiB/s ETA 00:01
[download]  93.9% of   41.52MiB at    3.91MiB/s ETA 00:00
[download]  93.9% of   41.52MiB at  Unknown B/s ETA Unknown
[download]  94.0% of   41.52MiB at    5.67MiB/s ETA 00:00
[download]  94.0% of   41.52MiB at   92.30KiB/s ETA 00:27
[download]  94.0% of   41.52MiB at  159.74KiB/s ETA 00:15
[download]  94.1% of   41.52MiB at  205.72KiB/s ETA 00:12
[download]  94.2% of   41.52MiB at  268.09KiB/s ETA 00:09
[download]  94.5% of   41.52MiB at  413.56KiB/s ETA 00:05
[download]  95.1% of   41.52MiB at  668.97KiB/s ETA 00:03
[download]  96.3% of   41.52MiB at    1.05MiB/s ETA 00:01
[download]  98.8% of   41.52MiB at    1.51MiB/s ETA 00:00
[download] 100.0% of   41.52MiB at    1.85MiB/s ETA 00:00
[download] 100% of   41.52MiB in 00:00:18 at 2.29MiB/s
[ExtractAudio] Destination: German Talks/Was gefällt uns？ Und warum？ Die vier Ar
ten der Schönheit ｜ Gábor Paál ｜ TEDxStuttgart.wav
Deleting original file German Talks/Was gefällt uns？ Und warum？ Die vier Arten d
er Schönheit ｜ Gábor Paál ｜ TEDxStuttgart.mp4 (pass -k to keep)
[download] Downloading item 9 of 10
[youtube] Extracting URL: https://www.youtube.com/watch?v=iBMfg4WkKL8
[youtube] iBMfg4WkKL8: Downloading webpage
[youtube] iBMfg4WkKL8: Downloading android player API JSON
[youtube] iBMfg4WkKL8: Downloading web client config
[youtube] iBMfg4WkKL8: Downloading web player API JSON
WARNING: [youtube] iBMfg4WkKL8: Some android client https formats have been skip
ped as they are missing a URL. YouTube may have enabled the SABR-only streaming
experiment for the current session. See  https://github.com/yt-dlp/yt-dlp/issues
/12482  for more details
[info] iBMfg4WkKL8: Downloading subtitles: en
[info] iBMfg4WkKL8: Downloading 1 format(s): 18
[info] Writing video subtitles to: German Talks/Why We Struggle Learning Languag
es ｜ Gabriel Wyner ｜ TEDxNewBedford.en.vtt
WARNING: The extractor specified to use impersonation for this download, but no
impersonate target is available. If you encounter errors, then see  https://gith
ub.com/yt-dlp/yt-dlp#impersonation  for information on installing the required d
ependencies
[download] Destination: German Talks/Why We Struggle Learning Languages ｜ Gabrie
l Wyner ｜ TEDxNewBedford.en.vtt
[download]    3.00KiB at    1.11MiB/s (00:00:00)
[download]    7.00KiB at    1.09MiB/s (00:00:00)
[download]   15.00KiB at  930.36KiB/s (00:00:00)
[download]   23.24KiB at  524.11KiB/s (00:00:00)
[download] 100% of   23.24KiB in 00:00:00 at 28.32KiB/s
[SubtitlesConvertor] Converting subtitles
Deleting original file German Talks/Why We Struggle Learning Languages ｜ Gabriel
 Wyner ｜ TEDxNewBedford.en.vtt (pass -k to keep)
[download] Destination: German Talks/Why We Struggle Learning Languages ｜ Gabrie
l Wyner ｜ TEDxNewBedford.mp4
[download]   0.0% of   24.75MiB at    2.05MiB/s ETA 00:12
[download]   0.0% of   24.75MiB at    2.09MiB/s ETA 00:11
[download]   0.1% of   24.75MiB at  263.69KiB/s ETA 01:36
[download]   0.1% of   24.75MiB at  534.27KiB/s ETA 00:47
[download]   0.2% of   24.75MiB at  685.45KiB/s ETA 00:36
[download]   0.5% of   24.75MiB at  879.83KiB/s ETA 00:28
[download]   1.0% of   24.75MiB at    1.08MiB/s ETA 00:22
[download]   2.0% of   24.75MiB at    1.07MiB/s ETA 00:22
[download]   4.0% of   24.75MiB at    1.47MiB/s ETA 00:16
[download]   8.1% of   24.75MiB at    2.24MiB/s ETA 00:10
[download]  16.2% of   24.75MiB at    2.83MiB/s ETA 00:07
[download]  31.6% of   24.75MiB at    2.66MiB/s ETA 00:06
[download]  39.8% of   24.75MiB at    2.56MiB/s ETA 00:05
[download]  39.8% of   24.75MiB at  329.82KiB/s ETA 00:46
[download]  39.8% of   24.75MiB at    1.49MiB/s ETA 00:09
[download]  39.9% of   24.75MiB at  382.72KiB/s ETA 00:39
[download]  39.9% of   24.75MiB at  531.28KiB/s ETA 00:28
[download]  40.1% of   24.75MiB at  966.77KiB/s ETA 00:15
[download]  40.3% of   24.75MiB at    1.01MiB/s ETA 00:14
[download]  40.8% of   24.75MiB at    1.32MiB/s ETA 00:11
[download]  41.8% of   24.75MiB at    1.91MiB/s ETA 00:07
[download]  43.9% of   24.75MiB at    2.60MiB/s ETA 00:05
[download]  47.9% of   24.75MiB at    2.95MiB/s ETA 00:04
[download]  56.0% of   24.75MiB at    3.72MiB/s ETA 00:02
[download]  72.1% of   24.75MiB at    3.82MiB/s ETA 00:01
[download]  79.2% of   24.75MiB at    4.05MiB/s ETA 00:01
[download]  79.3% of   24.75MiB at  Unknown B/s ETA Unknown
[download]  79.3% of   24.75MiB at    1.04MiB/s ETA 00:04
[download]  79.3% of   24.75MiB at    1.99MiB/s ETA 00:02
[download]  79.4% of   24.75MiB at    1.22MiB/s ETA 00:04
[download]  79.5% of   24.75MiB at    1.60MiB/s ETA 00:03
[download]  79.7% of   24.75MiB at    1.84MiB/s ETA 00:02
[download]  80.2% of   24.75MiB at    2.65MiB/s ETA 00:01
[download]  81.3% of   24.75MiB at    2.64MiB/s ETA 00:01
[download]  83.3% of   24.75MiB at    2.72MiB/s ETA 00:01
[download]  87.3% of   24.75MiB at    3.09MiB/s ETA 00:01
[download]  95.4% of   24.75MiB at    1.89MiB/s ETA 00:00
[download] 100.0% of   24.75MiB at    2.03MiB/s ETA 00:00
[download] 100% of   24.75MiB in 00:00:09 at 2.49MiB/s
[ExtractAudio] Destination: German Talks/Why We Struggle Learning Languages ｜ Ga
briel Wyner ｜ TEDxNewBedford.wav
Deleting original file German Talks/Why We Struggle Learning Languages ｜ Gabriel
 Wyner ｜ TEDxNewBedford.mp4 (pass -k to keep)
[download] Downloading item 10 of 10
[youtube] Extracting URL: https://www.youtube.com/watch?v=d0yGdNEWdn0
[youtube] d0yGdNEWdn0: Downloading webpage
[youtube] d0yGdNEWdn0: Downloading android player API JSON
[youtube] d0yGdNEWdn0: Downloading web client config
[youtube] d0yGdNEWdn0: Downloading web player API JSON
WARNING: [youtube] d0yGdNEWdn0: Some android client https formats have been skip
ped as they are missing a URL. YouTube may have enabled the SABR-only streaming
experiment for the current session. See  https://github.com/yt-dlp/yt-dlp/issues
/12482  for more details
[info] d0yGdNEWdn0: Downloading subtitles: en
[info] d0yGdNEWdn0: Downloading 1 format(s): 18
[info] Writing video subtitles to: German Talks/How to learn any language in six
 months ｜ Chris Lonsdale ｜ TEDxLingnanUniversity.en.vtt
WARNING: The extractor specified to use impersonation for this download, but no
impersonate target is available. If you encounter errors, then see  https://gith
ub.com/yt-dlp/yt-dlp#impersonation  for information on installing the required d
ependencies
[download] Destination: German Talks/How to learn any language in six months ｜ C
hris Lonsdale ｜ TEDxLingnanUniversity.en.vtt
[download]    7.00KiB at    3.51MiB/s (00:00:00)
[download]   15.00KiB at    1.14MiB/s (00:00:00)
[download]   27.12KiB at  469.11KiB/s (00:00:00)
[download] 100% of   27.12KiB in 00:00:00 at 57.90KiB/s
[SubtitlesConvertor] Converting subtitles
Deleting original file German Talks/How to learn any language in six months ｜ Ch
ris Lonsdale ｜ TEDxLingnanUniversity.en.vtt (pass -k to keep)
[download] Destination: German Talks/How to learn any language in six months ｜ C
hris Lonsdale ｜ TEDxLingnanUniversity.mp4
[download]   0.0% of   28.78MiB at    3.74MiB/s ETA 00:07
[download]   0.1% of   28.78MiB at    4.10MiB/s ETA 00:07
[download]   0.1% of   28.78MiB at    2.32MiB/s ETA 00:12
[download]   0.2% of   28.78MiB at    1.28MiB/s ETA 00:22
[download]   0.4% of   28.78MiB at    1.73MiB/s ETA 00:16
[download]   0.9% of   28.78MiB at    2.57MiB/s ETA 00:11
[download]   1.7% of   28.78MiB at    2.95MiB/s ETA 00:09
[download]   3.5% of   28.78MiB at    2.88MiB/s ETA 00:09
[download]   6.9% of   28.78MiB at    3.20MiB/s ETA 00:08
[download]  13.9% of   28.78MiB at    3.50MiB/s ETA 00:07
[download]  27.3% of   28.78MiB at    4.53MiB/s ETA 00:04
[download]  33.9% of   28.78MiB at    4.86MiB/s ETA 00:03
[download]  33.9% of   28.78MiB at  Unknown B/s ETA Unknown
[download]  33.9% of   28.78MiB at    5.22MiB/s ETA 00:03
[download]  33.9% of   28.78MiB at    2.22MiB/s ETA 00:08
[download]  34.0% of   28.78MiB at    3.12MiB/s ETA 00:06
[download]  34.1% of   28.78MiB at    1.48MiB/s ETA 00:12
[download]  34.3% of   28.78MiB at    2.42MiB/s ETA 00:07
[download]  34.7% of   28.78MiB at    3.32MiB/s ETA 00:05
[download]  35.6% of   28.78MiB at    2.67MiB/s ETA 00:06
[download]  37.3% of   28.78MiB at    3.42MiB/s ETA 00:05
[download]  40.8% of   28.78MiB at    4.04MiB/s ETA 00:04
[download]  47.7% of   28.78MiB at    4.50MiB/s ETA 00:03
[download]  61.6% of   28.78MiB at    4.28MiB/s ETA 00:02
[download]  68.3% of   28.78MiB at    4.34MiB/s ETA 00:02
[download]  68.3% of   28.78MiB at  Unknown B/s ETA Unknown
[download]  68.3% of   28.78MiB at  350.61KiB/s ETA 00:26
[download]  68.3% of   28.78MiB at  722.25KiB/s ETA 00:12
[download]  68.4% of   28.78MiB at  190.82KiB/s ETA 00:48
[download]  68.5% of   28.78MiB at  198.58KiB/s ETA 00:46
[download]  68.7% of   28.78MiB at  298.83KiB/s ETA 00:30
[download]  69.1% of   28.78MiB at  427.97KiB/s ETA 00:21
[download]  70.0% of   28.78MiB at  679.29KiB/s ETA 00:13
[download]  71.7% of   28.78MiB at    1.07MiB/s ETA 00:07
[download]  75.2% of   28.78MiB at    1.43MiB/s ETA 00:05
[download]  82.2% of   28.78MiB at    2.27MiB/s ETA 00:02
[download]  96.1% of   28.78MiB at    2.19MiB/s ETA 00:00
[download] 100.0% of   28.78MiB at    2.10MiB/s ETA 00:00
[download] 100% of   28.78MiB in 00:00:10 at 2.87MiB/s
[ExtractAudio] Destination: German Talks/How to learn any language in six months
 ｜ Chris Lonsdale ｜ TEDxLingnanUniversity.wav
Deleting original file German Talks/How to learn any language in six months ｜ Ch
ris Lonsdale ｜ TEDxLingnanUniversity.mp4 (pass -k to keep)
[download] Finished downloading playlist: TED talk in German
----------------------------------------
Starting batch for: French
Folder: French Talks
Subtitles: en.*, fr.*
[youtube:search] Extracting URL: ytsearch10:TED talk in French
[download] Downloading playlist: TED talk in French
[youtube:search] query "TED talk in French": Downloading web client config
[youtube:search] query "TED talk in French" page 1: Downloading API JSON
[youtube:search] Playlist TED talk in French: Downloading 10 items of 10
[download] Downloading item 1 of 10
[youtube] Extracting URL: https://www.youtube.com/watch?v=2E_Kx-MBlEA
[youtube] 2E_Kx-MBlEA: Downloading webpage
[youtube] 2E_Kx-MBlEA: Downloading android player API JSON
[youtube] 2E_Kx-MBlEA: Downloading web client config
[youtube] 2E_Kx-MBlEA: Downloading web player API JSON
WARNING: [youtube] 2E_Kx-MBlEA: Some android client https formats have been skip
ped as they are missing a URL. YouTube may have enabled the SABR-only streaming
experiment for the current session. See  https://github.com/yt-dlp/yt-dlp/issues
/12482  for more details
[info] 2E_Kx-MBlEA: Downloading subtitles: en, fr
[info] 2E_Kx-MBlEA: Downloading 1 format(s): 18
[info] Writing video subtitles to: French Talks/Les 6 règles pour avoir confianc
e en soi ｜ Sally  ｜ TEDxBrussels.en.vtt
WARNING: The extractor specified to use impersonation for this download, but no
impersonate target is available. If you encounter errors, then see  https://gith
ub.com/yt-dlp/yt-dlp#impersonation  for information on installing the required d
ependencies
[download] Destination: French Talks/Les 6 règles pour avoir confiance en soi ｜
Sally  ｜ TEDxBrussels.en.vtt
[download]    7.00KiB at    2.64MiB/s (00:00:00)
[download]   15.00KiB at    2.29MiB/s (00:00:00)
[download]   20.16KiB at  499.76KiB/s (00:00:00)
[download] 100% of   20.16KiB in 00:00:00 at 45.01KiB/s
[info] Writing video subtitles to: French Talks/Les 6 règles pour avoir confianc
e en soi ｜ Sally  ｜ TEDxBrussels.fr.vtt
WARNING: The extractor specified to use impersonation for this download, but no
impersonate target is available. If you encounter errors, then see  https://gith
ub.com/yt-dlp/yt-dlp#impersonation  for information on installing the required d
ependencies
[download] Destination: French Talks/Les 6 règles pour avoir confiance en soi ｜
Sally  ｜ TEDxBrussels.fr.vtt
[download] 100% of   22.58KiB in 00:00:00 at 48.90KiB/s
[SubtitlesConvertor] Converting subtitles
Deleting original file French Talks/Les 6 règles pour avoir confiance en soi ｜ S
ally  ｜ TEDxBrussels.fr.vtt (pass -k to keep)
Deleting original file French Talks/Les 6 règles pour avoir confiance en soi ｜ S
ally  ｜ TEDxBrussels.en.vtt (pass -k to keep)
[download] Destination: French Talks/Les 6 règles pour avoir confiance en soi ｜
Sally  ｜ TEDxBrussels.mp4
[download]   0.0% of   20.68MiB at    3.32MiB/s ETA 00:06
[download]   0.1% of   20.68MiB at    4.70MiB/s ETA 00:04
[download]   0.1% of   20.68MiB at    1.42MiB/s ETA 00:14
[download]   0.3% of   20.68MiB at    2.25MiB/s ETA 00:09
[download]   0.6% of   20.68MiB at    2.82MiB/s ETA 00:07
[download]   1.2% of   20.68MiB at    3.53MiB/s ETA 00:05
[download]   2.4% of   20.68MiB at    1.66MiB/s ETA 00:12
[download]   4.8% of   20.68MiB at    2.20MiB/s ETA 00:08
[download]   9.7% of   20.68MiB at    2.75MiB/s ETA 00:06
[download]  19.3% of   20.68MiB at    3.30MiB/s ETA 00:05
[download]  38.7% of   20.68MiB at    2.70MiB/s ETA 00:04
[download]  46.4% of   20.68MiB at    2.49MiB/s ETA 00:04
[download]  46.4% of   20.68MiB at   43.37KiB/s ETA 04:21
[download]  46.5% of   20.68MiB at  281.26KiB/s ETA 00:40
[download]  46.5% of   20.68MiB at  497.04KiB/s ETA 00:22
[download]  46.6% of   20.68MiB at  347.89KiB/s ETA 00:32
[download]  46.7% of   20.68MiB at  576.75KiB/s ETA 00:19
[download]  47.0% of   20.68MiB at  700.07KiB/s ETA 00:16
[download]  47.6% of   20.68MiB at  892.27KiB/s ETA 00:12
[download]  48.8% of   20.68MiB at 1002.66KiB/s ETA 00:10
[download]  51.3% of   20.68MiB at  958.39KiB/s ETA 00:10
[download]  55.6% of   20.68MiB at    1.18MiB/s ETA 00:07
[download]  63.6% of   20.68MiB at    1.55MiB/s ETA 00:04
[download]  75.5% of   20.68MiB at    1.37MiB/s ETA 00:03
[download]  81.4% of   20.68MiB at    1.27MiB/s ETA 00:03
[download]  86.0% of   20.68MiB at    1.21MiB/s ETA 00:02
[download]  90.3% of   20.68MiB at    1.21MiB/s ETA 00:01
[download]  93.2% of   20.68MiB at    1.23MiB/s ETA 00:01
[download]  93.2% of   20.68MiB at  Unknown B/s ETA Unknown
[download]  93.2% of   20.68MiB at  992.81KiB/s ETA 00:01
[download]  93.3% of   20.68MiB at    1.54MiB/s ETA 00:00
[download]  93.3% of   20.68MiB at    2.25MiB/s ETA 00:00
[download]  93.4% of   20.68MiB at    1.12MiB/s ETA 00:01
[download]  93.5% of   20.68MiB at    1.34MiB/s ETA 00:01
[download]  93.8% of   20.68MiB at    1.34MiB/s ETA 00:00
[download]  94.4% of   20.68MiB at    1.54MiB/s ETA 00:00
[download]  95.6% of   20.68MiB at    1.67MiB/s ETA 00:00
[download]  98.1% of   20.68MiB at    1.69MiB/s ETA 00:00
[download] 100.0% of   20.68MiB at    1.78MiB/s ETA 00:00
[download] 100% of   20.68MiB in 00:00:14 at 1.46MiB/s
[ExtractAudio] Destination: French Talks/Les 6 règles pour avoir confiance en so
i ｜ Sally  ｜ TEDxBrussels.wav
Deleting original file French Talks/Les 6 règles pour avoir confiance en soi ｜ S
ally  ｜ TEDxBrussels.mp4 (pass -k to keep)
[download] Downloading item 2 of 10
[youtube] Extracting URL: https://www.youtube.com/watch?v=XR7KRJ9ExZU
[youtube] XR7KRJ9ExZU: Downloading webpage
[youtube] XR7KRJ9ExZU: Downloading android player API JSON
[youtube] XR7KRJ9ExZU: Downloading web client config
[youtube] XR7KRJ9ExZU: Downloading web player API JSON
WARNING: [youtube] XR7KRJ9ExZU: Some android client https formats have been skip
ped as they are missing a URL. YouTube may have enabled the SABR-only streaming
experiment for the current session. See  https://github.com/yt-dlp/yt-dlp/issues
/12482  for more details
[info] XR7KRJ9ExZU: Downloading subtitles: en, fr
[info] XR7KRJ9ExZU: Downloading 1 format(s): 18
[info] Writing video subtitles to: French Talks/Transformer le négatif en positi
f ｜ Christophe Haag ｜ TEDxEMLYON.en.vtt
WARNING: The extractor specified to use impersonation for this download, but no
impersonate target is available. If you encounter errors, then see  https://gith
ub.com/yt-dlp/yt-dlp#impersonation  for information on installing the required d
ependencies
[download] Destination: French Talks/Transformer le négatif en positif ｜ Christo
phe Haag ｜ TEDxEMLYON.en.vtt
[download] 100% of   16.19KiB in 00:00:00 at 41.37KiB/s
[info] Writing video subtitles to: French Talks/Transformer le négatif en positi
f ｜ Christophe Haag ｜ TEDxEMLYON.fr.vtt
WARNING: The extractor specified to use impersonation for this download, but no
impersonate target is available. If you encounter errors, then see  https://gith
ub.com/yt-dlp/yt-dlp#impersonation  for information on installing the required d
ependencies
[download] Destination: French Talks/Transformer le négatif en positif ｜ Christo
phe Haag ｜ TEDxEMLYON.fr.vtt
[download]    7.00KiB at    4.18MiB/s (00:00:00)
[download]   15.00KiB at    2.11MiB/s (00:00:00)
[download]   17.77KiB at  414.19KiB/s (00:00:00)
[download] 100% of   17.77KiB in 00:00:00 at 42.01KiB/s
[SubtitlesConvertor] Converting subtitles
Deleting original file French Talks/Transformer le négatif en positif ｜ Christop
he Haag ｜ TEDxEMLYON.fr.vtt (pass -k to keep)
Deleting original file French Talks/Transformer le négatif en positif ｜ Christop
he Haag ｜ TEDxEMLYON.en.vtt (pass -k to keep)
[download] Destination: French Talks/Transformer le négatif en positif ｜ Christo
phe Haag ｜ TEDxEMLYON.mp4
[download]   0.0% of   33.62MiB at    2.80MiB/s ETA 00:11
[download]   0.1% of   33.62MiB at    1.15MiB/s ETA 00:29
[download]   0.2% of   33.62MiB at    1.54MiB/s ETA 00:21
[download]   0.4% of   33.62MiB at    2.49MiB/s ETA 00:13
[download]   0.7% of   33.62MiB at    3.02MiB/s ETA 00:11
[download]   1.5% of   33.62MiB at    2.08MiB/s ETA 00:15
[download]   3.0% of   33.62MiB at    2.93MiB/s ETA 00:11
[download]   5.9% of   33.62MiB at    3.43MiB/s ETA 00:09
[download]  11.9% of   33.62MiB at    3.55MiB/s ETA 00:08
[download]  22.9% of   33.62MiB at    2.46MiB/s ETA 00:10
[download]  28.3% of   33.62MiB at    2.56MiB/s ETA 00:09
[download]  28.4% of   33.62MiB at    2.56MiB/s ETA 00:09
[download]  28.4% of   33.62MiB at   31.48KiB/s ETA 13:03
[download]  28.4% of   33.62MiB at  211.30KiB/s ETA 01:56
[download]  28.5% of   33.62MiB at   49.93KiB/s ETA 08:13
[download]  28.5% of   33.62MiB at   89.17KiB/s ETA 04:36
[download]  28.6% of   33.62MiB at  105.63KiB/s ETA 03:52
[download]  28.8% of   33.62MiB at  143.99KiB/s ETA 02:50
[download]  29.1% of   33.62MiB at  215.40KiB/s ETA 01:53
[download]  29.9% of   33.62MiB at  341.21KiB/s ETA 01:10
[download]  31.4% of   33.62MiB at  565.28KiB/s ETA 00:41
[download]  34.4% of   33.62MiB at  854.88KiB/s ETA 00:26
[download]  39.4% of   33.62MiB at    1.34MiB/s ETA 00:15
[download]  49.6% of   33.62MiB at    2.15MiB/s ETA 00:07
[download]  57.1% of   33.62MiB at    2.08MiB/s ETA 00:06
[download]  57.1% of   33.62MiB at  Unknown B/s ETA Unknown
[download]  57.1% of   33.62MiB at    5.58MiB/s ETA 00:02
[download]  57.1% of   33.62MiB at    6.39MiB/s ETA 00:02
[download]  57.2% of   33.62MiB at    3.06MiB/s ETA 00:04
[download]  57.3% of   33.62MiB at    1.36MiB/s ETA 00:10
[download]  57.4% of   33.62MiB at    2.26MiB/s ETA 00:06
[download]  57.8% of   33.62MiB at    3.15MiB/s ETA 00:04
[download]  58.6% of   33.62MiB at    4.11MiB/s ETA 00:03
[download]  60.0% of   33.62MiB at    4.34MiB/s ETA 00:03
[download]  63.0% of   33.62MiB at    4.27MiB/s ETA 00:02
[download]  69.0% of   33.62MiB at    4.35MiB/s ETA 00:02
[download]  80.9% of   33.62MiB at    4.84MiB/s ETA 00:01
[download]  86.8% of   33.62MiB at    5.04MiB/s ETA 00:00
[download]  86.8% of   33.62MiB at  357.33KiB/s ETA 00:12
[download]  86.8% of   33.62MiB at  895.45KiB/s ETA 00:05
[download]  86.8% of   33.62MiB at   24.00KiB/s ETA 03:09
[download]  86.8% of   33.62MiB at   51.29KiB/s ETA 01:28
[download]  86.9% of   33.62MiB at   85.95KiB/s ETA 00:52
[download]  87.0% of   33.62MiB at  104.88KiB/s ETA 00:42
[download]  87.1% of   33.62MiB at  150.03KiB/s ETA 00:29
[download]  87.5% of   33.62MiB at  219.86KiB/s ETA 00:19
[download]  88.3% of   33.62MiB at  350.01KiB/s ETA 00:11
[download]  89.7% of   33.62MiB at  581.70KiB/s ETA 00:06
[download]  92.7% of   33.62MiB at  877.03KiB/s ETA 00:02
[download]  97.9% of   33.62MiB at    1.42MiB/s ETA 00:00
[download] 100.0% of   33.62MiB at    1.61MiB/s ETA 00:00
[download] 100% of   33.62MiB in 00:00:21 at 1.58MiB/s
[ExtractAudio] Destination: French Talks/Transformer le négatif en positif ｜ Chr
istophe Haag ｜ TEDxEMLYON.wav
Deleting original file French Talks/Transformer le négatif en positif ｜ Christop
he Haag ｜ TEDxEMLYON.mp4 (pass -k to keep)
[download] Downloading item 3 of 10
[youtube] Extracting URL: https://www.youtube.com/watch?v=8S8mie3bwtw
[youtube] 8S8mie3bwtw: Downloading webpage
[youtube] 8S8mie3bwtw: Downloading android player API JSON
[youtube] 8S8mie3bwtw: Downloading web client config
[youtube] 8S8mie3bwtw: Downloading web player API JSON
WARNING: [youtube] 8S8mie3bwtw: Some android client https formats have been skip
ped as they are missing a URL. YouTube may have enabled the SABR-only streaming
experiment for the current session. See  https://github.com/yt-dlp/yt-dlp/issues
/12482  for more details
[info] 8S8mie3bwtw: Downloading subtitles: en, fr
[info] 8S8mie3bwtw: Downloading 1 format(s): 18
[info] Writing video subtitles to: French Talks/Rien ne nous arrive par hasard
｜ Nadalette La Fonta Six ｜ TEDxChampsElyseesWomen.en.vtt
WARNING: The extractor specified to use impersonation for this download, but no
impersonate target is available. If you encounter errors, then see  https://gith
ub.com/yt-dlp/yt-dlp#impersonation  for information on installing the required d
ependencies
[download] Destination: French Talks/Rien ne nous arrive par hasard  ｜ Nadalette
 La Fonta Six ｜ TEDxChampsElyseesWomen.en.vtt
[download]    7.00KiB at    2.22MiB/s (00:00:00)
[download]   15.00KiB at    2.16MiB/s (00:00:00)
[download]   23.46KiB at  331.78KiB/s (00:00:00)
[download] 100% of   23.46KiB in 00:00:00 at 42.78KiB/s
[info] Writing video subtitles to: French Talks/Rien ne nous arrive par hasard
｜ Nadalette La Fonta Six ｜ TEDxChampsElyseesWomen.fr.vtt
WARNING: The extractor specified to use impersonation for this download, but no
impersonate target is available. If you encounter errors, then see  https://gith
ub.com/yt-dlp/yt-dlp#impersonation  for information on installing the required d
ependencies
[download] Destination: French Talks/Rien ne nous arrive par hasard  ｜ Nadalette
 La Fonta Six ｜ TEDxChampsElyseesWomen.fr.vtt
[download]    7.00KiB at    1.35MiB/s (00:00:00)
[download]   15.00KiB at    1.10MiB/s (00:00:00)
[download]   26.03KiB at  370.37KiB/s (00:00:00)
[download] 100% of   26.03KiB in 00:00:00 at 54.76KiB/s
[SubtitlesConvertor] Converting subtitles
Deleting original file French Talks/Rien ne nous arrive par hasard  ｜ Nadalette
La Fonta Six ｜ TEDxChampsElyseesWomen.en.vtt (pass -k to keep)
Deleting original file French Talks/Rien ne nous arrive par hasard  ｜ Nadalette
La Fonta Six ｜ TEDxChampsElyseesWomen.fr.vtt (pass -k to keep)
[download] Destination: French Talks/Rien ne nous arrive par hasard  ｜ Nadalette
 La Fonta Six ｜ TEDxChampsElyseesWomen.mp4
[download]   0.0% of   28.62MiB at  Unknown B/s ETA Unknown
[download]   0.0% of   28.62MiB at  275.09KiB/s ETA 01:46
[download]   0.0% of   28.62MiB at  603.84KiB/s ETA 00:48
[download]   0.1% of   28.62MiB at  606.73KiB/s ETA 00:48
[download]   0.1% of   28.62MiB at  544.32KiB/s ETA 00:53
[download]   0.2% of   28.62MiB at  902.24KiB/s ETA 00:32
[download]   0.4% of   28.62MiB at    1.34MiB/s ETA 00:21
[download]   0.9% of   28.62MiB at    1.22MiB/s ETA 00:23
[download]   1.7% of   28.62MiB at  183.89KiB/s ETA 02:36
[download]   2.2% of   28.62MiB at  197.49KiB/s ETA 02:25
[download]   3.1% of   28.62MiB at  249.85KiB/s ETA 01:53
[download]   4.8% of   28.62MiB at  361.32KiB/s ETA 01:17
[download]   8.3% of   28.62MiB at  562.65KiB/s ETA 00:47
[download]  15.3% of   28.62MiB at  875.91KiB/s ETA 00:28
[download]  24.1% of   28.62MiB at    1.08MiB/s ETA 00:20
[download]  31.1% of   28.62MiB at 1023.79KiB/s ETA 00:19
[download]  33.6% of   28.62MiB at 1019.17KiB/s ETA 00:19
[download]  33.6% of   28.62MiB at  Unknown B/s ETA Unknown
[download]  33.6% of   28.62MiB at  534.69KiB/s ETA 00:36
[download]  33.6% of   28.62MiB at  542.50KiB/s ETA 00:35
[download]  33.7% of   28.62MiB at  198.56KiB/s ETA 01:37
[download]  33.8% of   28.62MiB at  173.22KiB/s ETA 01:52
[download]  34.0% of   28.62MiB at  309.82KiB/s ETA 01:02
[download]  34.5% of   28.62MiB at  459.05KiB/s ETA 00:41
[download]  35.3% of   28.62MiB at  703.33KiB/s ETA 00:26
[download]  37.1% of   28.62MiB at    1.09MiB/s ETA 00:16
[download]  40.6% of   28.62MiB at    1.84MiB/s ETA 00:09
[download]  47.6% of   28.62MiB at    2.12MiB/s ETA 00:07
[download]  56.3% of   28.62MiB at    2.87MiB/s ETA 00:04
[download]  68.4% of   28.62MiB at    2.89MiB/s ETA 00:03
[download]  68.4% of   28.62MiB at  328.58KiB/s ETA 00:28
[download]  68.4% of   28.62MiB at    1.55MiB/s ETA 00:05
[download]  68.5% of   28.62MiB at    2.00MiB/s ETA 00:04
[download]  68.5% of   28.62MiB at  552.64KiB/s ETA 00:16
[download]  68.6% of   28.62MiB at  685.75KiB/s ETA 00:13
[download]  68.8% of   28.62MiB at  926.34KiB/s ETA 00:09
[download]  69.3% of   28.62MiB at 1004.91KiB/s ETA 00:08
[download]  70.2% of   28.62MiB at    1.16MiB/s ETA 00:07
[download]  71.9% of   28.62MiB at    1.14MiB/s ETA 00:07
[download]  75.4% of   28.62MiB at    1.26MiB/s ETA 00:05
[download]  80.3% of   28.62MiB at    1.36MiB/s ETA 00:04
[download]  85.7% of   28.62MiB at    1.43MiB/s ETA 00:02
[download]  91.3% of   28.62MiB at    1.41MiB/s ETA 00:01
[download]  96.1% of   28.62MiB at    1.50MiB/s ETA 00:00
[download] 100.0% of   28.62MiB at    1.50MiB/s ETA 00:00
[download] 100% of   28.62MiB in 00:00:21 at 1.31MiB/s
[ExtractAudio] Destination: French Talks/Rien ne nous arrive par hasard  ｜ Nadal
ette La Fonta Six ｜ TEDxChampsElyseesWomen.wav
Deleting original file French Talks/Rien ne nous arrive par hasard  ｜ Nadalette
La Fonta Six ｜ TEDxChampsElyseesWomen.mp4 (pass -k to keep)
[download] Downloading item 4 of 10
[youtube] Extracting URL: https://www.youtube.com/watch?v=0Ac3e_Z5knA
[youtube] 0Ac3e_Z5knA: Downloading webpage
[youtube] 0Ac3e_Z5knA: Downloading android player API JSON
[youtube] 0Ac3e_Z5knA: Downloading web client config
[youtube] 0Ac3e_Z5knA: Downloading web player API JSON
WARNING: [youtube] 0Ac3e_Z5knA: Some android client https formats have been skip
ped as they are missing a URL. YouTube may have enabled the SABR-only streaming
experiment for the current session. See  https://github.com/yt-dlp/yt-dlp/issues
/12482  for more details
[info] 0Ac3e_Z5knA: Downloading subtitles: en
[info] 0Ac3e_Z5knA: Downloading 1 format(s): 18
[info] Writing video subtitles to: French Talks/Learn French with TED Talks： Boo
st Your Confidence with David Laroche.en.vtt
WARNING: The extractor specified to use impersonation for this download, but no
impersonate target is available. If you encounter errors, then see  https://gith
ub.com/yt-dlp/yt-dlp#impersonation  for information on installing the required d
ependencies
[download] Destination: French Talks/Learn French with TED Talks： Boost Your Con
fidence with David Laroche.en.vtt
[download] 100% of    1.43KiB in 00:00:00 at 3.18KiB/s
[SubtitlesConvertor] Converting subtitles
Deleting original file French Talks/Learn French with TED Talks： Boost Your Conf
idence with David Laroche.en.vtt (pass -k to keep)
[download] Destination: French Talks/Learn French with TED Talks： Boost Your Con
fidence with David Laroche.mp4
[download]   0.0% of   29.38MiB at    2.18MiB/s ETA 00:13
[download]   0.0% of   29.38MiB at  132.57KiB/s ETA 03:47
[download]   0.1% of   29.38MiB at  556.08KiB/s ETA 00:54
[download]   0.2% of   29.38MiB at    1.09MiB/s ETA 00:27
[download]   0.4% of   29.38MiB at    1.53MiB/s ETA 00:19
[download]   0.8% of   29.38MiB at    1.47MiB/s ETA 00:19
[download]   1.7% of   29.38MiB at    1.48MiB/s ETA 00:19
[download]   3.4% of   29.38MiB at    2.02MiB/s ETA 00:14
[download]   6.8% of   29.38MiB at    2.50MiB/s ETA 00:10
[download]  13.6% of   29.38MiB at    2.95MiB/s ETA 00:08
[download]  25.8% of   29.38MiB at    2.45MiB/s ETA 00:08
[download]  32.5% of   29.38MiB at    2.25MiB/s ETA 00:08
[download]  32.5% of   29.38MiB at  Unknown B/s ETA Unknown
[download]  32.5% of   29.38MiB at  225.77KiB/s ETA 01:29
[download]  32.6% of   29.38MiB at   51.95KiB/s ETA 06:30
[download]  32.6% of   29.38MiB at   83.14KiB/s ETA 04:03
[download]  32.7% of   29.38MiB at  104.58KiB/s ETA 03:13
[download]  32.9% of   29.38MiB at  148.60KiB/s ETA 02:15
[download]  33.4% of   29.38MiB at  217.79KiB/s ETA 01:32
[download]  34.2% of   29.38MiB at  341.00KiB/s ETA 00:58
[download]  35.9% of   29.38MiB at  408.13KiB/s ETA 00:47
[download]  37.6% of   29.38MiB at  512.53KiB/s ETA 00:36
[download]  41.0% of   29.38MiB at  712.22KiB/s ETA 00:24
[download]  46.7% of   29.38MiB at  836.21KiB/s ETA 00:19
[download]  50.5% of   29.38MiB at  880.75KiB/s ETA 00:16
[download]  54.1% of   29.38MiB at  919.71KiB/s ETA 00:15
[download]  58.0% of   29.38MiB at  900.67KiB/s ETA 00:14
[download]  60.7% of   29.38MiB at  928.72KiB/s ETA 00:12
[download]  65.1% of   29.38MiB at  911.55KiB/s ETA 00:11
[download]  66.3% of   29.38MiB at  902.02KiB/s ETA 00:11
[download]  66.3% of   29.38MiB at   58.36KiB/s ETA 02:53
[download]  66.3% of   29.38MiB at  171.38KiB/s ETA 00:59
[download]  66.3% of   29.38MiB at  108.50KiB/s ETA 01:33
[download]  66.3% of   29.38MiB at   53.05KiB/s ETA 03:10
[download]  66.4% of   29.38MiB at   44.86KiB/s ETA 03:45
[download]  66.5% of   29.38MiB at   91.04KiB/s ETA 01:50
[download]  66.7% of   29.38MiB at  126.94KiB/s ETA 01:18
[download]  67.1% of   29.38MiB at  157.07KiB/s ETA 01:02
[download]  67.8% of   29.38MiB at  279.68KiB/s ETA 00:34
[download]  69.2% of   29.38MiB at  367.08KiB/s ETA 00:25
[download]  71.1% of   29.38MiB at  520.39KiB/s ETA 00:16
[download]  74.8% of   29.38MiB at  897.87KiB/s ETA 00:08
[download]  82.3% of   29.38MiB at    1.04MiB/s ETA 00:04
[download]  86.9% of   29.38MiB at    1.12MiB/s ETA 00:03
[download]  92.0% of   29.38MiB at    1.24MiB/s ETA 00:01
[download]  98.8% of   29.38MiB at    1.24MiB/s ETA 00:00
[download]  98.8% of   29.38MiB at  339.15KiB/s ETA 00:01
[download]  98.8% of   29.38MiB at    1.59MiB/s ETA 00:00
[download]  98.8% of   29.38MiB at    2.75MiB/s ETA 00:00
[download]  98.9% of   29.38MiB at    3.06MiB/s ETA 00:00
[download]  99.0% of   29.38MiB at    3.63MiB/s ETA 00:00
[download]  99.2% of   29.38MiB at    2.30MiB/s ETA 00:00
[download]  99.6% of   29.38MiB at    3.54MiB/s ETA 00:00
[download] 100.0% of   29.38MiB at    3.18MiB/s ETA 00:00
[download] 100% of   29.38MiB in 00:00:30 at 1001.14KiB/s
[ExtractAudio] Destination: French Talks/Learn French with TED Talks： Boost Your
 Confidence with David Laroche.wav
Deleting original file French Talks/Learn French with TED Talks： Boost Your Conf
idence with David Laroche.mp4 (pass -k to keep)
[download] Downloading item 5 of 10
[youtube] Extracting URL: https://www.youtube.com/watch?v=5YO7Vg1ByA8
[youtube] 5YO7Vg1ByA8: Downloading webpage
[youtube] 5YO7Vg1ByA8: Downloading android player API JSON
[youtube] 5YO7Vg1ByA8: Downloading web client config
[youtube] 5YO7Vg1ByA8: Downloading web player API JSON
WARNING: [youtube] 5YO7Vg1ByA8: Some android client https formats have been skip
ped as they are missing a URL. YouTube may have enabled the SABR-only streaming
experiment for the current session. See  https://github.com/yt-dlp/yt-dlp/issues
/12482  for more details
[info] 5YO7Vg1ByA8: Downloading subtitles: fr
[info] 5YO7Vg1ByA8: Downloading 1 format(s): 18
[info] Writing video subtitles to: French Talks/La faute de l'orthographe ｜ Arna
ud Hoedt Jérôme Piron ｜ TEDxRennes.fr.vtt
WARNING: The extractor specified to use impersonation for this download, but no
impersonate target is available. If you encounter errors, then see  https://gith
ub.com/yt-dlp/yt-dlp#impersonation  for information on installing the required d
ependencies
[download] Destination: French Talks/La faute de l'orthographe ｜ Arnaud Hoedt Jé
rôme Piron ｜ TEDxRennes.fr.vtt
[download]    7.00KiB at    3.79MiB/s (00:00:00)
[download]   15.00KiB at    2.33MiB/s (00:00:00)
[download]   23.75KiB at  570.92KiB/s (00:00:00)
[download] 100% of   23.75KiB in 00:00:00 at 53.12KiB/s
[SubtitlesConvertor] Converting subtitles
Deleting original file French Talks/La faute de l'orthographe ｜ Arnaud Hoedt Jér
ôme Piron ｜ TEDxRennes.fr.vtt (pass -k to keep)
[download] Destination: French Talks/La faute de l'orthographe ｜ Arnaud Hoedt Jé
rôme Piron ｜ TEDxRennes.mp4
[download]   0.0% of   28.53MiB at   97.58KiB/s ETA 04:59
[download]   0.1% of   28.53MiB at  206.03KiB/s ETA 02:21
[download]   0.1% of   28.53MiB at   86.72KiB/s ETA 05:36
[download]   0.2% of   28.53MiB at  104.14KiB/s ETA 04:39
[download]   0.4% of   28.53MiB at  145.91KiB/s ETA 03:19
[download]   0.9% of   28.53MiB at  210.53KiB/s ETA 02:17
[download]   1.7% of   28.53MiB at  336.72KiB/s ETA 01:25
[download]   3.5% of   28.53MiB at  560.60KiB/s ETA 00:50
[download]   7.0% of   28.53MiB at  842.49KiB/s ETA 00:32
[download]  12.8% of   28.53MiB at    1.29MiB/s ETA 00:19
[download]  24.4% of   28.53MiB at    1.81MiB/s ETA 00:11
[download]  34.8% of   28.53MiB at    1.79MiB/s ETA 00:10
[download]  34.8% of   28.53MiB at   59.63KiB/s ETA 05:19
[download]  34.8% of   28.53MiB at  399.18KiB/s ETA 00:47
[download]  34.8% of   28.53MiB at   56.00KiB/s ETA 05:39
[download]  34.9% of   28.53MiB at   93.49KiB/s ETA 03:23
[download]  35.0% of   28.53MiB at   86.91KiB/s ETA 03:38
[download]  35.2% of   28.53MiB at  127.32KiB/s ETA 02:28
[download]  35.7% of   28.53MiB at  199.79KiB/s ETA 01:34
[download]  36.5% of   28.53MiB at  323.04KiB/s ETA 00:57
[download]  38.3% of   28.53MiB at  464.06KiB/s ETA 00:38
[download]  41.1% of   28.53MiB at  656.28KiB/s ETA 00:26
[download]  45.7% of   28.53MiB at  877.61KiB/s ETA 00:18
[download]  51.3% of   28.53MiB at    1.02MiB/s ETA 00:13
[download]  57.1% of   28.53MiB at    1.16MiB/s ETA 00:10
[download]  63.8% of   28.53MiB at    1.19MiB/s ETA 00:08
[download]  68.2% of   28.53MiB at    1.27MiB/s ETA 00:07
[download]  68.2% of   28.53MiB at  309.34KiB/s ETA 00:30
[download]  68.2% of   28.53MiB at    1.44MiB/s ETA 00:06
[download]  68.2% of   28.53MiB at  319.48KiB/s ETA 00:29
[download]  68.3% of   28.53MiB at   90.00KiB/s ETA 01:43
[download]  68.4% of   28.53MiB at  101.45KiB/s ETA 01:31
[download]  68.6% of   28.53MiB at  149.72KiB/s ETA 01:01
[download]  69.0% of   28.53MiB at  217.21KiB/s ETA 00:41
[download]  69.9% of   28.53MiB at  347.51KiB/s ETA 00:25
[download]  71.7% of   28.53MiB at  529.46KiB/s ETA 00:15
[download]  75.2% of   28.53MiB at  714.66KiB/s ETA 00:10
[download]  78.9% of   28.53MiB at    1.02MiB/s ETA 00:05
[download]  86.4% of   28.53MiB at    1.22MiB/s ETA 00:03
[download]  92.4% of   28.53MiB at    1.32MiB/s ETA 00:01
[download]  98.7% of   28.53MiB at    1.43MiB/s ETA 00:00
[download] 100.0% of   28.53MiB at    1.45MiB/s ETA 00:00
[download] 100% of   28.53MiB in 00:00:23 at 1.21MiB/s
[ExtractAudio] Destination: French Talks/La faute de l'orthographe ｜ Arnaud Hoed
t Jérôme Piron ｜ TEDxRennes.wav
Deleting original file French Talks/La faute de l'orthographe ｜ Arnaud Hoedt Jér
ôme Piron ｜ TEDxRennes.mp4 (pass -k to keep)
[download] Downloading item 6 of 10
[youtube] Extracting URL: https://www.youtube.com/watch?v=o_XVt5rdpFY
[youtube] o_XVt5rdpFY: Downloading webpage
[youtube] o_XVt5rdpFY: Downloading android player API JSON
[youtube] o_XVt5rdpFY: Downloading web client config
[youtube] o_XVt5rdpFY: Downloading web player API JSON
WARNING: [youtube] o_XVt5rdpFY: Some android client https formats have been skip
ped as they are missing a URL. YouTube may have enabled the SABR-only streaming
experiment for the current session. See  https://github.com/yt-dlp/yt-dlp/issues
/12482  for more details
[info] o_XVt5rdpFY: Downloading subtitles: en, fr
[info] o_XVt5rdpFY: Downloading 1 format(s): 18
[info] Writing video subtitles to: French Talks/The secrets of learning a new la
nguage ｜ Lýdia Machová ｜ TED.en.vtt
WARNING: The extractor specified to use impersonation for this download, but no
impersonate target is available. If you encounter errors, then see  https://gith
ub.com/yt-dlp/yt-dlp#impersonation  for information on installing the required d
ependencies
[download] Destination: French Talks/The secrets of learning a new language ｜ Lý
dia Machová ｜ TED.en.vtt
[download]    7.00KiB at    3.56MiB/s (00:00:00)
[download]   15.00KiB at    2.28MiB/s (00:00:00)
[download]   16.85KiB at    1.70MiB/s (00:00:00)
[download] 100% of   16.85KiB in 00:00:00 at 41.82KiB/s
[info] Writing video subtitles to: French Talks/The secrets of learning a new la
nguage ｜ Lýdia Machová ｜ TED.fr.vtt
WARNING: The extractor specified to use impersonation for this download, but no
impersonate target is available. If you encounter errors, then see  https://gith
ub.com/yt-dlp/yt-dlp#impersonation  for information on installing the required d
ependencies
[download] Destination: French Talks/The secrets of learning a new language ｜ Lý
dia Machová ｜ TED.fr.vtt
[download]    7.00KiB at    2.45MiB/s (00:00:00)
[download]   15.00KiB at    1.55MiB/s (00:00:00)
[download]   17.56KiB at  335.77KiB/s (00:00:00)
[download] 100% of   17.56KiB in 00:00:00 at 39.17KiB/s
[SubtitlesConvertor] Converting subtitles
Deleting original file French Talks/The secrets of learning a new language ｜ Lýd
ia Machová ｜ TED.en.vtt (pass -k to keep)
Deleting original file French Talks/The secrets of learning a new language ｜ Lýd
ia Machová ｜ TED.fr.vtt (pass -k to keep)
[download] Destination: French Talks/The secrets of learning a new language ｜ Lý
dia Machová ｜ TED.mp4
[download]   0.0% of   14.81MiB at    1.03MiB/s ETA 00:14
[download]   0.0% of   14.81MiB at  629.48KiB/s ETA 00:24
[download]   0.2% of   14.81MiB at    2.37MiB/s ETA 00:06
[download]   0.4% of   14.81MiB at    2.21MiB/s ETA 00:06
[download]   0.8% of   14.81MiB at    1.50MiB/s ETA 00:09
[download]   1.7% of   14.81MiB at    1.67MiB/s ETA 00:08
[download]   3.4% of   14.81MiB at    1.73MiB/s ETA 00:08
[download]   6.7% of   14.81MiB at    2.28MiB/s ETA 00:06
[download]  13.5% of   14.81MiB at    3.05MiB/s ETA 00:04
[download]  27.0% of   14.81MiB at    3.80MiB/s ETA 00:02
[download]  54.0% of   14.81MiB at    4.25MiB/s ETA 00:01
[download]  66.4% of   14.81MiB at    4.50MiB/s ETA 00:01
[download]  66.4% of   14.81MiB at  336.03KiB/s ETA 00:15
[download]  66.5% of   14.81MiB at    2.49MiB/s ETA 00:01
[download]  66.6% of   14.81MiB at    2.97MiB/s ETA 00:01
[download]  66.8% of   14.81MiB at    3.48MiB/s ETA 00:01
[download]  67.2% of   14.81MiB at    3.32MiB/s ETA 00:01
[download]  68.0% of   14.81MiB at    4.66MiB/s ETA 00:01
[download]  69.7% of   14.81MiB at    4.56MiB/s ETA 00:00
[download]  73.1% of   14.81MiB at    4.95MiB/s ETA 00:00
[download]  79.9% of   14.81MiB at    4.69MiB/s ETA 00:00
[download]  93.4% of   14.81MiB at    4.68MiB/s ETA 00:00
[download] 100.0% of   14.81MiB at    4.92MiB/s ETA 00:00
[download] 100% of   14.81MiB in 00:00:03 at 4.44MiB/s
[ExtractAudio] Destination: French Talks/The secrets of learning a new language
｜ Lýdia Machová ｜ TED.wav
Deleting original file French Talks/The secrets of learning a new language ｜ Lýd
ia Machová ｜ TED.mp4 (pass -k to keep)
[download] Downloading item 7 of 10
[youtube] Extracting URL: https://www.youtube.com/watch?v=Cpa1i82J23s
[youtube] Cpa1i82J23s: Downloading webpage
[youtube] Cpa1i82J23s: Downloading android player API JSON
[youtube] Cpa1i82J23s: Downloading web client config
[youtube] Cpa1i82J23s: Downloading web player API JSON
WARNING: [youtube] Cpa1i82J23s: Some android client https formats have been skip
ped as they are missing a URL. YouTube may have enabled the SABR-only streaming
experiment for the current session. See  https://github.com/yt-dlp/yt-dlp/issues
/12482  for more details
[info] Cpa1i82J23s: Downloading subtitles: fr
[info] Cpa1i82J23s: Downloading 1 format(s): 18
[info] Writing video subtitles to: French Talks/Choisir sa vie plutôt que la sub
ir ｜ Yann DELPLANQUE ｜ TEDxNeoma BS Paris.fr.vtt
WARNING: The extractor specified to use impersonation for this download, but no
impersonate target is available. If you encounter errors, then see  https://gith
ub.com/yt-dlp/yt-dlp#impersonation  for information on installing the required d
ependencies
[download] Destination: French Talks/Choisir sa vie plutôt que la subir ｜ Yann D
ELPLANQUE ｜ TEDxNeoma BS Paris.fr.vtt
[download]    7.00KiB at    4.02MiB/s (00:00:00)
[download]   14.48KiB at    2.22MiB/s (00:00:00)
[download] 100% of   14.48KiB in 00:00:00 at 33.67KiB/s
[SubtitlesConvertor] Converting subtitles
Deleting original file French Talks/Choisir sa vie plutôt que la subir ｜ Yann DE
LPLANQUE ｜ TEDxNeoma BS Paris.fr.vtt (pass -k to keep)
[download] Destination: French Talks/Choisir sa vie plutôt que la subir ｜ Yann D
ELPLANQUE ｜ TEDxNeoma BS Paris.mp4
[download]   0.0% of   23.17MiB at    2.49MiB/s ETA 00:09
[download]   0.0% of   23.17MiB at   55.45KiB/s ETA 07:07
[download]   0.1% of   23.17MiB at  117.77KiB/s ETA 03:21
[download]   0.1% of   23.17MiB at  188.40KiB/s ETA 02:05
[download]   0.3% of   23.17MiB at  239.96KiB/s ETA 01:38
[download]   0.5% of   23.17MiB at  314.46KiB/s ETA 01:15
[download]   1.1% of   23.17MiB at  469.11KiB/s ETA 00:50
[download]   2.2% of   23.17MiB at  706.46KiB/s ETA 00:32
[download]   4.3% of   23.17MiB at    1.14MiB/s ETA 00:19
[download]   8.6% of   23.17MiB at    1.61MiB/s ETA 00:13
[download]  17.3% of   23.17MiB at    2.54MiB/s ETA 00:07
[download]  34.5% of   23.17MiB at    2.44MiB/s ETA 00:06
[download]  42.6% of   23.17MiB at    2.55MiB/s ETA 00:05
[download]  42.6% of   23.17MiB at  Unknown B/s ETA Unknown
[download]  42.6% of   23.17MiB at 1023.42KiB/s ETA 00:13
[download]  42.6% of   23.17MiB at    3.23MiB/s ETA 00:04
[download]  42.7% of   23.17MiB at    3.20MiB/s ETA 00:04
[download]  42.8% of   23.17MiB at    3.79MiB/s ETA 00:03
[download]  43.1% of   23.17MiB at    5.43MiB/s ETA 00:02
[download]  43.6% of   23.17MiB at    5.69MiB/s ETA 00:02
[download]  44.7% of   23.17MiB at    5.55MiB/s ETA 00:02
[download]  46.9% of   23.17MiB at    4.57MiB/s ETA 00:02
[download]  51.2% of   23.17MiB at    4.69MiB/s ETA 00:02
[download]  59.8% of   23.17MiB at    3.83MiB/s ETA 00:02
[download]  73.8% of   23.17MiB at    4.41MiB/s ETA 00:01
[download]  85.4% of   23.17MiB at    4.96MiB/s ETA 00:00
[download]  85.4% of   23.17MiB at  Unknown B/s ETA Unknown
[download]  85.4% of   23.17MiB at   11.11MiB/s ETA 00:00
[download]  85.5% of   23.17MiB at    2.89MiB/s ETA 00:01
[download]  85.6% of   23.17MiB at    2.95MiB/s ETA 00:01
[download]  85.9% of   23.17MiB at    4.16MiB/s ETA 00:00
[download]  86.4% of   23.17MiB at    5.73MiB/s ETA 00:00
[download]  87.5% of   23.17MiB at    5.99MiB/s ETA 00:00
[download]  89.7% of   23.17MiB at    6.10MiB/s ETA 00:00
[download]  94.0% of   23.17MiB at    3.65MiB/s ETA 00:00
[download] 100.0% of   23.17MiB at    4.50MiB/s ETA 00:00
[download] 100% of   23.17MiB in 00:00:08 at 2.61MiB/s
[ExtractAudio] Destination: French Talks/Choisir sa vie plutôt que la subir ｜ Ya
nn DELPLANQUE ｜ TEDxNeoma BS Paris.wav
Deleting original file French Talks/Choisir sa vie plutôt que la subir ｜ Yann DE
LPLANQUE ｜ TEDxNeoma BS Paris.mp4 (pass -k to keep)
[download] Downloading item 8 of 10
[youtube] Extracting URL: https://www.youtube.com/watch?v=PcGDIyJY0fA
[youtube] PcGDIyJY0fA: Downloading webpage
[youtube] PcGDIyJY0fA: Downloading android player API JSON
[youtube] PcGDIyJY0fA: Downloading web client config
[youtube] PcGDIyJY0fA: Downloading web player API JSON
WARNING: [youtube] PcGDIyJY0fA: Some android client https formats have been skip
ped as they are missing a URL. YouTube may have enabled the SABR-only streaming
experiment for the current session. See  https://github.com/yt-dlp/yt-dlp/issues
/12482  for more details
[info] PcGDIyJY0fA: Downloading 1 format(s): 18
[info] There are no subtitles for the requested languages
[SubtitlesConvertor] There aren't any subtitles to convert
[download] Destination: French Talks/Faites confiance en votre intuition ｜ Célin
e Boura ｜ TEDxLorient.mp4
[download]   0.0% of   64.34MiB at    1.42MiB/s ETA 00:45
[download]   0.0% of   64.34MiB at  296.35KiB/s ETA 03:42
[download]   0.0% of   64.34MiB at   90.97KiB/s ETA 12:03
[download]   0.1% of   64.34MiB at  112.90KiB/s ETA 09:43
[download]   0.2% of   64.34MiB at  152.58KiB/s ETA 07:10
[download]   0.4% of   64.34MiB at  223.37KiB/s ETA 04:53
[download]   0.8% of   64.34MiB at  352.64KiB/s ETA 03:05
[download]   1.6% of   64.34MiB at  581.52KiB/s ETA 01:51
[download]   3.1% of   64.34MiB at  987.83KiB/s ETA 01:04
[download]   6.2% of   64.34MiB at    1.67MiB/s ETA 00:36
[download]  12.4% of   64.34MiB at    2.23MiB/s ETA 00:25
[download]  15.4% of   64.34MiB at    2.74MiB/s ETA 00:19
[download]  15.4% of   64.34MiB at   38.02KiB/s ETA 24:27
[download]  15.4% of   64.34MiB at  531.02KiB/s ETA 01:45
[download]  15.4% of   64.34MiB at   97.63KiB/s ETA 09:30
[download]  15.4% of   64.34MiB at  107.36KiB/s ETA 08:38
[download]  15.5% of   64.34MiB at  154.27KiB/s ETA 06:00
[download]  15.7% of   64.34MiB at  228.23KiB/s ETA 04:03
[download]  16.1% of   64.34MiB at  363.59KiB/s ETA 02:31
[download]  16.9% of   64.34MiB at  599.51KiB/s ETA 01:31
[download]  18.5% of   64.34MiB at 1021.57KiB/s ETA 00:52
[download]  21.6% of   64.34MiB at    1.72MiB/s ETA 00:29
[download]  27.8% of   64.34MiB at    2.41MiB/s ETA 00:19
[download]  30.5% of   64.34MiB at    2.93MiB/s ETA 00:15
[download]  30.5% of   64.34MiB at  336.92KiB/s ETA 02:16
[download]  30.5% of   64.34MiB at   11.40KiB/s ETA 01:06:56
[download]  30.5% of   64.34MiB at   56.50KiB/s ETA 13:30
[download]  30.5% of   64.34MiB at   97.32KiB/s ETA 07:50
[download]  30.6% of   64.34MiB at  107.30KiB/s ETA 07:06
[download]  30.7% of   64.34MiB at  156.05KiB/s ETA 04:52
[download]  30.9% of   64.34MiB at  232.08KiB/s ETA 03:16
[download]  31.2% of   64.34MiB at  379.22KiB/s ETA 01:59
[download]  32.0% of   64.34MiB at  620.22KiB/s ETA 01:12
[download]  33.6% of   64.34MiB at 1006.81KiB/s ETA 00:43
[download]  36.7% of   64.34MiB at    1.63MiB/s ETA 00:24
[download]  42.9% of   64.34MiB at    2.41MiB/s ETA 00:15
[download]  45.3% of   64.34MiB at    2.78MiB/s ETA 00:12
[download]  45.3% of   64.34MiB at   18.37KiB/s ETA 32:43
[download]  45.3% of   64.34MiB at  126.21KiB/s ETA 04:45
[download]  45.3% of   64.34MiB at   52.98KiB/s ETA 11:20
[download]  45.3% of   64.34MiB at   92.56KiB/s ETA 06:29
[download]  45.3% of   64.34MiB at  107.10KiB/s ETA 05:36
[download]  45.4% of   64.34MiB at  151.68KiB/s ETA 03:56
[download]  45.6% of   64.34MiB at  228.29KiB/s ETA 02:36
[download]  46.0% of   64.34MiB at  357.71KiB/s ETA 01:39
[download]  46.8% of   64.34MiB at  594.18KiB/s ETA 00:58
[download]  48.4% of   64.34MiB at  835.12KiB/s ETA 00:40
[download]  50.5% of   64.34MiB at    1.36MiB/s ETA 00:23
[download]  54.8% of   64.34MiB at    1.92MiB/s ETA 00:15
[download]  60.6% of   64.34MiB at    2.47MiB/s ETA 00:10
[download]  60.6% of   64.34MiB at  339.18KiB/s ETA 01:16
[download]  60.6% of   64.34MiB at    1.72MiB/s ETA 00:14
[download]  60.6% of   64.34MiB at   55.86KiB/s ETA 07:44
[download]  60.6% of   64.34MiB at   90.63KiB/s ETA 04:46
[download]  60.7% of   64.34MiB at   91.58KiB/s ETA 04:42
[download]  60.8% of   64.34MiB at  130.43KiB/s ETA 03:18
[download]  61.0% of   64.34MiB at  201.14KiB/s ETA 02:07
[download]  61.4% of   64.34MiB at  326.65KiB/s ETA 01:17
[download]  62.1% of   64.34MiB at  537.66KiB/s ETA 00:46
[download]  63.7% of   64.34MiB at  889.60KiB/s ETA 00:26
[download]  66.8% of   64.34MiB at    1.35MiB/s ETA 00:15
[download]  71.4% of   64.34MiB at    1.75MiB/s ETA 00:10
[download]  75.9% of   64.34MiB at    1.64MiB/s ETA 00:09
[download]  75.9% of   64.34MiB at  Unknown B/s ETA Unknown
[download]  75.9% of   64.34MiB at  294.90KiB/s ETA 00:53
[download]  75.9% of   64.34MiB at   57.33KiB/s ETA 04:36
[download]  76.0% of   64.34MiB at   92.50KiB/s ETA 02:51
[download]  76.0% of   64.34MiB at  107.63KiB/s ETA 02:26
[download]  76.1% of   64.34MiB at  156.46KiB/s ETA 01:40
[download]  76.3% of   64.34MiB at  228.94KiB/s ETA 01:08
[download]  76.7% of   64.34MiB at  366.67KiB/s ETA 00:41
[download]  77.5% of   64.34MiB at  304.70KiB/s ETA 00:48
[download]  77.9% of   64.34MiB at  362.52KiB/s ETA 00:40
[download]  78.6% of   64.34MiB at  462.04KiB/s ETA 00:30
[download]  80.2% of   64.34MiB at  599.23KiB/s ETA 00:21
[download]  82.1% of   64.34MiB at  729.77KiB/s ETA 00:16
[download]  84.3% of   64.34MiB at  877.08KiB/s ETA 00:11
[download]  87.4% of   64.34MiB at    1.06MiB/s ETA 00:07
[download]  91.2% of   64.34MiB at    1.04MiB/s ETA 00:05
[download]  91.2% of   64.34MiB at  407.85KiB/s ETA 00:14
[download]  91.2% of   64.34MiB at    1.03MiB/s ETA 00:05
[download]  91.2% of   64.34MiB at  123.09KiB/s ETA 00:47
[download]  91.2% of   64.34MiB at  259.61KiB/s ETA 00:22
[download]  91.2% of   64.34MiB at   84.90KiB/s ETA 01:08
[download]  91.3% of   64.34MiB at  101.61KiB/s ETA 00:56
[download]  91.3% of   64.34MiB at  135.35KiB/s ETA 00:42
[download]  91.5% of   64.34MiB at  212.25KiB/s ETA 00:26
[download]  91.9% of   64.34MiB at  332.34KiB/s ETA 00:15
[download]  92.7% of   64.34MiB at  542.62KiB/s ETA 00:08
[download]  94.3% of   64.34MiB at  927.72KiB/s ETA 00:04
[download]  97.4% of   64.34MiB at    1.42MiB/s ETA 00:01
[download] 100.0% of   64.34MiB at    1.26MiB/s ETA 00:00
[download] 100% of   64.34MiB in 00:00:47 at 1.36MiB/s
[ExtractAudio] Destination: French Talks/Faites confiance en votre intuition ｜ C
éline Boura ｜ TEDxLorient.wav
Deleting original file French Talks/Faites confiance en votre intuition ｜ Céline
 Boura ｜ TEDxLorient.mp4 (pass -k to keep)
[download] Downloading item 9 of 10
[youtube] Extracting URL: https://www.youtube.com/watch?v=p1y8Yv0XOhs
[youtube] p1y8Yv0XOhs: Downloading webpage
[youtube] p1y8Yv0XOhs: Downloading android player API JSON
[youtube] p1y8Yv0XOhs: Downloading web client config
[youtube] p1y8Yv0XOhs: Downloading web player API JSON
WARNING: [youtube] p1y8Yv0XOhs: Some android client https formats have been skip
ped as they are missing a URL. YouTube may have enabled the SABR-only streaming
experiment for the current session. See  https://github.com/yt-dlp/yt-dlp/issues
/12482  for more details
[info] p1y8Yv0XOhs: Downloading 1 format(s): 18
[info] There are no subtitles for the requested languages
[SubtitlesConvertor] There aren't any subtitles to convert
[download] Destination: French Talks/De secrétaire à millionnaire ： oublions l'a
rgent ! ｜ Anne Marcotte ｜ TEDxHECMontréal.mp4
[download]   0.0% of   26.13MiB at    1.77MiB/s ETA 00:14
[download]   0.0% of   26.13MiB at  182.56KiB/s ETA 02:26
[download]   0.1% of   26.13MiB at   48.89KiB/s ETA 09:07
[download]   0.1% of   26.13MiB at   80.31KiB/s ETA 05:32
[download]   0.2% of   26.13MiB at   96.68KiB/s ETA 04:36
[download]   0.5% of   26.13MiB at  144.14KiB/s ETA 03:04
[download]   1.0% of   26.13MiB at  212.56KiB/s ETA 02:04
[download]   1.9% of   26.13MiB at  341.33KiB/s ETA 01:16
[download]   3.8% of   26.13MiB at  566.32KiB/s ETA 00:45
[download]   7.6% of   26.13MiB at  972.28KiB/s ETA 00:25
[download]  15.3% of   26.13MiB at    1.49MiB/s ETA 00:14
[download]  28.4% of   26.13MiB at    2.10MiB/s ETA 00:08
[download]  36.6% of   26.13MiB at    2.41MiB/s ETA 00:06
[download]  36.6% of   26.13MiB at  Unknown B/s ETA Unknown
[download]  36.6% of   26.13MiB at  199.25KiB/s ETA 01:25
[download]  36.6% of   26.13MiB at  436.87KiB/s ETA 00:38
[download]  36.7% of   26.13MiB at  270.97KiB/s ETA 01:02
[download]  36.7% of   26.13MiB at   90.58KiB/s ETA 03:06
[download]  36.9% of   26.13MiB at  107.48KiB/s ETA 02:37
[download]  37.1% of   26.13MiB at  146.54KiB/s ETA 01:54
[download]  37.6% of   26.13MiB at  217.81KiB/s ETA 01:16
[download]  38.5% of   26.13MiB at  322.47KiB/s ETA 00:51
[download]  40.4% of   26.13MiB at  529.09KiB/s ETA 00:30
[download]  44.3% of   26.13MiB at  876.55KiB/s ETA 00:17
[download]  51.9% of   26.13MiB at    1.18MiB/s ETA 00:10
[download]  59.1% of   26.13MiB at    1.68MiB/s ETA 00:06
[download]  73.6% of   26.13MiB at    2.04MiB/s ETA 00:03
[download]  74.7% of   26.13MiB at    2.08MiB/s ETA 00:03
[download]  74.7% of   26.13MiB at  328.71KiB/s ETA 00:20
[download]  74.8% of   26.13MiB at    1.40MiB/s ETA 00:04
[download]  74.8% of   26.13MiB at    1.50MiB/s ETA 00:04
[download]  74.8% of   26.13MiB at    2.86MiB/s ETA 00:02
[download]  75.0% of   26.13MiB at    3.81MiB/s ETA 00:01
[download]  75.2% of   26.13MiB at    4.68MiB/s ETA 00:01
[download]  75.7% of   26.13MiB at    3.46MiB/s ETA 00:01
[download]  76.6% of   26.13MiB at    4.19MiB/s ETA 00:01
[download]  78.6% of   26.13MiB at    5.54MiB/s ETA 00:01
[download]  82.4% of   26.13MiB at    6.03MiB/s ETA 00:00
[download]  90.0% of   26.13MiB at    6.23MiB/s ETA 00:00
[download] 100.0% of   26.13MiB at    5.15MiB/s ETA 00:00
[download] 100% of   26.13MiB in 00:00:16 at 1.60MiB/s
[ExtractAudio] Destination: French Talks/De secrétaire à millionnaire ： oublions
 l'argent ! ｜ Anne Marcotte ｜ TEDxHECMontréal.wav
Deleting original file French Talks/De secrétaire à millionnaire ： oublions l'ar
gent ! ｜ Anne Marcotte ｜ TEDxHECMontréal.mp4 (pass -k to keep)
[download] Downloading item 10 of 10
[youtube] Extracting URL: https://www.youtube.com/watch?v=9tnssy9ZtBI
[youtube] 9tnssy9ZtBI: Downloading webpage
[youtube] 9tnssy9ZtBI: Downloading android player API JSON
[youtube] 9tnssy9ZtBI: Downloading web client config
[youtube] 9tnssy9ZtBI: Downloading web player API JSON
WARNING: [youtube] 9tnssy9ZtBI: Some android client https formats have been skip
ped as they are missing a URL. YouTube may have enabled the SABR-only streaming
experiment for the current session. See  https://github.com/yt-dlp/yt-dlp/issues
/12482  for more details
[info] 9tnssy9ZtBI: Downloading 1 format(s): 18
[info] There are no subtitles for the requested languages
[SubtitlesConvertor] There aren't any subtitles to convert
[download] Destination: French Talks/Si la seule limite était soi-même ｜ Julie B
ouget ｜ TEDxChampsElyseesWomen.mp4
[download]   0.0% of   22.73MiB at    5.19MiB/s ETA 00:04
[download]   0.1% of   22.73MiB at   53.30KiB/s ETA 07:16
[download]   0.1% of   22.73MiB at   82.38KiB/s ETA 04:42
[download]   0.3% of   22.73MiB at  111.05KiB/s ETA 03:29
[download]   0.5% of   22.73MiB at  145.10KiB/s ETA 02:39
[download]   1.1% of   22.73MiB at  220.18KiB/s ETA 01:44
[download]   2.2% of   22.73MiB at  358.26KiB/s ETA 01:03
[download]   4.4% of   22.73MiB at  590.91KiB/s ETA 00:37
[download]   8.8% of   22.73MiB at 1008.16KiB/s ETA 00:21
[download]  17.6% of   22.73MiB at    1.51MiB/s ETA 00:12
[download]  31.9% of   22.73MiB at    2.08MiB/s ETA 00:07
[download]  41.9% of   22.73MiB at    2.47MiB/s ETA 00:05
[download]  41.9% of   22.73MiB at  372.79KiB/s ETA 00:36
[download]  41.9% of   22.73MiB at    1.92MiB/s ETA 00:06
[download]  42.0% of   22.73MiB at  555.68KiB/s ETA 00:24
[download]  42.0% of   22.73MiB at  195.54KiB/s ETA 01:09
[download]  42.2% of   22.73MiB at  240.26KiB/s ETA 00:56
[download]  42.4% of   22.73MiB at  331.40KiB/s ETA 00:40
[download]  43.0% of   22.73MiB at  465.17KiB/s ETA 00:28
[download]  44.1% of   22.73MiB at  713.50KiB/s ETA 00:18
[download]  46.3% of   22.73MiB at    1.12MiB/s ETA 00:10
[download]  50.7% of   22.73MiB at    1.87MiB/s ETA 00:05
[download]  59.5% of   22.73MiB at    2.48MiB/s ETA 00:03
[download]  75.7% of   22.73MiB at    3.61MiB/s ETA 00:01
[download]  85.4% of   22.73MiB at    2.88MiB/s ETA 00:01
[download]  85.4% of   22.73MiB at  321.01KiB/s ETA 00:10
[download]  85.5% of   22.73MiB at    1.63MiB/s ETA 00:02
[download]  85.5% of   22.73MiB at    1.11MiB/s ETA 00:02
[download]  85.6% of   22.73MiB at    2.12MiB/s ETA 00:01
[download]  85.7% of   22.73MiB at  922.70KiB/s ETA 00:03
[download]  86.0% of   22.73MiB at    1.65MiB/s ETA 00:01
[download]  86.5% of   22.73MiB at    2.63MiB/s ETA 00:01
[download]  87.6% of   22.73MiB at    3.77MiB/s ETA 00:00
[download]  89.8% of   22.73MiB at    4.82MiB/s ETA 00:00
[download]  94.2% of   22.73MiB at    5.02MiB/s ETA 00:00
[download] 100.0% of   22.73MiB at    5.55MiB/s ETA 00:00
[download] 100% of   22.73MiB in 00:00:12 at 1.83MiB/s
[ExtractAudio] Destination: French Talks/Si la seule limite était soi-même ｜ Jul
ie Bouget ｜ TEDxChampsElyseesWomen.wav
Deleting original file French Talks/Si la seule limite était soi-même ｜ Julie Bo
uget ｜ TEDxChampsElyseesWomen.mp4 (pass -k to keep)
[download] Finished downloading playlist: TED talk in French
----------------------------------------
Starting batch for: Japanese
Folder: Japanese Talks
Subtitles: en.*, ja.*
[youtube:search] Extracting URL: ytsearch10:TED talk in Japanese
[download] Downloading playlist: TED talk in Japanese
[youtube:search] query "TED talk in Japanese": Downloading web client config
[youtube:search] query "TED talk in Japanese" page 1: Downloading API JSON
[youtube:search] Playlist TED talk in Japanese: Downloading 10 items of 10
[download] Downloading item 1 of 10
[youtube] Extracting URL: https://www.youtube.com/watch?v=yK5yEBKCLUU
[youtube] yK5yEBKCLUU: Downloading webpage
[youtube] yK5yEBKCLUU: Downloading android player API JSON
[youtube] yK5yEBKCLUU: Downloading web client config
[youtube] yK5yEBKCLUU: Downloading web player API JSON
WARNING: [youtube] yK5yEBKCLUU: Some android client https formats have been skip
ped as they are missing a URL. YouTube may have enabled the SABR-only streaming
experiment for the current session. See  https://github.com/yt-dlp/yt-dlp/issues
/12482  for more details
[info] yK5yEBKCLUU: Downloading subtitles: en, ja
[info] yK5yEBKCLUU: Downloading 1 format(s): 18
[info] Writing video subtitles to: Japanese Talks/意志の通訳 ⧸ The interpretation of
WILL ｜ Miho Hashimoto ｜ TEDxKeioU.en.vtt
WARNING: The extractor specified to use impersonation for this download, but no
impersonate target is available. If you encounter errors, then see  https://gith
ub.com/yt-dlp/yt-dlp#impersonation  for information on installing the required d
ependencies
[download] Destination: Japanese Talks/意志の通訳 ⧸ The interpretation of WILL ｜ Miho
 Hashimoto ｜ TEDxKeioU.en.vtt
[download]    7.00KiB at  150.45KiB/s (00:00:00)
[download]   15.00KiB at  253.29KiB/s (00:00:00)
[download] 100% of   16.60KiB in 00:00:00 at 32.90KiB/s
[info] Writing video subtitles to: Japanese Talks/意志の通訳 ⧸ The interpretation of
WILL ｜ Miho Hashimoto ｜ TEDxKeioU.ja.vtt
WARNING: The extractor specified to use impersonation for this download, but no
impersonate target is available. If you encounter errors, then see  https://gith
ub.com/yt-dlp/yt-dlp#impersonation  for information on installing the required d
ependencies
[download] Destination: Japanese Talks/意志の通訳 ⧸ The interpretation of WILL ｜ Miho
 Hashimoto ｜ TEDxKeioU.ja.vtt
[download]    7.00KiB at    4.10MiB/s (00:00:00)
[download]   15.00KiB at    1.48MiB/s (00:00:00)
[download]   21.31KiB at  324.96KiB/s (00:00:00)
[download] 100% of   21.31KiB in 00:00:00 at 43.61KiB/s
[SubtitlesConvertor] Converting subtitles
Deleting original file Japanese Talks/意志の通訳 ⧸ The interpretation of WILL ｜ Miho
Hashimoto ｜ TEDxKeioU.ja.vtt (pass -k to keep)
Deleting original file Japanese Talks/意志の通訳 ⧸ The interpretation of WILL ｜ Miho
Hashimoto ｜ TEDxKeioU.en.vtt (pass -k to keep)
[download] Destination: Japanese Talks/意志の通訳 ⧸ The interpretation of WILL ｜ Miho
 Hashimoto ｜ TEDxKeioU.mp4
[download]   0.0% of   35.32MiB at    2.47MiB/s ETA 00:14
[download]   0.1% of   35.32MiB at  181.04KiB/s ETA 03:19
[download]   0.2% of   35.32MiB at  226.43KiB/s ETA 02:39
[download]   0.4% of   35.32MiB at  303.69KiB/s ETA 01:58
[download]   0.7% of   35.32MiB at  445.19KiB/s ETA 01:20
[download]   1.4% of   35.32MiB at  703.96KiB/s ETA 00:50
[download]   2.8% of   35.32MiB at    1.15MiB/s ETA 00:29
[download]   5.7% of   35.32MiB at    1.46MiB/s ETA 00:22
[download]  11.3% of   35.32MiB at    2.16MiB/s ETA 00:14
[download]  22.6% of   35.32MiB at    2.65MiB/s ETA 00:10
[download]  27.8% of   35.32MiB at    2.72MiB/s ETA 00:09
[download]  27.8% of   35.32MiB at   74.38KiB/s ETA 05:51
[download]  27.8% of   35.32MiB at  461.01KiB/s ETA 00:56
[download]  27.8% of   35.32MiB at  119.57KiB/s ETA 03:38
[download]  27.8% of   35.32MiB at  212.17KiB/s ETA 02:03
[download]  27.9% of   35.32MiB at  243.97KiB/s ETA 01:46
[download]  28.1% of   35.32MiB at  314.60KiB/s ETA 01:22
[download]  28.5% of   35.32MiB at  475.80KiB/s ETA 00:54
[download]  29.2% of   35.32MiB at  755.86KiB/s ETA 00:33
[download]  30.6% of   35.32MiB at    1.18MiB/s ETA 00:20
[download]  33.4% of   35.32MiB at    1.97MiB/s ETA 00:11
[download]  39.1% of   35.32MiB at    2.51MiB/s ETA 00:08
[download]  48.9% of   35.32MiB at    2.96MiB/s ETA 00:06
[download]  55.0% of   35.32MiB at    3.28MiB/s ETA 00:04
[download]  55.0% of   35.32MiB at   26.96KiB/s ETA 10:04
[download]  55.0% of   35.32MiB at  386.85KiB/s ETA 00:42
[download]  55.0% of   35.32MiB at  189.20KiB/s ETA 01:25
[download]  55.1% of   35.32MiB at  221.82KiB/s ETA 01:13
[download]  55.3% of   35.32MiB at  284.29KiB/s ETA 00:56
[download]  55.7% of   35.32MiB at  380.73KiB/s ETA 00:42
[download]  56.4% of   35.32MiB at  505.56KiB/s ETA 00:31
[download]  57.8% of   35.32MiB at  504.43KiB/s ETA 00:30
[download]  59.2% of   35.32MiB at  620.15KiB/s ETA 00:23
[download]  62.0% of   35.32MiB at  744.60KiB/s ETA 00:18
[download]  64.9% of   35.32MiB at  733.37KiB/s ETA 00:17
[download]  66.9% of   35.32MiB at  731.10KiB/s ETA 00:16
[download]  68.9% of   35.32MiB at  754.65KiB/s ETA 00:14
[download]  71.5% of   35.32MiB at  785.23KiB/s ETA 00:13
[download]  74.2% of   35.32MiB at  822.11KiB/s ETA 00:11
[download]  77.4% of   35.32MiB at  885.49KiB/s ETA 00:09
[download]  82.0% of   35.32MiB at 1011.42KiB/s ETA 00:06
[download]  83.1% of   35.32MiB at    1.01MiB/s ETA 00:05
[download]  83.1% of   35.32MiB at  Unknown B/s ETA Unknown
[download]  83.1% of   35.32MiB at  701.94KiB/s ETA 00:08
[download]  83.1% of   35.32MiB at  119.16KiB/s ETA 00:51
[download]  83.2% of   35.32MiB at  210.31KiB/s ETA 00:28
[download]  83.2% of   35.32MiB at  231.96KiB/s ETA 00:26
[download]  83.4% of   35.32MiB at  327.43KiB/s ETA 00:18
[download]  83.8% of   35.32MiB at  480.80KiB/s ETA 00:12
[download]  84.5% of   35.32MiB at  753.04KiB/s ETA 00:07
[download]  85.9% of   35.32MiB at    1.19MiB/s ETA 00:04
[download]  88.7% of   35.32MiB at    1.75MiB/s ETA 00:02
[download]  94.4% of   35.32MiB at    2.77MiB/s ETA 00:00
[download] 100.0% of   35.32MiB at    3.20MiB/s ETA 00:00
[download] 100% of   35.32MiB in 00:00:21 at 1.66MiB/s
[ExtractAudio] Destination: Japanese Talks/意志の通訳 ⧸ The interpretation of WILL ｜
Miho Hashimoto ｜ TEDxKeioU.wav
Deleting original file Japanese Talks/意志の通訳 ⧸ The interpretation of WILL ｜ Miho
Hashimoto ｜ TEDxKeioU.mp4 (pass -k to keep)
[download] Downloading item 2 of 10
[youtube] Extracting URL: https://www.youtube.com/watch?v=gBumdOWWMhY
[youtube] gBumdOWWMhY: Downloading webpage
[youtube] gBumdOWWMhY: Downloading android player API JSON
[youtube] gBumdOWWMhY: Downloading web client config
[youtube] gBumdOWWMhY: Downloading web player API JSON
WARNING: [youtube] gBumdOWWMhY: Some android client https formats have been skip
ped as they are missing a URL. YouTube may have enabled the SABR-only streaming
experiment for the current session. See  https://github.com/yt-dlp/yt-dlp/issues
/12482  for more details
[info] gBumdOWWMhY: Downloading subtitles: en, ja
[info] gBumdOWWMhY: Downloading 1 format(s): 18
[info] Writing video subtitles to: Japanese Talks/Hope invites ｜ Tsutomu Uematsu
 ｜ TEDxSapporo.en.vtt
WARNING: The extractor specified to use impersonation for this download, but no
impersonate target is available. If you encounter errors, then see  https://gith
ub.com/yt-dlp/yt-dlp#impersonation  for information on installing the required d
ependencies
[download] Destination: Japanese Talks/Hope invites ｜ Tsutomu Uematsu ｜ TEDxSapp
oro.en.vtt
[download]    7.00KiB at    2.66MiB/s (00:00:00)
[download]   15.00KiB at    2.27MiB/s (00:00:00)
[download]   31.00KiB at  641.53KiB/s (00:00:00)
[download] 100% of   32.27KiB in 00:00:00 at 56.30KiB/s
[info] Writing video subtitles to: Japanese Talks/Hope invites ｜ Tsutomu Uematsu
 ｜ TEDxSapporo.ja.vtt
WARNING: The extractor specified to use impersonation for this download, but no
impersonate target is available. If you encounter errors, then see  https://gith
ub.com/yt-dlp/yt-dlp#impersonation  for information on installing the required d
ependencies
[download] Destination: Japanese Talks/Hope invites ｜ Tsutomu Uematsu ｜ TEDxSapp
oro.ja.vtt
[download]    7.00KiB at    3.14MiB/s (00:00:00)
[download]   15.00KiB at    1.53MiB/s (00:00:00)
[download]   31.00KiB at  516.32KiB/s (00:00:00)
[download]   41.27KiB at  560.23KiB/s (00:00:00)
[download] 100% of   41.27KiB in 00:00:00 at 79.03KiB/s
[SubtitlesConvertor] Converting subtitles
Deleting original file Japanese Talks/Hope invites ｜ Tsutomu Uematsu ｜ TEDxSappo
ro.en.vtt (pass -k to keep)
Deleting original file Japanese Talks/Hope invites ｜ Tsutomu Uematsu ｜ TEDxSappo
ro.ja.vtt (pass -k to keep)
[download] Destination: Japanese Talks/Hope invites ｜ Tsutomu Uematsu ｜ TEDxSapp
oro.mp4
[download]   0.1% of   27.25MiB at    2.65MiB/s ETA 00:10
[download]   0.1% of   27.25MiB at    3.03MiB/s ETA 00:09
[download]   0.2% of   27.25MiB at    3.72MiB/s ETA 00:07
[download]   0.5% of   27.25MiB at    3.01MiB/s ETA 00:09
[download]   0.9% of   27.25MiB at    2.88MiB/s ETA 00:09
[download]   1.8% of   27.25MiB at    4.17MiB/s ETA 00:06
[download]   3.7% of   27.25MiB at    1.21MiB/s ETA 00:21
[download]   6.3% of   27.25MiB at    1.78MiB/s ETA 00:14
[download]  11.5% of   27.25MiB at    2.52MiB/s ETA 00:09
[download]  21.9% of   27.25MiB at    3.53MiB/s ETA 00:06
[download]  36.5% of   27.25MiB at    3.62MiB/s ETA 00:04
[download]  36.5% of   27.25MiB at  Unknown B/s ETA Unknown
[download]  36.5% of   27.25MiB at    2.13MiB/s ETA 00:08
[download]  36.6% of   27.25MiB at    3.65MiB/s ETA 00:04
[download]  36.6% of   27.25MiB at    2.88MiB/s ETA 00:06
[download]  36.7% of   27.25MiB at    1.38MiB/s ETA 00:12
[download]  37.0% of   27.25MiB at    2.47MiB/s ETA 00:06
[download]  37.4% of   27.25MiB at    3.35MiB/s ETA 00:05
[download]  38.3% of   27.25MiB at    4.25MiB/s ETA 00:03
[download]  40.2% of   27.25MiB at    5.38MiB/s ETA 00:03
[download]  43.8% of   27.25MiB at    3.37MiB/s ETA 00:04
[download]  51.2% of   27.25MiB at    3.53MiB/s ETA 00:03
[download]  64.8% of   27.25MiB at    4.61MiB/s ETA 00:02
[download]  71.4% of   27.25MiB at    4.86MiB/s ETA 00:01
[download]  71.4% of   27.25MiB at  348.48KiB/s ETA 00:23
[download]  71.4% of   27.25MiB at    1.71MiB/s ETA 00:04
[download]  71.4% of   27.25MiB at    1.46MiB/s ETA 00:05
[download]  71.5% of   27.25MiB at    2.24MiB/s ETA 00:03
[download]  71.6% of   27.25MiB at    3.13MiB/s ETA 00:02
[download]  71.8% of   27.25MiB at    4.74MiB/s ETA 00:01
[download]  72.3% of   27.25MiB at    4.90MiB/s ETA 00:01
[download]  73.2% of   27.25MiB at    5.04MiB/s ETA 00:01
[download]  75.0% of   27.25MiB at    5.67MiB/s ETA 00:01
[download]  78.7% of   27.25MiB at    1.84MiB/s ETA 00:03
[download]  82.8% of   27.25MiB at    2.40MiB/s ETA 00:01
[download]  90.8% of   27.25MiB at    2.97MiB/s ETA 00:00
[download] 100.0% of   27.25MiB at    3.23MiB/s ETA 00:00
[download] 100% of   27.25MiB in 00:00:08 at 3.14MiB/s
[ExtractAudio] Destination: Japanese Talks/Hope invites ｜ Tsutomu Uematsu ｜ TEDx
Sapporo.wav
Deleting original file Japanese Talks/Hope invites ｜ Tsutomu Uematsu ｜ TEDxSappo
ro.mp4 (pass -k to keep)
[download] Downloading item 3 of 10
[youtube] Extracting URL: https://www.youtube.com/watch?v=LeBKBFAPwNc
[youtube] LeBKBFAPwNc: Downloading webpage
[youtube] LeBKBFAPwNc: Downloading android player API JSON
[youtube] LeBKBFAPwNc: Downloading web client config
[youtube] LeBKBFAPwNc: Downloading web player API JSON
WARNING: [youtube] LeBKBFAPwNc: Some android client https formats have been skip
ped as they are missing a URL. YouTube may have enabled the SABR-only streaming
experiment for the current session. See  https://github.com/yt-dlp/yt-dlp/issues
/12482  for more details
[info] LeBKBFAPwNc: Downloading subtitles: en, ja
[info] LeBKBFAPwNc: Downloading 1 format(s): 18
[info] Writing video subtitles to: Japanese Talks/Why I love a country that once
 betrayed me ｜ George Takei.en.vtt
WARNING: The extractor specified to use impersonation for this download, but no
impersonate target is available. If you encounter errors, then see  https://gith
ub.com/yt-dlp/yt-dlp#impersonation  for information on installing the required d
ependencies
[download] Destination: Japanese Talks/Why I love a country that once betrayed m
e ｜ George Takei.en.vtt
[download]    7.00KiB at    2.86MiB/s (00:00:00)
[download]   15.00KiB at    1.51MiB/s (00:00:00)
[download]   19.22KiB at  413.38KiB/s (00:00:00)
[download] 100% of   19.22KiB in 00:00:00 at 35.06KiB/s
[info] Writing video subtitles to: Japanese Talks/Why I love a country that once
 betrayed me ｜ George Takei.ja.vtt
WARNING: The extractor specified to use impersonation for this download, but no
impersonate target is available. If you encounter errors, then see  https://gith
ub.com/yt-dlp/yt-dlp#impersonation  for information on installing the required d
ependencies
[download] Destination: Japanese Talks/Why I love a country that once betrayed m
e ｜ George Takei.ja.vtt
[download]    3.00KiB at    2.53MiB/s (00:00:00)
[download]    7.00KiB at  136.96KiB/s (00:00:00)
[download] 100% of   26.51KiB in 00:00:00 at 51.70KiB/s
[SubtitlesConvertor] Converting subtitles
Deleting original file Japanese Talks/Why I love a country that once betrayed me
 ｜ George Takei.en.vtt (pass -k to keep)
Deleting original file Japanese Talks/Why I love a country that once betrayed me
 ｜ George Takei.ja.vtt (pass -k to keep)
[download] Destination: Japanese Talks/Why I love a country that once betrayed m
e ｜ George Takei.mp4
[download]   0.1% of   21.86MiB at    7.97MiB/s ETA 00:02
[download]   0.1% of   21.86MiB at    2.28MiB/s ETA 00:09
[download]   0.3% of   21.86MiB at    2.54MiB/s ETA 00:08
[download]   0.6% of   21.86MiB at    3.41MiB/s ETA 00:06
[download]   1.1% of   21.86MiB at    4.36MiB/s ETA 00:04
[download]   2.3% of   21.86MiB at    2.10MiB/s ETA 00:10
[download]   4.6% of   21.86MiB at    3.18MiB/s ETA 00:06
[download]   9.1% of   21.86MiB at    4.00MiB/s ETA 00:04
[download]  18.3% of   21.86MiB at    4.70MiB/s ETA 00:03
[download]  36.6% of   21.86MiB at    4.52MiB/s ETA 00:03
[download]  43.9% of   21.86MiB at    4.77MiB/s ETA 00:02
[download]  44.0% of   21.86MiB at  160.83KiB/s ETA 01:18
[download]  44.0% of   21.86MiB at  936.98KiB/s ETA 00:13
[download]  44.0% of   21.86MiB at  112.98KiB/s ETA 01:50
[download]  44.1% of   21.86MiB at  176.26KiB/s ETA 01:11
[download]  44.2% of   21.86MiB at  217.98KiB/s ETA 00:57
[download]  44.5% of   21.86MiB at  309.76KiB/s ETA 00:40
[download]  45.1% of   21.86MiB at  454.31KiB/s ETA 00:27
[download]  46.2% of   21.86MiB at  699.22KiB/s ETA 00:17
[download]  48.5% of   21.86MiB at  972.17KiB/s ETA 00:11
[download]  53.1% of   21.86MiB at    1.50MiB/s ETA 00:06
[download]  62.2% of   21.86MiB at    2.21MiB/s ETA 00:03
[download]  80.5% of   21.86MiB at    3.36MiB/s ETA 00:01
[download]  87.8% of   21.86MiB at    3.49MiB/s ETA 00:00
[download]  87.8% of   21.86MiB at  Unknown B/s ETA Unknown
[download]  87.8% of   21.86MiB at    4.80MiB/s ETA 00:00
[download]  87.9% of   21.86MiB at    4.40MiB/s ETA 00:00
[download]  88.1% of   21.86MiB at    4.55MiB/s ETA 00:00
[download]  88.3% of   21.86MiB at    5.89MiB/s ETA 00:00
[download]  88.9% of   21.86MiB at    5.65MiB/s ETA 00:00
[download]  90.1% of   21.86MiB at    4.43MiB/s ETA 00:00
[download]  92.3% of   21.86MiB at    3.72MiB/s ETA 00:00
[download]  96.9% of   21.86MiB at    4.58MiB/s ETA 00:00
[download] 100.0% of   21.86MiB at    5.11MiB/s ETA 00:00
[download] 100% of   21.86MiB in 00:00:07 at 2.78MiB/s
[ExtractAudio] Destination: Japanese Talks/Why I love a country that once betray
ed me ｜ George Takei.wav
Deleting original file Japanese Talks/Why I love a country that once betrayed me
 ｜ George Takei.mp4 (pass -k to keep)
[download] Downloading item 4 of 10
[youtube] Extracting URL: https://www.youtube.com/watch?v=cjtmDEG-B7U
[youtube] cjtmDEG-B7U: Downloading webpage
[youtube] cjtmDEG-B7U: Downloading android player API JSON
[youtube] cjtmDEG-B7U: Downloading web client config
[youtube] cjtmDEG-B7U: Downloading web player API JSON
WARNING: [youtube] cjtmDEG-B7U: Some android client https formats have been skip
ped as they are missing a URL. YouTube may have enabled the SABR-only streaming
experiment for the current session. See  https://github.com/yt-dlp/yt-dlp/issues
/12482  for more details
[info] cjtmDEG-B7U: Downloading subtitles: ja
[info] cjtmDEG-B7U: Downloading 1 format(s): 18
[info] Writing video subtitles to: Japanese Talks/人生の価値は、何を得るかではなく、何を残すかにある。 ｜ K
azunari Taguchi ｜ TEDxHimi.ja.vtt
WARNING: The extractor specified to use impersonation for this download, but no
impersonate target is available. If you encounter errors, then see  https://gith
ub.com/yt-dlp/yt-dlp#impersonation  for information on installing the required d
ependencies
[download] Destination: Japanese Talks/人生の価値は、何を得るかではなく、何を残すかにある。 ｜ Kazunari Tag
uchi ｜ TEDxHimi.ja.vtt
[download]    7.00KiB at    3.51MiB/s (00:00:00)
[download]   15.00KiB at    2.35MiB/s (00:00:00)
[download]   24.50KiB at  538.17KiB/s (00:00:00)
[download] 100% of   24.50KiB in 00:00:00 at 47.80KiB/s
[SubtitlesConvertor] Converting subtitles
Deleting original file Japanese Talks/人生の価値は、何を得るかではなく、何を残すかにある。 ｜ Kazunari Tagu
chi ｜ TEDxHimi.ja.vtt (pass -k to keep)
[download] Destination: Japanese Talks/人生の価値は、何を得るかではなく、何を残すかにある。 ｜ Kazunari Tag
uchi ｜ TEDxHimi.mp4
[download]   0.0% of   27.12MiB at    3.57MiB/s ETA 00:07
[download]   0.1% of   27.12MiB at   53.11KiB/s ETA 08:42
[download]   0.1% of   27.12MiB at   84.10KiB/s ETA 05:29
[download]   0.2% of   27.12MiB at  113.91KiB/s ETA 04:03
[download]   0.5% of   27.12MiB at  155.74KiB/s ETA 02:57
[download]   0.9% of   27.12MiB at  227.43KiB/s ETA 02:00
[download]   1.8% of   27.12MiB at  362.73KiB/s ETA 01:15
[download]   3.7% of   27.12MiB at  580.57KiB/s ETA 00:46
[download]   7.4% of   27.12MiB at  948.26KiB/s ETA 00:27
[download]  14.7% of   27.12MiB at    1.41MiB/s ETA 00:16
[download]  25.6% of   27.12MiB at    1.89MiB/s ETA 00:10
[download]  35.9% of   27.12MiB at    2.13MiB/s ETA 00:08
[download]  35.9% of   27.12MiB at  Unknown B/s ETA Unknown
[download]  35.9% of   27.12MiB at  406.28KiB/s ETA 00:43
[download]  36.0% of   27.12MiB at   56.66KiB/s ETA 05:13
[download]  36.0% of   27.12MiB at  100.39KiB/s ETA 02:57
[download]  36.1% of   27.12MiB at  108.23KiB/s ETA 02:43
[download]  36.4% of   27.12MiB at  151.72KiB/s ETA 01:56
[download]  36.8% of   27.12MiB at  185.60KiB/s ETA 01:34
[download]  37.7% of   27.12MiB at  294.71KiB/s ETA 00:58
[download]  39.4% of   27.12MiB at  479.07KiB/s ETA 00:35
[download]  42.8% of   27.12MiB at  797.22KiB/s ETA 00:19
[download]  49.7% of   27.12MiB at    1.15MiB/s ETA 00:11
[download]  57.8% of   27.12MiB at    1.40MiB/s ETA 00:08
[download]  66.0% of   27.12MiB at    1.63MiB/s ETA 00:05
[download]  72.2% of   27.12MiB at    1.56MiB/s ETA 00:04
[download]  72.2% of   27.12MiB at  Unknown B/s ETA Unknown
[download]  72.2% of   27.12MiB at    8.59KiB/s ETA 14:58
[download]  72.3% of   27.12MiB at   88.13KiB/s ETA 01:27
[download]  72.4% of   27.12MiB at   84.27KiB/s ETA 01:30
[download]  72.7% of   27.12MiB at   77.67KiB/s ETA 01:37
[download]  72.9% of   27.12MiB at   63.64KiB/s ETA 01:58
[download]  73.1% of   27.12MiB at   62.23KiB/s ETA 02:00
[download]  73.3% of   27.12MiB at   61.74KiB/s ETA 02:00
[download]  73.5% of   27.12MiB at   61.58KiB/s ETA 01:59
[download]  73.7% of   27.12MiB at   63.52KiB/s ETA 01:54
[download]  74.0% of   27.12MiB at   66.63KiB/s ETA 01:48
[download]  74.3% of   27.12MiB at   71.85KiB/s ETA 01:39
[download]  74.8% of   27.12MiB at   80.16KiB/s ETA 01:27
[download]  75.4% of   27.12MiB at   92.25KiB/s ETA 01:13
[download]  76.3% of   27.12MiB at  109.25KiB/s ETA 01:00
[download]  77.5% of   27.12MiB at  125.98KiB/s ETA 00:49
[download]  78.5% of   27.12MiB at  140.47KiB/s ETA 00:42
[download]  79.9% of   27.12MiB at  158.94KiB/s ETA 00:35
[download]  81.2% of   27.12MiB at  174.68KiB/s ETA 00:29
[download]  82.7% of   27.12MiB at  193.87KiB/s ETA 00:24
[download]  84.8% of   27.12MiB at  219.53KiB/s ETA 00:19
[download]  87.2% of   27.12MiB at  250.38KiB/s ETA 00:14
[download]  90.8% of   27.12MiB at  298.34KiB/s ETA 00:08
[download]  95.9% of   27.12MiB at  353.41KiB/s ETA 00:03
[download]  99.8% of   27.12MiB at  402.23KiB/s ETA 00:00
[download] 100.0% of   27.12MiB at  404.08KiB/s ETA 00:00
[download] 100% of   27.12MiB in 00:00:36 at 758.32KiB/s
[ExtractAudio] Destination: Japanese Talks/人生の価値は、何を得るかではなく、何を残すかにある。 ｜ Kazunari
 Taguchi ｜ TEDxHimi.wav
Deleting original file Japanese Talks/人生の価値は、何を得るかではなく、何を残すかにある。 ｜ Kazunari Tagu
chi ｜ TEDxHimi.mp4 (pass -k to keep)
[download] Downloading item 5 of 10
[youtube] Extracting URL: https://www.youtube.com/watch?v=pk-PcJS2QaU
[youtube] pk-PcJS2QaU: Downloading webpage
[youtube] pk-PcJS2QaU: Downloading android player API JSON
[youtube] pk-PcJS2QaU: Downloading web client config
[youtube] pk-PcJS2QaU: Downloading web player API JSON
WARNING: [youtube] pk-PcJS2QaU: Some android client https formats have been skip
ped as they are missing a URL. YouTube may have enabled the SABR-only streaming
experiment for the current session. See  https://github.com/yt-dlp/yt-dlp/issues
/12482  for more details
[info] pk-PcJS2QaU: Downloading 1 format(s): 18
[info] There are no subtitles for the requested languages
[SubtitlesConvertor] There aren't any subtitles to convert
[download] Destination: Japanese Talks/How to Ikigai ｜ Tim Tamashiro ｜ TEDxYYC.m
p4
[download]   0.1% of   21.61MiB at    2.59MiB/s ETA 00:08
[download]   0.1% of   21.61MiB at    2.34MiB/s ETA 00:09
[download]   0.3% of   21.61MiB at    3.80MiB/s ETA 00:05
[download]   0.6% of   21.61MiB at    3.72MiB/s ETA 00:05
[download]   1.2% of   21.61MiB at    4.94MiB/s ETA 00:04
[download]   2.3% of   21.61MiB at    1.93MiB/s ETA 00:10
[download]   4.6% of   21.61MiB at    3.03MiB/s ETA 00:06
[download]   9.2% of   21.61MiB at    4.15MiB/s ETA 00:04
[download]  18.5% of   21.61MiB at    4.22MiB/s ETA 00:04
[download]  37.0% of   21.61MiB at    4.56MiB/s ETA 00:02
[download]  46.2% of   21.61MiB at    4.71MiB/s ETA 00:02
[download]  46.2% of   21.61MiB at  323.01KiB/s ETA 00:37
[download]  46.3% of   21.61MiB at    2.75MiB/s ETA 00:04
[download]  46.4% of   21.61MiB at    3.18MiB/s ETA 00:03
[download]  46.5% of   21.61MiB at    3.76MiB/s ETA 00:03
[download]  46.8% of   21.61MiB at    4.68MiB/s ETA 00:02
[download]  47.4% of   21.61MiB at    4.44MiB/s ETA 00:02
[download]  48.6% of   21.61MiB at    3.91MiB/s ETA 00:02
[download]  50.9% of   21.61MiB at    4.58MiB/s ETA 00:02
[download]  55.5% of   21.61MiB at    3.56MiB/s ETA 00:02
[download]  64.7% of   21.61MiB at    4.08MiB/s ETA 00:01
[download]  83.3% of   21.61MiB at    4.96MiB/s ETA 00:00
[download]  91.6% of   21.61MiB at    4.99MiB/s ETA 00:00
[download]  91.6% of   21.61MiB at   49.92KiB/s ETA 00:37
[download]  91.6% of   21.61MiB at  329.26KiB/s ETA 00:05
[download]  91.7% of   21.61MiB at  660.74KiB/s ETA 00:02
[download]  91.7% of   21.61MiB at    1.00MiB/s ETA 00:01
[download]  91.9% of   21.61MiB at    1.41MiB/s ETA 00:01
[download]  92.2% of   21.61MiB at    1.85MiB/s ETA 00:00
[download]  92.8% of   21.61MiB at    2.90MiB/s ETA 00:00
[download]  93.9% of   21.61MiB at    3.33MiB/s ETA 00:00
[download]  96.2% of   21.61MiB at    4.67MiB/s ETA 00:00
[download] 100.0% of   21.61MiB at    5.26MiB/s ETA 00:00
[download] 100% of   21.61MiB in 00:00:05 at 3.63MiB/s
[ExtractAudio] Destination: Japanese Talks/How to Ikigai ｜ Tim Tamashiro ｜ TEDxY
YC.wav
Deleting original file Japanese Talks/How to Ikigai ｜ Tim Tamashiro ｜ TEDxYYC.mp
4 (pass -k to keep)
[download] Downloading item 6 of 10
[youtube] Extracting URL: https://www.youtube.com/watch?v=o_XVt5rdpFY
[youtube] o_XVt5rdpFY: Downloading webpage
[youtube] o_XVt5rdpFY: Downloading android player API JSON
[youtube] o_XVt5rdpFY: Downloading web client config
[youtube] o_XVt5rdpFY: Downloading web player API JSON
WARNING: [youtube] o_XVt5rdpFY: Some android client https formats have been skip
ped as they are missing a URL. YouTube may have enabled the SABR-only streaming
experiment for the current session. See  https://github.com/yt-dlp/yt-dlp/issues
/12482  for more details
[info] o_XVt5rdpFY: Downloading subtitles: en, ja
[info] o_XVt5rdpFY: Downloading 1 format(s): 18
[info] Writing video subtitles to: Japanese Talks/The secrets of learning a new
language ｜ Lýdia Machová ｜ TED.en.vtt
WARNING: The extractor specified to use impersonation for this download, but no
impersonate target is available. If you encounter errors, then see  https://gith
ub.com/yt-dlp/yt-dlp#impersonation  for information on installing the required d
ependencies
[download] Destination: Japanese Talks/The secrets of learning a new language ｜
Lýdia Machová ｜ TED.en.vtt
[download]    7.00KiB at    3.53MiB/s (00:00:00)
[download]   15.00KiB at    1.46MiB/s (00:00:00)
[download]   16.85KiB at    1.02MiB/s (00:00:00)
[download] 100% of   16.85KiB in 00:00:00 at 41.36KiB/s
[info] Writing video subtitles to: Japanese Talks/The secrets of learning a new
language ｜ Lýdia Machová ｜ TED.ja.vtt
WARNING: The extractor specified to use impersonation for this download, but no
impersonate target is available. If you encounter errors, then see  https://gith
ub.com/yt-dlp/yt-dlp#impersonation  for information on installing the required d
ependencies
[download] Destination: Japanese Talks/The secrets of learning a new language ｜
Lýdia Machová ｜ TED.ja.vtt
[download]    7.00KiB at    3.49MiB/s (00:00:00)
[download]   15.00KiB at    1.53MiB/s (00:00:00)
[download]   18.08KiB at  431.60KiB/s (00:00:00)
[download] 100% of   18.08KiB in 00:00:00 at 39.05KiB/s
[SubtitlesConvertor] Converting subtitles
Deleting original file Japanese Talks/The secrets of learning a new language ｜ L
ýdia Machová ｜ TED.en.vtt (pass -k to keep)
Deleting original file Japanese Talks/The secrets of learning a new language ｜ L
ýdia Machová ｜ TED.ja.vtt (pass -k to keep)
[download] Destination: Japanese Talks/The secrets of learning a new language ｜
Lýdia Machová ｜ TED.mp4
[download]   0.0% of   14.81MiB at    2.87MiB/s ETA 00:05
[download]   0.0% of   14.81MiB at    1.07MiB/s ETA 00:13
[download]   0.1% of   14.81MiB at    2.05MiB/s ETA 00:07
[download]   0.2% of   14.81MiB at    3.00MiB/s ETA 00:04
[download]   0.4% of   14.81MiB at    3.64MiB/s ETA 00:04
[download]   0.8% of   14.81MiB at    4.67MiB/s ETA 00:03
[download]   1.7% of   14.81MiB at    3.01MiB/s ETA 00:04
[download]   3.4% of   14.81MiB at    4.04MiB/s ETA 00:03
[download]   6.7% of   14.81MiB at    4.01MiB/s ETA 00:03
[download]  13.5% of   14.81MiB at    4.89MiB/s ETA 00:02
[download]  27.0% of   14.81MiB at    4.97MiB/s ETA 00:02
[download]  54.0% of   14.81MiB at    5.37MiB/s ETA 00:01
[download]  66.7% of   14.81MiB at    5.59MiB/s ETA 00:00
[download]  66.8% of   14.81MiB at  320.96KiB/s ETA 00:15
[download]  66.8% of   14.81MiB at    3.02MiB/s ETA 00:01
[download]  66.9% of   14.81MiB at    2.88MiB/s ETA 00:01
[download]  67.2% of   14.81MiB at    3.69MiB/s ETA 00:01
[download]  67.6% of   14.81MiB at    4.55MiB/s ETA 00:01
[download]  68.4% of   14.81MiB at    4.90MiB/s ETA 00:00
[download]  70.1% of   14.81MiB at    4.69MiB/s ETA 00:00
[download]  73.5% of   14.81MiB at    5.66MiB/s ETA 00:00
[download]  80.2% of   14.81MiB at    6.15MiB/s ETA 00:00
[download]  93.7% of   14.81MiB at    5.84MiB/s ETA 00:00
[download] 100.0% of   14.81MiB at    6.30MiB/s ETA 00:00
[download] 100% of   14.81MiB in 00:00:02 at 5.37MiB/s
[ExtractAudio] Destination: Japanese Talks/The secrets of learning a new languag
e ｜ Lýdia Machová ｜ TED.wav
Deleting original file Japanese Talks/The secrets of learning a new language ｜ L
ýdia Machová ｜ TED.mp4 (pass -k to keep)
[download] Downloading item 7 of 10
[youtube] Extracting URL: https://www.youtube.com/watch?v=KTGaKZaN6F4
[youtube] KTGaKZaN6F4: Downloading webpage
[youtube] KTGaKZaN6F4: Downloading android player API JSON
[youtube] KTGaKZaN6F4: Downloading web client config
[youtube] KTGaKZaN6F4: Downloading web player API JSON
WARNING: [youtube] KTGaKZaN6F4: Some android client https formats have been skip
ped as they are missing a URL. YouTube may have enabled the SABR-only streaming
experiment for the current session. See  https://github.com/yt-dlp/yt-dlp/issues
/12482  for more details
[info] KTGaKZaN6F4: Downloading 1 format(s): 18
[info] There are no subtitles for the requested languages
[SubtitlesConvertor] There aren't any subtitles to convert
[download] Destination: Japanese Talks/バイリンガルになる6分間 Becoming bilingual in 6 minu
tes ｜ 小熊 弥生 ｜ Yayoi Oguma ｜ TEDxFukuoka.mp4
[download]   0.0% of   12.39MiB at  Unknown B/s ETA Unknown
[download]   0.1% of   12.39MiB at   55.24KiB/s ETA 03:49
[download]   0.1% of   12.39MiB at  117.31KiB/s ETA 01:48
[download]   0.2% of   12.39MiB at  173.76KiB/s ETA 01:12
[download]   0.5% of   12.39MiB at  210.85KiB/s ETA 00:59
[download]   1.0% of   12.39MiB at  302.54KiB/s ETA 00:41
[download]   2.0% of   12.39MiB at  470.19KiB/s ETA 00:26
[download]   4.0% of   12.39MiB at  713.81KiB/s ETA 00:17
[download]   8.1% of   12.39MiB at    1.14MiB/s ETA 00:09
[download]  16.1% of   12.39MiB at    1.43MiB/s ETA 00:07
[download]  31.6% of   12.39MiB at    2.39MiB/s ETA 00:03
[download]  62.5% of   12.39MiB at    3.23MiB/s ETA 00:01
[download]  77.8% of   12.39MiB at    3.32MiB/s ETA 00:00
[download]  77.8% of   12.39MiB at  343.96KiB/s ETA 00:08
[download]  77.9% of   12.39MiB at    3.01MiB/s ETA 00:00
[download]  78.1% of   12.39MiB at  155.28KiB/s ETA 00:17
[download]  78.3% of   12.39MiB at  183.55KiB/s ETA 00:14
[download]  78.8% of   12.39MiB at  271.09KiB/s ETA 00:09
[download]  79.8% of   12.39MiB at  403.45KiB/s ETA 00:06
[download]  81.8% of   12.39MiB at  641.32KiB/s ETA 00:03
[download]  85.9% of   12.39MiB at    1.04MiB/s ETA 00:01
[download]  93.9% of   12.39MiB at    1.75MiB/s ETA 00:00
[download] 100.0% of   12.39MiB at    1.85MiB/s ETA 00:00
[download] 100% of   12.39MiB in 00:00:06 at 1.90MiB/s
[ExtractAudio] Destination: Japanese Talks/バイリンガルになる6分間 Becoming bilingual in 6
minutes ｜ 小熊 弥生 ｜ Yayoi Oguma ｜ TEDxFukuoka.wav
Deleting original file Japanese Talks/バイリンガルになる6分間 Becoming bilingual in 6 minut
es ｜ 小熊 弥生 ｜ Yayoi Oguma ｜ TEDxFukuoka.mp4 (pass -k to keep)
[download] Downloading item 8 of 10
[youtube] Extracting URL: https://www.youtube.com/watch?v=alM-g--UJt4
[youtube] alM-g--UJt4: Downloading webpage
[youtube] alM-g--UJt4: Downloading android player API JSON
[youtube] alM-g--UJt4: Downloading web client config
[youtube] alM-g--UJt4: Downloading web player API JSON
WARNING: [youtube] alM-g--UJt4: Some android client https formats have been skip
ped as they are missing a URL. YouTube may have enabled the SABR-only streaming
experiment for the current session. See  https://github.com/yt-dlp/yt-dlp/issues
/12482  for more details
[info] alM-g--UJt4: Downloading subtitles: en, ja
[info] alM-g--UJt4: Downloading 1 format(s): 18
[info] Writing video subtitles to: Japanese Talks/受け入れるという生き方 ｜ 佐々木 美和 ｜ TEDxNag
oyaU.en.vtt
WARNING: The extractor specified to use impersonation for this download, but no
impersonate target is available. If you encounter errors, then see  https://gith
ub.com/yt-dlp/yt-dlp#impersonation  for information on installing the required d
ependencies
[download] Destination: Japanese Talks/受け入れるという生き方 ｜ 佐々木 美和 ｜ TEDxNagoyaU.en.vtt
[download]    7.00KiB at    1.94MiB/s (00:00:00)
[download]   15.00KiB at    1.10MiB/s (00:00:00)
[download]   19.10KiB at  425.03KiB/s (00:00:00)
[download] 100% of   19.10KiB in 00:00:00 at 26.51KiB/s
[info] Writing video subtitles to: Japanese Talks/受け入れるという生き方 ｜ 佐々木 美和 ｜ TEDxNag
oyaU.ja.vtt
WARNING: The extractor specified to use impersonation for this download, but no
impersonate target is available. If you encounter errors, then see  https://gith
ub.com/yt-dlp/yt-dlp#impersonation  for information on installing the required d
ependencies
[download] Destination: Japanese Talks/受け入れるという生き方 ｜ 佐々木 美和 ｜ TEDxNagoyaU.ja.vtt
[download]    7.00KiB at    5.11MiB/s (00:00:00)
[download]   15.00KiB at    2.28MiB/s (00:00:00)
[download]   23.87KiB at  499.19KiB/s (00:00:00)
[download] 100% of   23.87KiB in 00:00:00 at 48.04KiB/s
[SubtitlesConvertor] Converting subtitles
Deleting original file Japanese Talks/受け入れるという生き方 ｜ 佐々木 美和 ｜ TEDxNagoyaU.en.vtt
(pass -k to keep)
Deleting original file Japanese Talks/受け入れるという生き方 ｜ 佐々木 美和 ｜ TEDxNagoyaU.ja.vtt
(pass -k to keep)
[download] Destination: Japanese Talks/受け入れるという生き方 ｜ 佐々木 美和 ｜ TEDxNagoyaU.mp4
[download]   0.0% of   42.39MiB at  126.84KiB/s ETA 05:42
[download]   0.0% of   42.39MiB at   80.23KiB/s ETA 09:00
[download]   0.1% of   42.39MiB at  147.58KiB/s ETA 04:53
[download]   0.1% of   42.39MiB at  204.49KiB/s ETA 03:31
[download]   0.3% of   42.39MiB at  231.30KiB/s ETA 03:07
[download]   0.6% of   42.39MiB at  370.96KiB/s ETA 01:56
[download]   1.2% of   42.39MiB at  483.34KiB/s ETA 01:28
[download]   2.4% of   42.39MiB at  899.50KiB/s ETA 00:47
[download]   4.7% of   42.39MiB at    1.05MiB/s ETA 00:38
[download]   7.8% of   42.39MiB at  970.62KiB/s ETA 00:41
[download]   9.8% of   42.39MiB at  872.20KiB/s ETA 00:44
[download]  11.2% of   42.39MiB at  680.59KiB/s ETA 00:56
[download]  11.9% of   42.39MiB at  577.43KiB/s ETA 01:06
[download]  12.3% of   42.39MiB at  515.26KiB/s ETA 01:13
[download]  12.6% of   42.39MiB at  489.79KiB/s ETA 01:17
[download]  12.9% of   42.39MiB at  467.39KiB/s ETA 01:20
[download]  13.3% of   42.39MiB at  455.03KiB/s ETA 01:22
[download]  13.9% of   42.39MiB at  454.93KiB/s ETA 01:22
[download]  15.0% of   42.39MiB at  468.19KiB/s ETA 01:18
[download]  16.7% of   42.39MiB at  502.51KiB/s ETA 01:11
[download]  19.8% of   42.39MiB at  571.37KiB/s ETA 01:00
[download]  23.3% of   42.39MiB at  655.01KiB/s ETA 00:50
[download]  23.3% of   42.39MiB at  299.32KiB/s ETA 01:51
[download]  23.3% of   42.39MiB at  803.76KiB/s ETA 00:41
[download]  23.3% of   42.39MiB at  521.01KiB/s ETA 01:03
[download]  23.3% of   42.39MiB at    1.03MiB/s ETA 00:31
[download]  23.4% of   42.39MiB at  190.61KiB/s ETA 02:54
[download]  23.4% of   42.39MiB at  227.28KiB/s ETA 02:26
[download]  23.6% of   42.39MiB at  309.23KiB/s ETA 01:47
[download]  23.9% of   42.39MiB at  464.41KiB/s ETA 01:11
[download]  24.5% of   42.39MiB at  719.46KiB/s ETA 00:45
[download]  25.6% of   42.39MiB at    1.16MiB/s ETA 00:27
[download]  28.0% of   42.39MiB at    1.73MiB/s ETA 00:17
[download]  32.7% of   42.39MiB at    2.81MiB/s ETA 00:10
[download]  42.2% of   42.39MiB at    2.52MiB/s ETA 00:09
[download]  46.5% of   42.39MiB at    2.92MiB/s ETA 00:07
[download]  46.5% of   42.39MiB at  Unknown B/s ETA Unknown
[download]  46.5% of   42.39MiB at  211.19KiB/s ETA 01:49
[download]  46.5% of   42.39MiB at   56.58KiB/s ETA 06:50
[download]  46.6% of   42.39MiB at   90.19KiB/s ETA 04:17
[download]  46.6% of   42.39MiB at  107.92KiB/s ETA 03:34
[download]  46.8% of   42.39MiB at  155.49KiB/s ETA 02:28
[download]  47.1% of   42.39MiB at  228.92KiB/s ETA 01:40
[download]  47.7% of   42.39MiB at  365.65KiB/s ETA 01:02
[download]  48.9% of   42.39MiB at  602.11KiB/s ETA 00:36
[download]  51.2% of   42.39MiB at 1010.30KiB/s ETA 00:20
[download]  55.9% of   42.39MiB at    1.35MiB/s ETA 00:13
[download]  60.9% of   42.39MiB at    2.05MiB/s ETA 00:08
[download]  69.4% of   42.39MiB at    2.45MiB/s ETA 00:05
[download]  69.4% of   42.39MiB at  Unknown B/s ETA Unknown
[download]  69.4% of   42.39MiB at  126.90KiB/s ETA 01:44
[download]  69.4% of   42.39MiB at   49.82KiB/s ETA 04:26
[download]  69.4% of   42.39MiB at   92.88KiB/s ETA 02:22
[download]  69.5% of   42.39MiB at  111.76KiB/s ETA 01:58
[download]  69.6% of   42.39MiB at  139.14KiB/s ETA 01:34
[download]  69.9% of   42.39MiB at  201.41KiB/s ETA 01:04
[download]  70.5% of   42.39MiB at  318.99KiB/s ETA 00:40
[download]  71.7% of   42.39MiB at  510.55KiB/s ETA 00:24
[download]  74.1% of   42.39MiB at  867.08KiB/s ETA 00:12
[download]  78.8% of   42.39MiB at    1.46MiB/s ETA 00:06
[download]  88.2% of   42.39MiB at    2.14MiB/s ETA 00:02
[download]  92.4% of   42.39MiB at    2.41MiB/s ETA 00:01
[download]  92.4% of   42.39MiB at  Unknown B/s ETA Unknown
[download]  92.5% of   42.39MiB at    4.46MiB/s ETA 00:00
[download]  92.5% of   42.39MiB at    3.13MiB/s ETA 00:01
[download]  92.6% of   42.39MiB at    4.79MiB/s ETA 00:00
[download]  92.7% of   42.39MiB at    5.34MiB/s ETA 00:00
[download]  93.0% of   42.39MiB at    3.28MiB/s ETA 00:00
[download]  93.6% of   42.39MiB at    4.68MiB/s ETA 00:00
[download]  94.8% of   42.39MiB at    5.11MiB/s ETA 00:00
[download]  97.2% of   42.39MiB at    5.82MiB/s ETA 00:00
[download] 100.0% of   42.39MiB at    5.14MiB/s ETA 00:00
[download] 100% of   42.39MiB in 00:00:34 at 1.23MiB/s
[ExtractAudio] Destination: Japanese Talks/受け入れるという生き方 ｜ 佐々木 美和 ｜ TEDxNagoyaU.wa
v
Deleting original file Japanese Talks/受け入れるという生き方 ｜ 佐々木 美和 ｜ TEDxNagoyaU.mp4 (pa
ss -k to keep)
[download] Downloading item 9 of 10
[youtube] Extracting URL: https://www.youtube.com/watch?v=J4-C4l-iW10
[youtube] J4-C4l-iW10: Downloading webpage
[youtube] J4-C4l-iW10: Downloading android player API JSON
[youtube] J4-C4l-iW10: Downloading web client config
[youtube] J4-C4l-iW10: Downloading web player API JSON
WARNING: [youtube] J4-C4l-iW10: Some android client https formats have been skip
ped as they are missing a URL. YouTube may have enabled the SABR-only streaming
experiment for the current session. See  https://github.com/yt-dlp/yt-dlp/issues
/12482  for more details
[info] J4-C4l-iW10: Downloading 1 format(s): 18
[info] There are no subtitles for the requested languages
[SubtitlesConvertor] There aren't any subtitles to convert
[download] Destination: Japanese Talks/日本人史上4人目のTED登壇者、285億調達ベンチャー・オイシイファームCEO【ビ
ジネス英語】【英語スピーチ】.mp4
[download]   0.1% of   17.54MiB at    2.58MiB/s ETA 00:06
[download]   0.2% of   17.54MiB at    2.24MiB/s ETA 00:07
[download]   0.4% of   17.54MiB at    3.75MiB/s ETA 00:04
[download]   0.7% of   17.54MiB at    2.20MiB/s ETA 00:07
[download]   1.4% of   17.54MiB at   67.69KiB/s ETA 04:21
[download]   1.8% of   17.54MiB at   84.33KiB/s ETA 03:29
[download]   2.5% of   17.54MiB at  118.05KiB/s ETA 02:28
[download]   3.9% of   17.54MiB at  182.94KiB/s ETA 01:34
[download]   6.8% of   17.54MiB at  310.86KiB/s ETA 00:53
[download]  12.5% of   17.54MiB at  545.10KiB/s ETA 00:28
[download]  23.9% of   17.54MiB at  960.94KiB/s ETA 00:14
[download]  46.7% of   17.54MiB at    1.36MiB/s ETA 00:06
[download]  55.6% of   17.54MiB at    1.62MiB/s ETA 00:04
[download]  55.6% of   17.54MiB at  161.44KiB/s ETA 00:49
[download]  55.7% of   17.54MiB at    1.67MiB/s ETA 00:04
[download]  55.8% of   17.54MiB at    1.80MiB/s ETA 00:04
[download]  56.0% of   17.54MiB at    2.69MiB/s ETA 00:02
[download]  56.3% of   17.54MiB at    3.74MiB/s ETA 00:02
[download]  57.0% of   17.54MiB at    4.16MiB/s ETA 00:01
[download]  58.5% of   17.54MiB at    5.59MiB/s ETA 00:01
[download]  61.3% of   17.54MiB at    5.41MiB/s ETA 00:01
[download]  67.0% of   17.54MiB at    1.74MiB/s ETA 00:03
[download]  72.9% of   17.54MiB at    2.27MiB/s ETA 00:02
[download]  84.7% of   17.54MiB at    2.85MiB/s ETA 00:00
[download] 100.0% of   17.54MiB at    3.36MiB/s ETA 00:00
[download] 100% of   17.54MiB in 00:00:09 at 1.82MiB/s
[ExtractAudio] Destination: Japanese Talks/日本人史上4人目のTED登壇者、285億調達ベンチャー・オイシイファームC
EO【ビジネス英語】【英語スピーチ】.wav
Deleting original file Japanese Talks/日本人史上4人目のTED登壇者、285億調達ベンチャー・オイシイファームCEO【ビジ
ネス英語】【英語スピーチ】.mp4 (pass -k to keep)
[download] Downloading item 10 of 10
[youtube] Extracting URL: https://www.youtube.com/watch?v=RgtoZ2ue05w
[youtube] RgtoZ2ue05w: Downloading webpage
[youtube] RgtoZ2ue05w: Downloading android player API JSON
[youtube] RgtoZ2ue05w: Downloading web client config
[youtube] RgtoZ2ue05w: Downloading web player API JSON
WARNING: [youtube] RgtoZ2ue05w: Some android client https formats have been skip
ped as they are missing a URL. YouTube may have enabled the SABR-only streaming
experiment for the current session. See  https://github.com/yt-dlp/yt-dlp/issues
/12482  for more details
[info] RgtoZ2ue05w: Downloading subtitles: en, ja
[info] RgtoZ2ue05w: Downloading 1 format(s): 18
[info] Writing video subtitles to: Japanese Talks/The power of pride： George Tak
ei at TEDxKyoto.en.vtt
WARNING: The extractor specified to use impersonation for this download, but no
impersonate target is available. If you encounter errors, then see  https://gith
ub.com/yt-dlp/yt-dlp#impersonation  for information on installing the required d
ependencies
[download] Destination: Japanese Talks/The power of pride： George Takei at TEDxK
yoto.en.vtt
[download]    7.00KiB at    1.82MiB/s (00:00:00)
[download]   15.00KiB at  773.05KiB/s (00:00:00)
[download]   17.30KiB at  452.97KiB/s (00:00:00)
[download] 100% of   17.30KiB in 00:00:00 at 31.34KiB/s
[info] Writing video subtitles to: Japanese Talks/The power of pride： George Tak
ei at TEDxKyoto.ja.vtt
WARNING: The extractor specified to use impersonation for this download, but no
impersonate target is available. If you encounter errors, then see  https://gith
ub.com/yt-dlp/yt-dlp#impersonation  for information on installing the required d
ependencies
[download] Destination: Japanese Talks/The power of pride： George Takei at TEDxK
yoto.ja.vtt
[download]    3.00KiB at    1.95MiB/s (00:00:00)
[download]   15.00KiB at    3.94MiB/s (00:00:00)
[download]   19.44KiB at  322.98KiB/s (00:00:00)
[download] 100% of   19.44KiB in 00:00:00 at 38.00KiB/s
[SubtitlesConvertor] Converting subtitles
Deleting original file Japanese Talks/The power of pride： George Takei at TEDxKy
oto.en.vtt (pass -k to keep)
Deleting original file Japanese Talks/The power of pride： George Takei at TEDxKy
oto.ja.vtt (pass -k to keep)
[download] Destination: Japanese Talks/The power of pride： George Takei at TEDxK
yoto.mp4
[download]   0.1% of   29.19MiB at    6.24MiB/s ETA 00:04
[download]   0.1% of   29.19MiB at    2.22MiB/s ETA 00:13
[download]   0.2% of   29.19MiB at    3.07MiB/s ETA 00:09
[download]   0.4% of   29.19MiB at    4.18MiB/s ETA 00:06
[download]   0.9% of   29.19MiB at    4.59MiB/s ETA 00:06
[download]   1.7% of   29.19MiB at    4.73MiB/s ETA 00:06
[download]   3.4% of   29.19MiB at    5.44MiB/s ETA 00:05
[download]   6.8% of   29.19MiB at    5.21MiB/s ETA 00:05
[download]  13.7% of   29.19MiB at    4.98MiB/s ETA 00:05
[download]  27.4% of   29.19MiB at    4.88MiB/s ETA 00:04
[download]  32.6% of   29.19MiB at    3.62MiB/s ETA 00:05
[download]  32.6% of   29.19MiB at  332.72KiB/s ETA 01:00
[download]  32.6% of   29.19MiB at  876.61KiB/s ETA 00:22
[download]  32.6% of   29.19MiB at  225.28KiB/s ETA 01:29
[download]  32.7% of   29.19MiB at   55.92KiB/s ETA 05:59
[download]  32.7% of   29.19MiB at   95.25KiB/s ETA 03:31
[download]  32.8% of   29.19MiB at  110.67KiB/s ETA 03:01
[download]  33.0% of   29.19MiB at  154.09KiB/s ETA 02:09
[download]  33.5% of   29.19MiB at  226.94KiB/s ETA 01:27
[download]  34.3% of   29.19MiB at  368.34KiB/s ETA 00:53
[download]  36.0% of   29.19MiB at  598.57KiB/s ETA 00:31
[download]  39.5% of   29.19MiB at 1012.35KiB/s ETA 00:17
[download]  46.3% of   29.19MiB at    1.52MiB/s ETA 00:10
[download]  57.7% of   29.19MiB at    2.27MiB/s ETA 00:05
[download]  66.6% of   29.19MiB at    2.90MiB/s ETA 00:03
[download]  66.6% of   29.19MiB at   88.45KiB/s ETA 01:52
[download]  66.6% of   29.19MiB at  198.31KiB/s ETA 00:50
[download]  66.6% of   29.19MiB at   57.11KiB/s ETA 02:54
[download]  66.7% of   29.19MiB at   86.73KiB/s ETA 01:54
[download]  66.8% of   29.19MiB at  111.46KiB/s ETA 01:29
[download]  67.0% of   29.19MiB at  158.01KiB/s ETA 01:02
[download]  67.4% of   29.19MiB at  233.41KiB/s ETA 00:41
[download]  68.3% of   29.19MiB at  353.44KiB/s ETA 00:26
[download]  70.0% of   29.19MiB at  558.82KiB/s ETA 00:16
[download]  73.4% of   29.19MiB at  942.91KiB/s ETA 00:08
[download]  80.3% of   29.19MiB at    1.59MiB/s ETA 00:03
[download]  94.0% of   29.19MiB at    2.28MiB/s ETA 00:00
[download]  99.4% of   29.19MiB at    2.71MiB/s ETA 00:00
[download]  99.4% of   29.19MiB at  324.39KiB/s ETA 00:00
[download]  99.4% of   29.19MiB at  826.14KiB/s ETA 00:00
[download]  99.4% of   29.19MiB at  709.11KiB/s ETA 00:00
[download]  99.4% of   29.19MiB at    1.38MiB/s ETA 00:00
[download]  99.5% of   29.19MiB at    2.26MiB/s ETA 00:00
[download]  99.6% of   29.19MiB at    2.56MiB/s ETA 00:00
[download]  99.8% of   29.19MiB at    3.32MiB/s ETA 00:00
[download] 100.0% of   29.19MiB at    4.44MiB/s ETA 00:00
[download] 100% of   29.19MiB in 00:00:16 at 1.79MiB/s
[ExtractAudio] Destination: Japanese Talks/The power of pride： George Takei at T
EDxKyoto.wav
Deleting original file Japanese Talks/The power of pride： George Takei at TEDxKy
oto.mp4 (pass -k to keep)
[download] Finished downloading playlist: TED talk in Japanese
----------------------------------------
Starting batch for: Turkish
Folder: Turkish Talks
Subtitles: en.*, tr.*
[youtube:search] Extracting URL: ytsearch10:TED talk in Turkish
[download] Downloading playlist: TED talk in Turkish
[youtube:search] query "TED talk in Turkish": Downloading web client config
[youtube:search] query "TED talk in Turkish" page 1: Downloading API JSON
[youtube:search] Playlist TED talk in Turkish: Downloading 10 items of 10
[download] Downloading item 1 of 10
[youtube] Extracting URL: https://www.youtube.com/watch?v=Pm8qYs8Kfcg
[youtube] Pm8qYs8Kfcg: Downloading webpage
[youtube] Pm8qYs8Kfcg: Downloading android player API JSON
[youtube] Pm8qYs8Kfcg: Downloading web client config
[youtube] Pm8qYs8Kfcg: Downloading web player API JSON
WARNING: [youtube] Pm8qYs8Kfcg: Some android client https formats have been skip
ped as they are missing a URL. YouTube may have enabled the SABR-only streaming
experiment for the current session. See  https://github.com/yt-dlp/yt-dlp/issues
/12482  for more details
[info] Pm8qYs8Kfcg: Downloading subtitles: tr
[info] Pm8qYs8Kfcg: Downloading 1 format(s): 18
[info] Writing video subtitles to: Turkish Talks/Hayatta Her Zaman Kazanmak İçin
 Ne Yapmalıyım？ ｜ Seçil Yurtseven ｜ TEDxErciyesKoleji.tr.vtt
WARNING: The extractor specified to use impersonation for this download, but no
impersonate target is available. If you encounter errors, then see  https://gith
ub.com/yt-dlp/yt-dlp#impersonation  for information on installing the required d
ependencies
[download] Destination: Turkish Talks/Hayatta Her Zaman Kazanmak İçin Ne Yapmalı
yım？ ｜ Seçil Yurtseven ｜ TEDxErciyesKoleji.tr.vtt
[download]   15.00KiB at    1.14MiB/s (00:00:00)
[download]   17.76KiB at  375.31KiB/s (00:00:00)
[download] 100% of   17.76KiB in 00:00:00 at 35.29KiB/s
[SubtitlesConvertor] Converting subtitles
Deleting original file Turkish Talks/Hayatta Her Zaman Kazanmak İçin Ne Yapmalıy
ım？ ｜ Seçil Yurtseven ｜ TEDxErciyesKoleji.tr.vtt (pass -k to keep)
[download] Destination: Turkish Talks/Hayatta Her Zaman Kazanmak İçin Ne Yapmalı
yım？ ｜ Seçil Yurtseven ｜ TEDxErciyesKoleji.mp4
[download]   0.0% of   38.05MiB at    1.38MiB/s ETA 00:27
[download]   0.0% of   38.05MiB at  109.32KiB/s ETA 05:56
[download]   0.1% of   38.05MiB at  177.36KiB/s ETA 03:39
[download]   0.2% of   38.05MiB at  236.91KiB/s ETA 02:44
[download]   0.3% of   38.05MiB at  301.83KiB/s ETA 02:08
[download]   0.7% of   38.05MiB at  462.12KiB/s ETA 01:23
[download]   1.3% of   38.05MiB at  730.85KiB/s ETA 00:52
[download]   2.6% of   38.05MiB at    1.15MiB/s ETA 00:32
[download]   5.3% of   38.05MiB at    1.73MiB/s ETA 00:20
[download]  10.5% of   38.05MiB at    2.80MiB/s ETA 00:12
[download]  21.0% of   38.05MiB at    3.68MiB/s ETA 00:08
[download]  26.0% of   38.05MiB at    4.12MiB/s ETA 00:06
[download]  26.0% of   38.05MiB at  305.46KiB/s ETA 01:35
[download]  26.0% of   38.05MiB at    1.53MiB/s ETA 00:18
[download]  26.0% of   38.05MiB at  553.30KiB/s ETA 00:52
[download]  26.0% of   38.05MiB at  195.43KiB/s ETA 02:27
[download]  26.1% of   38.05MiB at  218.43KiB/s ETA 02:11
[download]  26.3% of   38.05MiB at  309.57KiB/s ETA 01:32
[download]  26.6% of   38.05MiB at  458.00KiB/s ETA 01:02
[download]  27.3% of   38.05MiB at  718.67KiB/s ETA 00:39
[download]  28.6% of   38.05MiB at    1.15MiB/s ETA 00:23
[download]  31.2% of   38.05MiB at    1.94MiB/s ETA 00:13
[download]  36.5% of   38.05MiB at    2.57MiB/s ETA 00:09
[download]  46.5% of   38.05MiB at    3.86MiB/s ETA 00:05
[download]  52.2% of   38.05MiB at    4.21MiB/s ETA 00:04
[download]  52.2% of   38.05MiB at  341.42KiB/s ETA 00:54
[download]  52.2% of   38.05MiB at    1.48MiB/s ETA 00:12
[download]  52.3% of   38.05MiB at  493.98KiB/s ETA 00:37
[download]  52.3% of   38.05MiB at  205.18KiB/s ETA 01:30
[download]  52.4% of   38.05MiB at  235.89KiB/s ETA 01:18
[download]  52.6% of   38.05MiB at  313.48KiB/s ETA 00:58
[download]  52.9% of   38.05MiB at  467.33KiB/s ETA 00:39
[download]  53.5% of   38.05MiB at  733.70KiB/s ETA 00:24
[download]  54.9% of   38.05MiB at    1.16MiB/s ETA 00:14
[download]  57.5% of   38.05MiB at    1.91MiB/s ETA 00:08
[download]  62.7% of   38.05MiB at    2.61MiB/s ETA 00:05
[download]  73.3% of   38.05MiB at    3.87MiB/s ETA 00:02
[download]  78.2% of   38.05MiB at    4.18MiB/s ETA 00:01
[download]  78.2% of   38.05MiB at    5.92KiB/s ETA 23:56
[download]  78.2% of   38.05MiB at   41.12KiB/s ETA 03:26
[download]  78.2% of   38.05MiB at   85.07KiB/s ETA 01:39
[download]  78.2% of   38.05MiB at  106.11KiB/s ETA 01:19
[download]  78.3% of   38.05MiB at  176.10KiB/s ETA 00:47
[download]  78.5% of   38.05MiB at  258.80KiB/s ETA 00:32
[download]  78.8% of   38.05MiB at  330.59KiB/s ETA 00:24
[download]  79.5% of   38.05MiB at  645.44KiB/s ETA 00:12
[download]  80.8% of   38.05MiB at  794.20KiB/s ETA 00:09
[download]  83.4% of   38.05MiB at    1.51MiB/s ETA 00:04
[download]  88.7% of   38.05MiB at    1.81MiB/s ETA 00:02
[download]  94.6% of   38.05MiB at    2.07MiB/s ETA 00:00
[download] 100.0% of   38.05MiB at    2.27MiB/s ETA 00:00
[download] 100% of   38.05MiB in 00:00:13 at 2.91MiB/s
[ExtractAudio] Destination: Turkish Talks/Hayatta Her Zaman Kazanmak İçin Ne Yap
malıyım？ ｜ Seçil Yurtseven ｜ TEDxErciyesKoleji.wav
Deleting original file Turkish Talks/Hayatta Her Zaman Kazanmak İçin Ne Yapmalıy
ım？ ｜ Seçil Yurtseven ｜ TEDxErciyesKoleji.mp4 (pass -k to keep)
[download] Downloading item 2 of 10
[youtube] Extracting URL: https://www.youtube.com/watch?v=AXwCU6cPqfU
[youtube] AXwCU6cPqfU: Downloading webpage
[youtube] AXwCU6cPqfU: Downloading android player API JSON
[youtube] AXwCU6cPqfU: Downloading web client config
[youtube] AXwCU6cPqfU: Downloading web player API JSON
WARNING: [youtube] AXwCU6cPqfU: Some android client https formats have been skip
ped as they are missing a URL. YouTube may have enabled the SABR-only streaming
experiment for the current session. See  https://github.com/yt-dlp/yt-dlp/issues
/12482  for more details
[info] AXwCU6cPqfU: Downloading subtitles: tr
[info] AXwCU6cPqfU: Downloading 1 format(s): 18
[info] Writing video subtitles to: Turkish Talks/Domatesler Acele Etmez! ｜ Müfit
 Can Saçıntı ｜ TEDxBursa.tr.vtt
WARNING: The extractor specified to use impersonation for this download, but no
impersonate target is available. If you encounter errors, then see  https://gith
ub.com/yt-dlp/yt-dlp#impersonation  for information on installing the required d
ependencies
[download] Destination: Turkish Talks/Domatesler Acele Etmez! ｜ Müfit Can Saçınt
ı ｜ TEDxBursa.tr.vtt
[download]    7.00KiB at    5.42MiB/s (00:00:00)
[download]   15.00KiB at    1.47MiB/s (00:00:00)
[download]   25.84KiB at  572.72KiB/s (00:00:00)
[download] 100% of   25.84KiB in 00:00:00 at 49.14KiB/s
[SubtitlesConvertor] Converting subtitles
Deleting original file Turkish Talks/Domatesler Acele Etmez! ｜ Müfit Can Saçıntı
 ｜ TEDxBursa.tr.vtt (pass -k to keep)
[download] Destination: Turkish Talks/Domatesler Acele Etmez! ｜ Müfit Can Saçınt
ı ｜ TEDxBursa.mp4
[download]   0.0% of   39.94MiB at    2.35MiB/s ETA 00:17
[download]   0.1% of   39.94MiB at    3.19MiB/s ETA 00:12
[download]   0.2% of   39.94MiB at    3.78MiB/s ETA 00:10
[download]   0.3% of   39.94MiB at    4.20MiB/s ETA 00:09
[download]   0.6% of   39.94MiB at    3.28MiB/s ETA 00:12
[download]   1.2% of   39.94MiB at    2.37MiB/s ETA 00:16
[download]   2.5% of   39.94MiB at    3.22MiB/s ETA 00:12
[download]   5.0% of   39.94MiB at    4.11MiB/s ETA 00:09
[download]  10.0% of   39.94MiB at    3.77MiB/s ETA 00:09
[download]  18.7% of   39.94MiB at    4.47MiB/s ETA 00:07
[download]  24.5% of   39.94MiB at    4.73MiB/s ETA 00:06
[download]  24.5% of   39.94MiB at  Unknown B/s ETA Unknown
[download]  24.5% of   39.94MiB at    1.81MiB/s ETA 00:16
[download]  24.6% of   39.94MiB at    2.13MiB/s ETA 00:14
[download]  24.6% of   39.94MiB at    2.89MiB/s ETA 00:10
[download]  24.7% of   39.94MiB at    4.35MiB/s ETA 00:06
[download]  24.8% of   39.94MiB at    2.30MiB/s ETA 00:13
[download]  25.1% of   39.94MiB at    3.38MiB/s ETA 00:08
[download]  25.8% of   39.94MiB at    4.30MiB/s ETA 00:06
[download]  27.0% of   39.94MiB at    4.82MiB/s ETA 00:06
[download]  29.5% of   39.94MiB at    4.99MiB/s ETA 00:05
[download]  34.5% of   39.94MiB at    4.92MiB/s ETA 00:05
[download]  44.6% of   39.94MiB at    4.73MiB/s ETA 00:04
[download]  48.8% of   39.94MiB at    4.63MiB/s ETA 00:04
[download]  48.8% of   39.94MiB at  305.04KiB/s ETA 01:08
[download]  48.9% of   39.94MiB at    2.81MiB/s ETA 00:07
[download]  48.9% of   39.94MiB at    2.31MiB/s ETA 00:08
[download]  49.0% of   39.94MiB at    2.90MiB/s ETA 00:07
[download]  49.1% of   39.94MiB at    4.18MiB/s ETA 00:04
[download]  49.5% of   39.94MiB at    5.83MiB/s ETA 00:03
[download]  50.1% of   39.94MiB at    5.33MiB/s ETA 00:03
[download]  51.3% of   39.94MiB at    6.12MiB/s ETA 00:03
[download]  53.8% of   39.94MiB at    4.30MiB/s ETA 00:04
[download]  58.8% of   39.94MiB at    5.19MiB/s ETA 00:03
[download]  68.9% of   39.94MiB at    4.76MiB/s ETA 00:02
[download]  72.8% of   39.94MiB at    4.59MiB/s ETA 00:02
[download]  72.8% of   39.94MiB at  327.07KiB/s ETA 00:34
[download]  72.9% of   39.94MiB at    2.81MiB/s ETA 00:03
[download]  72.9% of   39.94MiB at    2.25MiB/s ETA 00:04
[download]  73.0% of   39.94MiB at    2.62MiB/s ETA 00:04
[download]  73.1% of   39.94MiB at    3.40MiB/s ETA 00:03
[download]  73.5% of   39.94MiB at    4.41MiB/s ETA 00:02
[download]  74.1% of   39.94MiB at    5.55MiB/s ETA 00:01
[download]  75.3% of   39.94MiB at    3.03MiB/s ETA 00:03
[download]  77.8% of   39.94MiB at    3.87MiB/s ETA 00:02
[download]  82.8% of   39.94MiB at    4.68MiB/s ETA 00:01
[download]  92.9% of   39.94MiB at    5.19MiB/s ETA 00:00
[download]  97.4% of   39.94MiB at    5.13MiB/s ETA 00:00
[download]  97.4% of   39.94MiB at  Unknown B/s ETA Unknown
[download]  97.4% of   39.94MiB at    2.23MiB/s ETA 00:00
[download]  97.4% of   39.94MiB at    3.29MiB/s ETA 00:00
[download]  97.5% of   39.94MiB at    3.79MiB/s ETA 00:00
[download]  97.7% of   39.94MiB at    2.89MiB/s ETA 00:00
[download]  98.0% of   39.94MiB at    4.35MiB/s ETA 00:00
[download]  98.6% of   39.94MiB at    5.48MiB/s ETA 00:00
[download]  99.9% of   39.94MiB at    6.16MiB/s ETA 00:00
[download] 100.0% of   39.94MiB at    6.30MiB/s ETA 00:00
[download] 100% of   39.94MiB in 00:00:11 at 3.44MiB/s
[ExtractAudio] Destination: Turkish Talks/Domatesler Acele Etmez! ｜ Müfit Can Sa
çıntı ｜ TEDxBursa.wav
Deleting original file Turkish Talks/Domatesler Acele Etmez! ｜ Müfit Can Saçıntı
 ｜ TEDxBursa.mp4 (pass -k to keep)
[download] Downloading item 3 of 10
[youtube] Extracting URL: https://www.youtube.com/watch?v=t8OkYIk7Rcw
[youtube] t8OkYIk7Rcw: Downloading webpage
[youtube] t8OkYIk7Rcw: Downloading android player API JSON
[youtube] t8OkYIk7Rcw: Downloading web client config
[youtube] t8OkYIk7Rcw: Downloading web player API JSON
WARNING: [youtube] t8OkYIk7Rcw: Some android client https formats have been skip
ped as they are missing a URL. YouTube may have enabled the SABR-only streaming
experiment for the current session. See  https://github.com/yt-dlp/yt-dlp/issues
/12482  for more details
[info] t8OkYIk7Rcw: Downloading 1 format(s): 18
[info] There are no subtitles for the requested languages
[SubtitlesConvertor] There aren't any subtitles to convert
[download] Destination: Turkish Talks/Hayatımı Değiştiren O An! ｜ Merve Başibüyü
k ｜ TEDxYildizTechnicalUniversity.mp4
[download]   0.0% of   34.69MiB at  Unknown B/s ETA Unknown
[download]   0.0% of   34.69MiB at    5.33MiB/s ETA 00:06
[download]   0.0% of   34.69MiB at    4.89MiB/s ETA 00:07
[download]   0.1% of   34.69MiB at    4.86MiB/s ETA 00:07
[download]   0.2% of   34.69MiB at    4.72MiB/s ETA 00:07
[download]   0.4% of   34.69MiB at    5.45MiB/s ETA 00:06
[download]   0.7% of   34.69MiB at    5.37MiB/s ETA 00:06
[download]   1.4% of   34.69MiB at  979.36KiB/s ETA 00:35
[download]   2.9% of   34.69MiB at    1.33MiB/s ETA 00:25
[download]   5.8% of   34.69MiB at    1.83MiB/s ETA 00:17
[download]  11.5% of   34.69MiB at    2.70MiB/s ETA 00:11
[download]  23.1% of   34.69MiB at    2.75MiB/s ETA 00:09
[download]  28.0% of   34.69MiB at    2.91MiB/s ETA 00:08
[download]  28.0% of   34.69MiB at  Unknown B/s ETA Unknown
[download]  28.1% of   34.69MiB at 1011.49KiB/s ETA 00:25
[download]  28.1% of   34.69MiB at    1.93MiB/s ETA 00:12
[download]  28.1% of   34.69MiB at    2.28MiB/s ETA 00:10
[download]  28.1% of   34.69MiB at    1.82MiB/s ETA 00:13
[download]  28.2% of   34.69MiB at    2.07MiB/s ETA 00:12
[download]  28.4% of   34.69MiB at    2.33MiB/s ETA 00:10
[download]  28.8% of   34.69MiB at    1.77MiB/s ETA 00:13
[download]  29.5% of   34.69MiB at    1.86MiB/s ETA 00:13
[download]  30.9% of   34.69MiB at    2.30MiB/s ETA 00:10
[download]  33.8% of   34.69MiB at    2.71MiB/s ETA 00:08
[download]  39.6% of   34.69MiB at    3.01MiB/s ETA 00:06
[download]  49.3% of   34.69MiB at    3.52MiB/s ETA 00:04
[download]  56.0% of   34.69MiB at    3.87MiB/s ETA 00:03
[download]  56.0% of   34.69MiB at  Unknown B/s ETA Unknown
[download]  56.1% of   34.69MiB at    4.68MiB/s ETA 00:03
[download]  56.2% of   34.69MiB at    3.65MiB/s ETA 00:04
[download]  56.4% of   34.69MiB at    4.68MiB/s ETA 00:03
[download]  56.7% of   34.69MiB at    4.22MiB/s ETA 00:03
[download]  57.5% of   34.69MiB at    3.97MiB/s ETA 00:03
[download]  58.9% of   34.69MiB at    3.80MiB/s ETA 00:03
[download]  61.8% of   34.69MiB at    4.29MiB/s ETA 00:03
[download]  67.5% of   34.69MiB at    4.95MiB/s ETA 00:02
[download]  79.1% of   34.69MiB at    5.83MiB/s ETA 00:01
[download]  84.4% of   34.69MiB at    5.97MiB/s ETA 00:00
[download]  84.4% of   34.69MiB at  852.04KiB/s ETA 00:06
[download]  84.4% of   34.69MiB at    1.66MiB/s ETA 00:03
[download]  84.4% of   34.69MiB at    2.03MiB/s ETA 00:02
[download]  84.5% of   34.69MiB at    3.08MiB/s ETA 00:01
[download]  84.6% of   34.69MiB at    3.04MiB/s ETA 00:01
[download]  84.7% of   34.69MiB at    2.19MiB/s ETA 00:02
[download]  85.1% of   34.69MiB at    3.27MiB/s ETA 00:01
[download]  85.8% of   34.69MiB at    4.00MiB/s ETA 00:01
[download]  87.3% of   34.69MiB at    3.73MiB/s ETA 00:01
[download]  90.2% of   34.69MiB at    4.33MiB/s ETA 00:00
[download]  95.9% of   34.69MiB at    5.31MiB/s ETA 00:00
[download] 100.0% of   34.69MiB at    5.91MiB/s ETA 00:00
[download] 100% of   34.69MiB in 00:00:09 at 3.55MiB/s
[ExtractAudio] Destination: Turkish Talks/Hayatımı Değiştiren O An! ｜ Merve Başi
büyük ｜ TEDxYildizTechnicalUniversity.wav
Deleting original file Turkish Talks/Hayatımı Değiştiren O An! ｜ Merve Başibüyük
 ｜ TEDxYildizTechnicalUniversity.mp4 (pass -k to keep)
[download] Downloading item 4 of 10
[youtube] Extracting URL: https://www.youtube.com/watch?v=b4KdQVjL--E
[youtube] b4KdQVjL--E: Downloading webpage
[youtube] b4KdQVjL--E: Downloading android player API JSON
[youtube] b4KdQVjL--E: Downloading web client config
[youtube] b4KdQVjL--E: Downloading web player API JSON
WARNING: [youtube] b4KdQVjL--E: Some android client https formats have been skip
ped as they are missing a URL. YouTube may have enabled the SABR-only streaming
experiment for the current session. See  https://github.com/yt-dlp/yt-dlp/issues
/12482  for more details
[info] b4KdQVjL--E: Downloading subtitles: tr
[info] b4KdQVjL--E: Downloading 1 format(s): 18
[info] Writing video subtitles to: Turkish Talks/Hayal Kur! Harekete Geç! ｜ Abdu
lkadir ÖZBEK ｜ TEDxAnkara.tr.vtt
WARNING: The extractor specified to use impersonation for this download, but no
impersonate target is available. If you encounter errors, then see  https://gith
ub.com/yt-dlp/yt-dlp#impersonation  for information on installing the required d
ependencies
[download] Destination: Turkish Talks/Hayal Kur! Harekete Geç! ｜ Abdulkadir ÖZBE
K ｜ TEDxAnkara.tr.vtt
[download]    7.00KiB at    1.04MiB/s (00:00:00)
[download]   15.00KiB at  897.68KiB/s (00:00:00)
[download]   22.31KiB at  294.32KiB/s (00:00:00)
[download] 100% of   22.31KiB in 00:00:00 at 25.17KiB/s
[SubtitlesConvertor] Converting subtitles
Deleting original file Turkish Talks/Hayal Kur! Harekete Geç! ｜ Abdulkadir ÖZBEK
 ｜ TEDxAnkara.tr.vtt (pass -k to keep)
[download] Destination: Turkish Talks/Hayal Kur! Harekete Geç! ｜ Abdulkadir ÖZBE
K ｜ TEDxAnkara.mp4
[download]   0.0% of   44.28MiB at    2.41MiB/s ETA 00:18
[download]   0.1% of   44.28MiB at    3.22MiB/s ETA 00:13
[download]   0.1% of   44.28MiB at    3.02MiB/s ETA 00:14
[download]   0.3% of   44.28MiB at    3.67MiB/s ETA 00:12
[download]   0.6% of   44.28MiB at    4.58MiB/s ETA 00:09
[download]   1.1% of   44.28MiB at    3.58MiB/s ETA 00:12
[download]   2.3% of   44.28MiB at    4.81MiB/s ETA 00:08
[download]   4.5% of   44.28MiB at    4.80MiB/s ETA 00:08
[download]   9.0% of   44.28MiB at    2.64MiB/s ETA 00:15
[download]  13.1% of   44.28MiB at    3.37MiB/s ETA 00:11
[download]  21.4% of   44.28MiB at    4.09MiB/s ETA 00:08
[download]  22.3% of   44.28MiB at    4.13MiB/s ETA 00:08
[download]  22.3% of   44.28MiB at  Unknown B/s ETA Unknown
[download]  22.3% of   44.28MiB at 1020.05KiB/s ETA 00:34
[download]  22.3% of   44.28MiB at    3.11MiB/s ETA 00:11
[download]  22.4% of   44.28MiB at    4.74MiB/s ETA 00:07
[download]  22.6% of   44.28MiB at    2.36MiB/s ETA 00:14
[download]  22.8% of   44.28MiB at    3.80MiB/s ETA 00:08
[download]  23.4% of   44.28MiB at    4.19MiB/s ETA 00:08
[download]  24.5% of   44.28MiB at    5.48MiB/s ETA 00:06
[download]  26.8% of   44.28MiB at    1.76MiB/s ETA 00:18
[download]  29.1% of   44.28MiB at    2.36MiB/s ETA 00:13
[download]  33.9% of   44.28MiB at    2.31MiB/s ETA 00:12
[download]  38.9% of   44.28MiB at    2.78MiB/s ETA 00:09
[download]  44.5% of   44.28MiB at    3.24MiB/s ETA 00:07
[download]  44.5% of   44.28MiB at   80.50KiB/s ETA 05:13
[download]  44.5% of   44.28MiB at  487.18KiB/s ETA 00:51
[download]  44.5% of   44.28MiB at  121.63KiB/s ETA 03:26
[download]  44.5% of   44.28MiB at  212.15KiB/s ETA 01:58
[download]  44.6% of   44.28MiB at  207.25KiB/s ETA 02:01
[download]  44.8% of   44.28MiB at  315.70KiB/s ETA 01:19
[download]  45.0% of   44.28MiB at  458.57KiB/s ETA 00:54
[download]  45.6% of   44.28MiB at  708.31KiB/s ETA 00:34
[download]  46.7% of   44.28MiB at    1.16MiB/s ETA 00:20
[download]  49.0% of   44.28MiB at    1.94MiB/s ETA 00:11
[download]  53.5% of   44.28MiB at    2.60MiB/s ETA 00:07
[download]  62.4% of   44.28MiB at    4.16MiB/s ETA 00:03
[download]  66.9% of   44.28MiB at    3.83MiB/s ETA 00:03
[download]  66.9% of   44.28MiB at  333.28KiB/s ETA 00:45
[download]  67.0% of   44.28MiB at    3.03MiB/s ETA 00:04
[download]  67.0% of   44.28MiB at    2.31MiB/s ETA 00:06
[download]  67.1% of   44.28MiB at    3.08MiB/s ETA 00:04
[download]  67.2% of   44.28MiB at    4.72MiB/s ETA 00:03
[download]  67.5% of   44.28MiB at    5.76MiB/s ETA 00:02
[download]  68.1% of   44.28MiB at    5.93MiB/s ETA 00:02
[download]  69.2% of   44.28MiB at    5.90MiB/s ETA 00:02
[download]  71.5% of   44.28MiB at    6.42MiB/s ETA 00:01
[download]  76.0% of   44.28MiB at    3.69MiB/s ETA 00:02
[download]  81.8% of   44.28MiB at    2.87MiB/s ETA 00:02
[download]  86.7% of   44.28MiB at    3.37MiB/s ETA 00:01
[download]  89.3% of   44.28MiB at    3.70MiB/s ETA 00:01
[download]  89.3% of   44.28MiB at  Unknown B/s ETA Unknown
[download]  89.3% of   44.28MiB at    2.02MiB/s ETA 00:02
[download]  89.3% of   44.28MiB at    3.64MiB/s ETA 00:01
[download]  89.3% of   44.28MiB at    3.11MiB/s ETA 00:01
[download]  89.4% of   44.28MiB at    4.63MiB/s ETA 00:01
[download]  89.6% of   44.28MiB at    4.63MiB/s ETA 00:00
[download]  89.8% of   44.28MiB at    3.64MiB/s ETA 00:01
[download]  90.4% of   44.28MiB at    4.95MiB/s ETA 00:00
[download]  91.5% of   44.28MiB at    5.14MiB/s ETA 00:00
[download]  93.8% of   44.28MiB at    6.07MiB/s ETA 00:00
[download]  98.3% of   44.28MiB at    6.67MiB/s ETA 00:00
[download] 100.0% of   44.28MiB at    6.82MiB/s ETA 00:00
[download] 100% of   44.28MiB in 00:00:14 at 3.10MiB/s
[ExtractAudio] Destination: Turkish Talks/Hayal Kur! Harekete Geç! ｜ Abdulkadir
ÖZBEK ｜ TEDxAnkara.wav
Deleting original file Turkish Talks/Hayal Kur! Harekete Geç! ｜ Abdulkadir ÖZBEK
 ｜ TEDxAnkara.mp4 (pass -k to keep)
[download] Downloading item 5 of 10
[youtube] Extracting URL: https://www.youtube.com/watch?v=U1QqlVl5b1Q
[youtube] U1QqlVl5b1Q: Downloading webpage
[youtube] U1QqlVl5b1Q: Downloading android player API JSON
[youtube] U1QqlVl5b1Q: Downloading web client config
[youtube] U1QqlVl5b1Q: Downloading web player API JSON
WARNING: [youtube] U1QqlVl5b1Q: Some android client https formats have been skip
ped as they are missing a URL. YouTube may have enabled the SABR-only streaming
experiment for the current session. See  https://github.com/yt-dlp/yt-dlp/issues
/12482  for more details
[info] U1QqlVl5b1Q: Downloading 1 format(s): 18
[info] There are no subtitles for the requested languages
[SubtitlesConvertor] There aren't any subtitles to convert
[download] Destination: Turkish Talks/Olaylara Yüklediğimiz Anlamlar Hayatımızı
Belirler ｜ Hakan Mengüç ｜ TEDxIstanbul Anatolian HS.mp4
[download]   0.0% of   22.76MiB at    1.05MiB/s ETA 00:21
[download]   0.1% of   22.76MiB at   53.19KiB/s ETA 07:17
[download]   0.1% of   22.76MiB at   85.24KiB/s ETA 04:33
[download]   0.3% of   22.76MiB at  112.95KiB/s ETA 03:25
[download]   0.5% of   22.76MiB at  126.35KiB/s ETA 03:03
[download]   1.1% of   22.76MiB at  200.62KiB/s ETA 01:54
[download]   2.2% of   22.76MiB at  269.96KiB/s ETA 01:24
[download]   4.0% of   22.76MiB at  362.52KiB/s ETA 01:01
[download]   6.7% of   22.76MiB at  479.41KiB/s ETA 00:45
[download]  10.6% of   22.76MiB at  543.05KiB/s ETA 00:38
[download]  13.6% of   22.76MiB at  553.39KiB/s ETA 00:36
[download]  16.1% of   22.76MiB at  570.03KiB/s ETA 00:34
[download]  19.0% of   22.76MiB at  587.71KiB/s ETA 00:32
[download]  22.1% of   22.76MiB at  610.65KiB/s ETA 00:29
[download]  25.5% of   22.76MiB at  616.42KiB/s ETA 00:28
[download]  28.4% of   22.76MiB at  633.27KiB/s ETA 00:26
[download]  32.0% of   22.76MiB at  631.97KiB/s ETA 00:25
[download]  34.6% of   22.76MiB at  640.75KiB/s ETA 00:23
[download]  37.9% of   22.76MiB at  637.46KiB/s ETA 00:22
[download]  40.5% of   22.76MiB at  629.21KiB/s ETA 00:22
[download]  42.8% of   22.76MiB at  624.44KiB/s ETA 00:21
[download]  42.9% of   22.76MiB at  624.89KiB/s ETA 00:21
[download]  42.9% of   22.76MiB at  319.01KiB/s ETA 00:41
[download]  42.9% of   22.76MiB at    1.59MiB/s ETA 00:08
[download]  42.9% of   22.76MiB at  260.69KiB/s ETA 00:51
[download]  43.0% of   22.76MiB at   98.50KiB/s ETA 02:14
[download]  43.1% of   22.76MiB at  108.27KiB/s ETA 02:02
[download]  43.4% of   22.76MiB at  156.06KiB/s ETA 01:24
[download]  43.9% of   22.76MiB at  192.09KiB/s ETA 01:08
[download]  45.0% of   22.76MiB at  361.87KiB/s ETA 00:35
[download]  47.2% of   22.76MiB at  512.57KiB/s ETA 00:24
[download]  51.0% of   22.76MiB at  799.93KiB/s ETA 00:14
[download]  58.6% of   22.76MiB at    1.14MiB/s ETA 00:08
[download]  68.3% of   22.76MiB at    1.52MiB/s ETA 00:04
[download]  83.2% of   22.76MiB at    1.46MiB/s ETA 00:02
[download]  86.0% of   22.76MiB at    1.48MiB/s ETA 00:02
[download]  86.0% of   22.76MiB at  322.04KiB/s ETA 00:10
[download]  86.1% of   22.76MiB at    1.57MiB/s ETA 00:02
[download]  86.1% of   22.76MiB at  258.69KiB/s ETA 00:12
[download]  86.2% of   22.76MiB at   98.52KiB/s ETA 00:32
[download]  86.3% of   22.76MiB at   99.74KiB/s ETA 00:32
[download]  86.6% of   22.76MiB at  149.78KiB/s ETA 00:20
[download]  87.1% of   22.76MiB at  228.21KiB/s ETA 00:13
[download]  88.2% of   22.76MiB at  358.72KiB/s ETA 00:07
[download]  90.4% of   22.76MiB at  591.08KiB/s ETA 00:03
[download]  94.8% of   22.76MiB at  808.54KiB/s ETA 00:01
[download] 100.0% of   22.76MiB at    1.25MiB/s ETA 00:00
[download] 100% of   22.76MiB in 00:00:30 at 759.91KiB/s
[ExtractAudio] Destination: Turkish Talks/Olaylara Yüklediğimiz Anlamlar Hayatım
ızı Belirler ｜ Hakan Mengüç ｜ TEDxIstanbul Anatolian HS.wav
Deleting original file Turkish Talks/Olaylara Yüklediğimiz Anlamlar Hayatımızı B
elirler ｜ Hakan Mengüç ｜ TEDxIstanbul Anatolian HS.mp4 (pass -k to keep)
[download] Downloading item 6 of 10
[youtube] Extracting URL: https://www.youtube.com/watch?v=KsAzAPFMS_g
[youtube] KsAzAPFMS_g: Downloading webpage
[youtube] KsAzAPFMS_g: Downloading android player API JSON
[youtube] KsAzAPFMS_g: Downloading web client config
[youtube] KsAzAPFMS_g: Downloading web player API JSON
WARNING: [youtube] KsAzAPFMS_g: Some android client https formats have been skip
ped as they are missing a URL. YouTube may have enabled the SABR-only streaming
experiment for the current session. See  https://github.com/yt-dlp/yt-dlp/issues
/12482  for more details
[info] KsAzAPFMS_g: Downloading 1 format(s): 18
[info] There are no subtitles for the requested languages
[SubtitlesConvertor] There aren't any subtitles to convert
[download] Destination: Turkish Talks/Labirent İnsanın Zihnidir ｜ Sinan Ergin ｜
TEDxBilkent U.mp4
[download]   0.0% of   61.14MiB at    6.29MiB/s ETA 00:09
[download]   0.0% of   61.14MiB at    2.28MiB/s ETA 00:26
[download]   0.1% of   61.14MiB at    3.14MiB/s ETA 00:19
[download]   0.2% of   61.14MiB at    3.65MiB/s ETA 00:16
[download]   0.4% of   61.14MiB at    3.43MiB/s ETA 00:17
[download]   0.8% of   61.14MiB at  314.85KiB/s ETA 03:17
[download]   1.1% of   61.14MiB at  404.46KiB/s ETA 02:33
[download]   1.6% of   61.14MiB at  500.97KiB/s ETA 02:02
[download]   2.7% of   61.14MiB at  717.03KiB/s ETA 01:24
[download]   4.8% of   61.14MiB at    1.01MiB/s ETA 00:57
[download]   8.4% of   61.14MiB at    1.24MiB/s ETA 00:45
[download]  11.3% of   61.14MiB at    1.53MiB/s ETA 00:35
[download]  16.1% of   61.14MiB at    1.81MiB/s ETA 00:28
[download]  16.1% of   61.14MiB at  Unknown B/s ETA Unknown
[download]  16.1% of   61.14MiB at  252.10KiB/s ETA 03:28
[download]  16.1% of   61.14MiB at   54.41KiB/s ETA 16:05
[download]  16.1% of   61.14MiB at   92.26KiB/s ETA 09:29
[download]  16.2% of   61.14MiB at  112.34KiB/s ETA 07:47
[download]  16.3% of   61.14MiB at  151.94KiB/s ETA 05:44
[download]  16.5% of   61.14MiB at  226.19KiB/s ETA 03:51
[download]  16.9% of   61.14MiB at  358.33KiB/s ETA 02:25
[download]  17.7% of   61.14MiB at  596.90KiB/s ETA 01:26
[download]  19.4% of   61.14MiB at  976.40KiB/s ETA 00:51
[download]  22.6% of   61.14MiB at    1.35MiB/s ETA 00:34
[download]  26.4% of   61.14MiB at    1.69MiB/s ETA 00:26
[download]  31.3% of   61.14MiB at    1.94MiB/s ETA 00:21
[download]  32.1% of   61.14MiB at    1.96MiB/s ETA 00:21
[download]  32.1% of   61.14MiB at  Unknown B/s ETA Unknown
[download]  32.1% of   61.14MiB at    6.67MiB/s ETA 00:06
[download]  32.1% of   61.14MiB at    2.23MiB/s ETA 00:18
[download]  32.1% of   61.14MiB at    2.95MiB/s ETA 00:14
[download]  32.2% of   61.14MiB at    4.66MiB/s ETA 00:08
[download]  32.3% of   61.14MiB at    5.15MiB/s ETA 00:08
[download]  32.5% of   61.14MiB at    2.55MiB/s ETA 00:16
[download]  32.9% of   61.14MiB at    3.47MiB/s ETA 00:11
[download]  33.7% of   61.14MiB at    4.13MiB/s ETA 00:09
[download]  35.3% of   61.14MiB at    4.99MiB/s ETA 00:07
[download]  38.6% of   61.14MiB at    4.38MiB/s ETA 00:08
[download]  45.0% of   61.14MiB at    4.72MiB/s ETA 00:07
[download]  48.4% of   61.14MiB at    5.17MiB/s ETA 00:06
[download]  48.4% of   61.14MiB at  319.98KiB/s ETA 01:41
[download]  48.4% of   61.14MiB at    1.64MiB/s ETA 00:19
[download]  48.4% of   61.14MiB at    2.06MiB/s ETA 00:15
[download]  48.4% of   61.14MiB at    3.10MiB/s ETA 00:10
[download]  48.5% of   61.14MiB at    4.69MiB/s ETA 00:06
[download]  48.6% of   61.14MiB at    3.75MiB/s ETA 00:08
[download]  48.8% of   61.14MiB at    5.37MiB/s ETA 00:05
[download]  49.2% of   61.14MiB at    4.70MiB/s ETA 00:06
[download]  50.0% of   61.14MiB at    5.07MiB/s ETA 00:06
[download]  51.7% of   61.14MiB at    5.30MiB/s ETA 00:05
[download]  54.9% of   61.14MiB at    5.92MiB/s ETA 00:04
[download]  61.5% of   61.14MiB at    5.72MiB/s ETA 00:04
[download]  64.4% of   61.14MiB at    5.89MiB/s ETA 00:03
[download]  64.4% of   61.14MiB at   37.01KiB/s ETA 10:02
[download]  64.4% of   61.14MiB at  247.67KiB/s ETA 01:30
[download]  64.4% of   61.14MiB at   54.19KiB/s ETA 06:51
[download]  64.4% of   61.14MiB at   93.14KiB/s ETA 03:59
[download]  64.5% of   61.14MiB at  115.82KiB/s ETA 03:12
[download]  64.6% of   61.14MiB at  153.67KiB/s ETA 02:24
[download]  64.8% of   61.14MiB at  236.77KiB/s ETA 01:33
[download]  65.2% of   61.14MiB at  374.08KiB/s ETA 00:58
[download]  66.0% of   61.14MiB at  534.74KiB/s ETA 00:39
[download]  67.5% of   61.14MiB at  889.53KiB/s ETA 00:22
[download]  70.5% of   61.14MiB at    1.32MiB/s ETA 00:13
[download]  75.2% of   61.14MiB at    1.91MiB/s ETA 00:07
[download]  80.4% of   61.14MiB at    2.55MiB/s ETA 00:04
[download]  80.4% of   61.14MiB at  299.70KiB/s ETA 00:40
[download]  80.5% of   61.14MiB at    1.67MiB/s ETA 00:07
[download]  80.5% of   61.14MiB at  754.32KiB/s ETA 00:16
[download]  80.5% of   61.14MiB at    1.47MiB/s ETA 00:08
[download]  80.5% of   61.14MiB at  751.02KiB/s ETA 00:16
[download]  80.6% of   61.14MiB at    1.46MiB/s ETA 00:08
[download]  80.9% of   61.14MiB at    2.39MiB/s ETA 00:04
[download]  81.3% of   61.14MiB at    2.45MiB/s ETA 00:04
[download]  82.1% of   61.14MiB at    3.27MiB/s ETA 00:03
[download]  83.7% of   61.14MiB at    3.27MiB/s ETA 00:03
[download]  87.0% of   61.14MiB at    3.17MiB/s ETA 00:02
[download]  92.0% of   61.14MiB at    3.37MiB/s ETA 00:01
[download]  96.3% of   61.14MiB at    3.12MiB/s ETA 00:00
[download]  96.3% of   61.14MiB at    8.18KiB/s ETA 04:43
[download]  96.3% of   61.14MiB at   84.05KiB/s ETA 00:27
[download]  96.4% of   61.14MiB at  104.39KiB/s ETA 00:21
[download]  96.5% of   61.14MiB at  146.23KiB/s ETA 00:15
[download]  96.7% of   61.14MiB at  224.80KiB/s ETA 00:09
[download]  97.1% of   61.14MiB at  358.73KiB/s ETA 00:05
[download]  97.9% of   61.14MiB at  593.07KiB/s ETA 00:02
[download]  99.6% of   61.14MiB at  947.59KiB/s ETA 00:00
[download] 100.0% of   61.14MiB at    1.03MiB/s ETA 00:00
[download] 100% of   61.14MiB in 00:00:34 at 1.78MiB/s
[ExtractAudio] Destination: Turkish Talks/Labirent İnsanın Zihnidir ｜ Sinan Ergi
n ｜ TEDxBilkent U.wav
Deleting original file Turkish Talks/Labirent İnsanın Zihnidir ｜ Sinan Ergin ｜ T
EDxBilkent U.mp4 (pass -k to keep)
[download] Downloading item 7 of 10
[youtube] Extracting URL: https://www.youtube.com/watch?v=g85WsxE1gAU
[youtube] g85WsxE1gAU: Downloading webpage
[youtube] g85WsxE1gAU: Downloading android player API JSON
[youtube] g85WsxE1gAU: Downloading web client config
[youtube] g85WsxE1gAU: Downloading web player API JSON
WARNING: [youtube] g85WsxE1gAU: Some android client https formats have been skip
ped as they are missing a URL. YouTube may have enabled the SABR-only streaming
experiment for the current session. See  https://github.com/yt-dlp/yt-dlp/issues
/12482  for more details
[info] g85WsxE1gAU: Downloading subtitles: en, tr
[info] g85WsxE1gAU: Downloading 1 format(s): 18
[info] Writing video subtitles to: Turkish Talks/How Long It Takes To Change You
r Life？ ｜ Nwal Hadaki ｜ TEDxSafirSchool.en.vtt
WARNING: The extractor specified to use impersonation for this download, but no
impersonate target is available. If you encounter errors, then see  https://gith
ub.com/yt-dlp/yt-dlp#impersonation  for information on installing the required d
ependencies
[download] Destination: Turkish Talks/How Long It Takes To Change Your Life？ ｜ N
wal Hadaki ｜ TEDxSafirSchool.en.vtt
[download] 100% of   11.10KiB in 00:00:00 at 25.93KiB/s
[info] Writing video subtitles to: Turkish Talks/How Long It Takes To Change You
r Life？ ｜ Nwal Hadaki ｜ TEDxSafirSchool.tr.vtt
WARNING: The extractor specified to use impersonation for this download, but no
impersonate target is available. If you encounter errors, then see  https://gith
ub.com/yt-dlp/yt-dlp#impersonation  for information on installing the required d
ependencies
[download] Destination: Turkish Talks/How Long It Takes To Change Your Life？ ｜ N
wal Hadaki ｜ TEDxSafirSchool.tr.vtt
[download]    7.00KiB at    3.25MiB/s (00:00:00)
[download]   11.77KiB at    1.12MiB/s (00:00:00)
[download] 100% of   11.77KiB in 00:00:00 at 25.23KiB/s
[SubtitlesConvertor] Converting subtitles
Deleting original file Turkish Talks/How Long It Takes To Change Your Life？ ｜ Nw
al Hadaki ｜ TEDxSafirSchool.en.vtt (pass -k to keep)
Deleting original file Turkish Talks/How Long It Takes To Change Your Life？ ｜ Nw
al Hadaki ｜ TEDxSafirSchool.tr.vtt (pass -k to keep)
[download] Destination: Turkish Talks/How Long It Takes To Change Your Life？ ｜ N
wal Hadaki ｜ TEDxSafirSchool.mp4
[download]   0.0% of   15.51MiB at    1.51MiB/s ETA 00:10
[download]   0.1% of   15.51MiB at    1.52MiB/s ETA 00:10
[download]   0.2% of   15.51MiB at    2.89MiB/s ETA 00:05
[download]   0.4% of   15.51MiB at    3.62MiB/s ETA 00:04
[download]   0.8% of   15.51MiB at    5.19MiB/s ETA 00:02
[download]   1.6% of   15.51MiB at    3.43MiB/s ETA 00:04
[download]   3.2% of   15.51MiB at    4.60MiB/s ETA 00:03
[download]   6.4% of   15.51MiB at    4.70MiB/s ETA 00:03
[download]  12.9% of   15.51MiB at    3.74MiB/s ETA 00:03
[download]  25.8% of   15.51MiB at    3.45MiB/s ETA 00:03
[download]  46.4% of   15.51MiB at    3.54MiB/s ETA 00:02
[download]  63.4% of   15.51MiB at    3.56MiB/s ETA 00:01
[download]  63.4% of   15.51MiB at  317.75KiB/s ETA 00:18
[download]  63.5% of   15.51MiB at    2.50MiB/s ETA 00:02
[download]  63.6% of   15.51MiB at    1.19MiB/s ETA 00:04
[download]  63.8% of   15.51MiB at    1.92MiB/s ETA 00:02
[download]  64.2% of   15.51MiB at    2.96MiB/s ETA 00:01
[download]  65.0% of   15.51MiB at    4.29MiB/s ETA 00:01
[download]  66.6% of   15.51MiB at    4.17MiB/s ETA 00:01
[download]  69.9% of   15.51MiB at    5.47MiB/s ETA 00:00
[download]  76.3% of   15.51MiB at    5.83MiB/s ETA 00:00
[download]  89.2% of   15.51MiB at    5.02MiB/s ETA 00:00
[download] 100.0% of   15.51MiB at    5.52MiB/s ETA 00:00
[download] 100% of   15.51MiB in 00:00:05 at 3.02MiB/s
[ExtractAudio] Destination: Turkish Talks/How Long It Takes To Change Your Life？
 ｜ Nwal Hadaki ｜ TEDxSafirSchool.wav
Deleting original file Turkish Talks/How Long It Takes To Change Your Life？ ｜ Nw
al Hadaki ｜ TEDxSafirSchool.mp4 (pass -k to keep)
[download] Downloading item 8 of 10
[youtube] Extracting URL: https://www.youtube.com/watch?v=Upioxu3ZuJs
[youtube] Upioxu3ZuJs: Downloading webpage
[youtube] Upioxu3ZuJs: Downloading android player API JSON
[youtube] Upioxu3ZuJs: Downloading web client config
[youtube] Upioxu3ZuJs: Downloading web player API JSON
WARNING: [youtube] Upioxu3ZuJs: Some android client https formats have been skip
ped as they are missing a URL. YouTube may have enabled the SABR-only streaming
experiment for the current session. See  https://github.com/yt-dlp/yt-dlp/issues
/12482  for more details
[info] Upioxu3ZuJs: Downloading 1 format(s): 18
[info] There are no subtitles for the requested languages
[SubtitlesConvertor] There aren't any subtitles to convert
[download] Destination: Turkish Talks/Ne İstediğini Bilen Başarır! ｜ Dilek Cesur
 ｜ TEDxErciyesKoleji.mp4
[download]   0.0% of   34.12MiB at    3.50MiB/s ETA 00:09
[download]   0.0% of   34.12MiB at  518.45KiB/s ETA 01:07
[download]   0.1% of   34.12MiB at   93.11KiB/s ETA 06:14
[download]   0.2% of   34.12MiB at   87.45KiB/s ETA 06:38
[download]   0.4% of   34.12MiB at  146.52KiB/s ETA 03:57
[download]   0.7% of   34.12MiB at  212.99KiB/s ETA 02:42
[download]   1.5% of   34.12MiB at  337.51KiB/s ETA 01:42
[download]   2.9% of   34.12MiB at  560.28KiB/s ETA 01:00
[download]   5.9% of   34.12MiB at  958.36KiB/s ETA 00:34
[download]  11.7% of   34.12MiB at    1.40MiB/s ETA 00:21
[download]  19.9% of   34.12MiB at    2.14MiB/s ETA 00:12
[download]  28.3% of   34.12MiB at    2.63MiB/s ETA 00:09
[download]  28.3% of   34.12MiB at  Unknown B/s ETA Unknown
[download]  28.4% of   34.12MiB at  248.10KiB/s ETA 01:40
[download]  28.4% of   34.12MiB at  262.19KiB/s ETA 01:35
[download]  28.4% of   34.12MiB at   92.33KiB/s ETA 04:30
[download]  28.5% of   34.12MiB at  104.91KiB/s ETA 03:58
[download]  28.7% of   34.12MiB at  153.29KiB/s ETA 02:42
[download]  29.1% of   34.12MiB at  193.19KiB/s ETA 02:08
[download]  29.8% of   34.12MiB at  312.82KiB/s ETA 01:18
[download]  31.3% of   34.12MiB at  490.53KiB/s ETA 00:48
[download]  34.2% of   34.12MiB at  522.37KiB/s ETA 00:44
[download]  35.8% of   34.12MiB at  607.11KiB/s ETA 00:36
[download]  39.0% of   34.12MiB at  859.35KiB/s ETA 00:24
[download]  45.4% of   34.12MiB at    1.02MiB/s ETA 00:18
[download]  50.1% of   34.12MiB at    1.19MiB/s ETA 00:14
[download]  57.2% of   34.12MiB at    1.36MiB/s ETA 00:10
[download]  57.2% of   34.12MiB at  Unknown B/s ETA Unknown
[download]  57.2% of   34.12MiB at  225.08KiB/s ETA 01:06
[download]  57.3% of   34.12MiB at   56.85KiB/s ETA 04:22
[download]  57.3% of   34.12MiB at   95.39KiB/s ETA 02:36
[download]  57.4% of   34.12MiB at  105.32KiB/s ETA 02:21
[download]  57.6% of   34.12MiB at  153.93KiB/s ETA 01:36
[download]  57.9% of   34.12MiB at  224.56KiB/s ETA 01:05
[download]  58.7% of   34.12MiB at  321.35KiB/s ETA 00:44
[download]  60.1% of   34.12MiB at  536.68KiB/s ETA 00:25
[download]  63.1% of   34.12MiB at  885.52KiB/s ETA 00:14
[download]  68.9% of   34.12MiB at    1.10MiB/s ETA 00:09
[download]  73.4% of   34.12MiB at    1.46MiB/s ETA 00:06
[download]  82.3% of   34.12MiB at    1.93MiB/s ETA 00:03
[download]  85.1% of   34.12MiB at    2.04MiB/s ETA 00:02
[download]  85.1% of   34.12MiB at  344.39KiB/s ETA 00:15
[download]  85.1% of   34.12MiB at  881.65KiB/s ETA 00:05
[download]  85.1% of   34.12MiB at  250.71KiB/s ETA 00:20
[download]  85.1% of   34.12MiB at  267.07KiB/s ETA 00:19
[download]  85.2% of   34.12MiB at   99.41KiB/s ETA 00:52
[download]  85.3% of   34.12MiB at  113.96KiB/s ETA 00:45
[download]  85.4% of   34.12MiB at  152.45KiB/s ETA 00:33
[download]  85.8% of   34.12MiB at  224.28KiB/s ETA 00:22
[download]  86.5% of   34.12MiB at  360.28KiB/s ETA 00:13
[download]  88.0% of   34.12MiB at  593.23KiB/s ETA 00:07
[download]  90.9% of   34.12MiB at 1002.24KiB/s ETA 00:03
[download]  96.8% of   34.12MiB at    1.70MiB/s ETA 00:00
[download] 100.0% of   34.12MiB at    1.70MiB/s ETA 00:00
[download] 100% of   34.12MiB in 00:00:25 at 1.34MiB/s
[ExtractAudio] Destination: Turkish Talks/Ne İstediğini Bilen Başarır! ｜ Dilek C
esur ｜ TEDxErciyesKoleji.wav
Deleting original file Turkish Talks/Ne İstediğini Bilen Başarır! ｜ Dilek Cesur
｜ TEDxErciyesKoleji.mp4 (pass -k to keep)
[download] Downloading item 9 of 10
[youtube] Extracting URL: https://www.youtube.com/watch?v=1iCIJMn_Zlg
[youtube] 1iCIJMn_Zlg: Downloading webpage
[youtube] 1iCIJMn_Zlg: Downloading android player API JSON
[youtube] 1iCIJMn_Zlg: Downloading web client config
[youtube] 1iCIJMn_Zlg: Downloading web player API JSON
WARNING: [youtube] 1iCIJMn_Zlg: Some android client https formats have been skip
ped as they are missing a URL. YouTube may have enabled the SABR-only streaming
experiment for the current session. See  https://github.com/yt-dlp/yt-dlp/issues
/12482  for more details
[info] 1iCIJMn_Zlg: Downloading 1 format(s): 18
[info] There are no subtitles for the requested languages
[SubtitlesConvertor] There aren't any subtitles to convert
[download] Destination: Turkish Talks/İnsan Nasıl Değişir？ ｜ Beyhan Budak ｜ TEDx
Izmir.mp4
[download]   0.0% of   41.42MiB at    2.34MiB/s ETA 00:17
[download]   0.1% of   41.42MiB at    2.29MiB/s ETA 00:18
[download]   0.1% of   41.42MiB at  986.67KiB/s ETA 00:42
[download]   0.3% of   41.42MiB at    1.89MiB/s ETA 00:21
[download]   0.6% of   41.42MiB at    2.16MiB/s ETA 00:19
[download]   1.2% of   41.42MiB at    2.75MiB/s ETA 00:14
[download]   2.4% of   41.42MiB at    3.16MiB/s ETA 00:12
[download]   4.8% of   41.42MiB at    3.04MiB/s ETA 00:12
[download]   9.7% of   41.42MiB at    2.91MiB/s ETA 00:12
[download]  16.4% of   41.42MiB at    2.20MiB/s ETA 00:15
[download]  20.3% of   41.42MiB at    1.75MiB/s ETA 00:18
[download]  22.6% of   41.42MiB at    1.80MiB/s ETA 00:17
[download]  24.1% of   41.42MiB at    1.72MiB/s ETA 00:18
[download]  24.1% of   41.42MiB at  Unknown B/s ETA Unknown
[download]  24.1% of   41.42MiB at    1.90MiB/s ETA 00:16
[download]  24.1% of   41.42MiB at    3.08MiB/s ETA 00:10
[download]  24.2% of   41.42MiB at    1.83MiB/s ETA 00:17
[download]  24.2% of   41.42MiB at    2.32MiB/s ETA 00:13
[download]  24.4% of   41.42MiB at    2.34MiB/s ETA 00:13
[download]  24.7% of   41.42MiB at    2.43MiB/s ETA 00:12
[download]  25.3% of   41.42MiB at    1.96MiB/s ETA 00:15
[download]  26.5% of   41.42MiB at    1.23MiB/s ETA 00:24
[download]  28.7% of   41.42MiB at    1.32MiB/s ETA 00:22
[download]  32.1% of   41.42MiB at    1.42MiB/s ETA 00:19
[download]  36.0% of   41.42MiB at    1.65MiB/s ETA 00:16
[download]  42.0% of   41.42MiB at    1.86MiB/s ETA 00:12
[download]  47.1% of   41.42MiB at    2.03MiB/s ETA 00:10
[download]  47.1% of   41.42MiB at  Unknown B/s ETA Unknown
[download]  47.1% of   41.42MiB at 1019.11KiB/s ETA 00:22
[download]  47.1% of   41.42MiB at    1.80MiB/s ETA 00:12
[download]  47.1% of   41.42MiB at    1.42MiB/s ETA 00:15
[download]  47.1% of   41.42MiB at    1.53MiB/s ETA 00:14
[download]  47.2% of   41.42MiB at 1001.00KiB/s ETA 00:22
[download]  47.4% of   41.42MiB at    1.24MiB/s ETA 00:17
[download]  47.7% of   41.42MiB at  832.37KiB/s ETA 00:26
[download]  48.3% of   41.42MiB at  948.61KiB/s ETA 00:23
[download]  49.5% of   41.42MiB at    1.14MiB/s ETA 00:18
[download]  51.9% of   41.42MiB at    1.20MiB/s ETA 00:16
[download]  54.9% of   41.42MiB at    1.60MiB/s ETA 00:11
[download]  61.0% of   41.42MiB at    1.95MiB/s ETA 00:08
[download]  67.6% of   41.42MiB at    1.54MiB/s ETA 00:08
[download]  70.8% of   41.42MiB at    1.46MiB/s ETA 00:08
[download]  70.8% of   41.42MiB at  Unknown B/s ETA Unknown
[download]  70.8% of   41.42MiB at    6.49MiB/s ETA 00:01
[download]  70.9% of   41.42MiB at    1.40MiB/s ETA 00:08
[download]  70.9% of   41.42MiB at    1.82MiB/s ETA 00:06
[download]  71.0% of   41.42MiB at    1.85MiB/s ETA 00:06
[download]  71.1% of   41.42MiB at    2.35MiB/s ETA 00:05
[download]  71.4% of   41.42MiB at    2.70MiB/s ETA 00:04
[download]  72.0% of   41.42MiB at    2.52MiB/s ETA 00:04
[download]  73.2% of   41.42MiB at    2.87MiB/s ETA 00:03
[download]  75.6% of   41.42MiB at    2.39MiB/s ETA 00:04
[download]  80.5% of   41.42MiB at    2.98MiB/s ETA 00:02
[download]  90.0% of   41.42MiB at    3.32MiB/s ETA 00:01
[download]  94.7% of   41.42MiB at    3.43MiB/s ETA 00:00
[download]  94.7% of   41.42MiB at  367.41KiB/s ETA 00:06
[download]  94.7% of   41.42MiB at    3.14MiB/s ETA 00:00
[download]  94.8% of   41.42MiB at    2.43MiB/s ETA 00:00
[download]  94.8% of   41.42MiB at    3.22MiB/s ETA 00:00
[download]  95.0% of   41.42MiB at    3.84MiB/s ETA 00:00
[download]  95.3% of   41.42MiB at    3.00MiB/s ETA 00:00
[download]  95.9% of   41.42MiB at    3.11MiB/s ETA 00:00
[download]  97.1% of   41.42MiB at    3.38MiB/s ETA 00:00
[download]  99.5% of   41.42MiB at    3.84MiB/s ETA 00:00
[download] 100.0% of   41.42MiB at    3.79MiB/s ETA 00:00
[download] 100% of   41.42MiB in 00:00:22 at 1.86MiB/s
[ExtractAudio] Destination: Turkish Talks/İnsan Nasıl Değişir？ ｜ Beyhan Budak ｜
TEDxIzmir.wav
Deleting original file Turkish Talks/İnsan Nasıl Değişir？ ｜ Beyhan Budak ｜ TEDxI
zmir.mp4 (pass -k to keep)
[download] Downloading item 10 of 10
[youtube] Extracting URL: https://www.youtube.com/watch?v=czotJvJxWHU
[youtube] czotJvJxWHU: Downloading webpage
[youtube] czotJvJxWHU: Downloading android player API JSON
[youtube] czotJvJxWHU: Downloading web client config
[youtube] czotJvJxWHU: Downloading web player API JSON
WARNING: [youtube] czotJvJxWHU: Some android client https formats have been skip
ped as they are missing a URL. YouTube may have enabled the SABR-only streaming
experiment for the current session. See  https://github.com/yt-dlp/yt-dlp/issues
/12482  for more details
[info] czotJvJxWHU: Downloading subtitles: tr
[info] czotJvJxWHU: Downloading 1 format(s): 18
[info] Writing video subtitles to: Turkish Talks/Ben Bir Malım ｜ I am an Idiot ｜
 Behçet Yalın Özkara ｜ TEDxIzmit.tr.vtt
WARNING: The extractor specified to use impersonation for this download, but no
impersonate target is available. If you encounter errors, then see  https://gith
ub.com/yt-dlp/yt-dlp#impersonation  for information on installing the required d
ependencies
[download] Destination: Turkish Talks/Ben Bir Malım ｜ I am an Idiot ｜ Behçet Yal
ın Özkara ｜ TEDxIzmit.tr.vtt
[download]   15.00KiB at  259.62KiB/s (00:00:00)
[download]   29.11KiB at  388.51KiB/s (00:00:00)
[download] 100% of   29.11KiB in 00:00:00 at 59.20KiB/s
[SubtitlesConvertor] Converting subtitles
Deleting original file Turkish Talks/Ben Bir Malım ｜ I am an Idiot ｜ Behçet Yalı
n Özkara ｜ TEDxIzmit.tr.vtt (pass -k to keep)
[download] Destination: Turkish Talks/Ben Bir Malım ｜ I am an Idiot ｜ Behçet Yal
ın Özkara ｜ TEDxIzmit.mp4
[download]   0.0% of   20.95MiB at    1.15MiB/s ETA 00:18
[download]   0.1% of   20.95MiB at  139.71KiB/s ETA 02:33
[download]   0.1% of   20.95MiB at  280.67KiB/s ETA 01:16
[download]   0.3% of   20.95MiB at  555.27KiB/s ETA 00:38
[download]   0.6% of   20.95MiB at  173.59KiB/s ETA 02:02
[download]   1.1% of   20.95MiB at  305.08KiB/s ETA 01:09
[download]   2.0% of   20.95MiB at  221.45KiB/s ETA 01:34
[download]   2.8% of   20.95MiB at  295.67KiB/s ETA 01:10
[download]   4.4% of   20.95MiB at  449.02KiB/s ETA 00:45
[download]   7.6% of   20.95MiB at  725.56KiB/s ETA 00:27
[download]  13.9% of   20.95MiB at    1.19MiB/s ETA 00:15
[download]  26.6% of   20.95MiB at    1.93MiB/s ETA 00:07
[download]  45.7% of   20.95MiB at    2.60MiB/s ETA 00:04
[download]  46.6% of   20.95MiB at    2.65MiB/s ETA 00:04
[download]  46.7% of   20.95MiB at  Unknown B/s ETA Unknown
[download]  46.7% of   20.95MiB at    3.48MiB/s ETA 00:03
[download]  46.8% of   20.95MiB at  883.91KiB/s ETA 00:12
[download]  46.9% of   20.95MiB at    1.47MiB/s ETA 00:07
[download]  47.2% of   20.95MiB at    2.25MiB/s ETA 00:04
[download]  47.8% of   20.95MiB at    3.50MiB/s ETA 00:03
[download]  49.0% of   20.95MiB at    4.75MiB/s ETA 00:02
[download]  51.4% of   20.95MiB at    5.53MiB/s ETA 00:01
[download]  56.2% of   20.95MiB at    6.20MiB/s ETA 00:01
[download]  65.7% of   20.95MiB at    5.10MiB/s ETA 00:01
[download]  84.8% of   20.95MiB at    5.68MiB/s ETA 00:00
[download]  92.6% of   20.95MiB at    5.64MiB/s ETA 00:00
[download]  92.6% of   20.95MiB at  Unknown B/s ETA Unknown
[download]  92.7% of   20.95MiB at  226.20KiB/s ETA 00:06
[download]  92.7% of   20.95MiB at   55.50KiB/s ETA 00:28
[download]  92.8% of   20.95MiB at   98.95KiB/s ETA 00:15
[download]  92.9% of   20.95MiB at  108.71KiB/s ETA 00:13
[download]  93.2% of   20.95MiB at  136.88KiB/s ETA 00:10
[download]  93.8% of   20.95MiB at  225.50KiB/s ETA 00:05
[download]  95.0% of   20.95MiB at  307.87KiB/s ETA 00:03
[download]  97.3% of   20.95MiB at  514.77KiB/s ETA 00:01
[download] 100.0% of   20.95MiB at  668.55KiB/s ETA 00:00
[download] 100% of   20.95MiB in 00:00:14 at 1.42MiB/s
[ExtractAudio] Destination: Turkish Talks/Ben Bir Malım ｜ I am an Idiot ｜ Behçet
 Yalın Özkara ｜ TEDxIzmit.wav
Deleting original file Turkish Talks/Ben Bir Malım ｜ I am an Idiot ｜ Behçet Yalı
n Özkara ｜ TEDxIzmit.mp4 (pass -k to keep)
[download] Finished downloading playlist: TED talk in Turkish
----------------------------------------
Starting batch for: Indonesian
Folder: Indonesian Talks
Subtitles: en.*, id.*
[youtube:search] Extracting URL: ytsearch10:TED talk in Indonesian
[download] Downloading playlist: TED talk in Indonesian
[youtube:search] query "TED talk in Indonesian": Downloading web client config
[youtube:search] query "TED talk in Indonesian" page 1: Downloading API JSON
[youtube:search] Playlist TED talk in Indonesian: Downloading 10 items of 10
[download] Downloading item 1 of 10
[youtube] Extracting URL: https://www.youtube.com/watch?v=_A1DRoGqNrw
[youtube] _A1DRoGqNrw: Downloading webpage
[youtube] _A1DRoGqNrw: Downloading android player API JSON
[youtube] _A1DRoGqNrw: Downloading web client config
[youtube] _A1DRoGqNrw: Downloading web player API JSON
WARNING: [youtube] _A1DRoGqNrw: Some android client https formats have been skip
ped as they are missing a URL. YouTube may have enabled the SABR-only streaming
experiment for the current session. See  https://github.com/yt-dlp/yt-dlp/issues
/12482  for more details
[info] _A1DRoGqNrw: Downloading subtitles: en, id
[info] _A1DRoGqNrw: Downloading 1 format(s): 18
[info] Writing video subtitles to: Indonesian Talks/The Culture of Eating Pizza
with Sauce in Indonesia ｜ Kezia Nania Manik ｜ TEDxYouth@SmakOne.en.vtt
WARNING: The extractor specified to use impersonation for this download, but no
impersonate target is available. If you encounter errors, then see  https://gith
ub.com/yt-dlp/yt-dlp#impersonation  for information on installing the required d
ependencies
[download] Destination: Indonesian Talks/The Culture of Eating Pizza with Sauce
in Indonesia ｜ Kezia Nania Manik ｜ TEDxYouth@SmakOne.en.vtt
[download]    7.00KiB at    3.49MiB/s (00:00:00)
[download]   15.00KiB at    2.30MiB/s (00:00:00)
[download] 100% of   15.79KiB in 00:00:00 at 31.10KiB/s
[info] Writing video subtitles to: Indonesian Talks/The Culture of Eating Pizza
with Sauce in Indonesia ｜ Kezia Nania Manik ｜ TEDxYouth@SmakOne.id.vtt
WARNING: The extractor specified to use impersonation for this download, but no
impersonate target is available. If you encounter errors, then see  https://gith
ub.com/yt-dlp/yt-dlp#impersonation  for information on installing the required d
ependencies
[download] Destination: Indonesian Talks/The Culture of Eating Pizza with Sauce
in Indonesia ｜ Kezia Nania Manik ｜ TEDxYouth@SmakOne.id.vtt
[download]    7.00KiB at    2.41MiB/s (00:00:00)
[download]   15.00KiB at    1.59MiB/s (00:00:00)
[download] 100% of   15.27KiB in 00:00:00 at 37.45KiB/s
[SubtitlesConvertor] Converting subtitles
Deleting original file Indonesian Talks/The Culture of Eating Pizza with Sauce i
n Indonesia ｜ Kezia Nania Manik ｜ TEDxYouth@SmakOne.id.vtt (pass -k to keep)
Deleting original file Indonesian Talks/The Culture of Eating Pizza with Sauce i
n Indonesia ｜ Kezia Nania Manik ｜ TEDxYouth@SmakOne.en.vtt (pass -k to keep)
[download] Destination: Indonesian Talks/The Culture of Eating Pizza with Sauce
in Indonesia ｜ Kezia Nania Manik ｜ TEDxYouth@SmakOne.mp4
[download]   0.0% of   27.80MiB at    2.45MiB/s ETA 00:11
[download]   0.0% of   27.80MiB at  181.25KiB/s ETA 02:37
[download]   0.1% of   27.80MiB at  766.83KiB/s ETA 00:37
[download]   0.2% of   27.80MiB at    1.46MiB/s ETA 00:19
[download]   0.4% of   27.80MiB at    1.29MiB/s ETA 00:21
[download]   0.9% of   27.80MiB at    1.54MiB/s ETA 00:17
[download]   1.8% of   27.80MiB at    1.04MiB/s ETA 00:26
[download]   3.6% of   27.80MiB at    1.52MiB/s ETA 00:17
[download]   7.2% of   27.80MiB at    2.35MiB/s ETA 00:10
[download]  14.4% of   27.80MiB at    2.77MiB/s ETA 00:08
[download]  26.6% of   27.80MiB at    1.44MiB/s ETA 00:14
[download]  32.7% of   27.80MiB at    1.70MiB/s ETA 00:11
[download]  35.3% of   27.80MiB at    1.81MiB/s ETA 00:09
[download]  35.3% of   27.80MiB at  Unknown B/s ETA Unknown
[download]  35.3% of   27.80MiB at    6.36MiB/s ETA 00:02
[download]  35.4% of   27.80MiB at    4.20MiB/s ETA 00:04
[download]  35.5% of   27.80MiB at    3.68MiB/s ETA 00:04
[download]  35.7% of   27.80MiB at    2.30MiB/s ETA 00:07
[download]  36.2% of   27.80MiB at    3.73MiB/s ETA 00:04
[download]  37.1% of   27.80MiB at    3.58MiB/s ETA 00:04
[download]  38.9% of   27.80MiB at    5.07MiB/s ETA 00:03
[download]  42.5% of   27.80MiB at    4.43MiB/s ETA 00:03
[download]  49.7% of   27.80MiB at    2.47MiB/s ETA 00:05
[download]  55.8% of   27.80MiB at    2.80MiB/s ETA 00:04
[download]  68.1% of   27.80MiB at    3.11MiB/s ETA 00:02
[download]  70.9% of   27.80MiB at    3.23MiB/s ETA 00:02
[download]  70.9% of   27.80MiB at  Unknown B/s ETA Unknown
[download]  70.9% of   27.80MiB at    2.03MiB/s ETA 00:03
[download]  71.0% of   27.80MiB at    1.44MiB/s ETA 00:05
[download]  71.0% of   27.80MiB at    2.35MiB/s ETA 00:03
[download]  71.1% of   27.80MiB at    3.12MiB/s ETA 00:02
[download]  71.3% of   27.80MiB at    3.77MiB/s ETA 00:02
[download]  71.8% of   27.80MiB at    4.11MiB/s ETA 00:01
[download]  72.7% of   27.80MiB at    2.71MiB/s ETA 00:02
[download]  74.5% of   27.80MiB at    3.29MiB/s ETA 00:02
[download]  78.1% of   27.80MiB at    3.21MiB/s ETA 00:01
[download]  85.3% of   27.80MiB at    1.90MiB/s ETA 00:02
[download]  90.2% of   27.80MiB at    1.58MiB/s ETA 00:01
[download]  93.9% of   27.80MiB at    1.72MiB/s ETA 00:00
[download] 100.0% of   27.80MiB at    1.91MiB/s ETA 00:00
[download] 100% of   27.80MiB in 00:00:14 at 1.92MiB/s
[ExtractAudio] Destination: Indonesian Talks/The Culture of Eating Pizza with Sa
uce in Indonesia ｜ Kezia Nania Manik ｜ TEDxYouth@SmakOne.wav
Deleting original file Indonesian Talks/The Culture of Eating Pizza with Sauce i
n Indonesia ｜ Kezia Nania Manik ｜ TEDxYouth@SmakOne.mp4 (pass -k to keep)
[download] Downloading item 2 of 10
[youtube] Extracting URL: https://www.youtube.com/watch?v=7bmCVc4UQQg
[youtube] 7bmCVc4UQQg: Downloading webpage
[youtube] 7bmCVc4UQQg: Downloading android player API JSON
[youtube] 7bmCVc4UQQg: Downloading web client config
[youtube] 7bmCVc4UQQg: Downloading web player API JSON
WARNING: [youtube] 7bmCVc4UQQg: Some android client https formats have been skip
ped as they are missing a URL. YouTube may have enabled the SABR-only streaming
experiment for the current session. See  https://github.com/yt-dlp/yt-dlp/issues
/12482  for more details
[info] 7bmCVc4UQQg: Downloading 1 format(s): 18
[info] There are no subtitles for the requested languages
[SubtitlesConvertor] There aren't any subtitles to convert
[download] Destination: Indonesian Talks/The Freedom of Being a Beginner ｜ Rache
l Amanda ｜ TEDxUniversitasIndonesia.mp4
[download]   0.0% of   32.13MiB at    1.41MiB/s ETA 00:22
[download]   0.0% of   32.13MiB at   51.30KiB/s ETA 10:41
[download]   0.1% of   32.13MiB at   82.15KiB/s ETA 06:40
[download]   0.2% of   32.13MiB at  108.79KiB/s ETA 05:01
[download]   0.4% of   32.13MiB at  143.67KiB/s ETA 03:48
[download]   0.8% of   32.13MiB at  224.71KiB/s ETA 02:25
[download]   1.6% of   32.13MiB at  355.45KiB/s ETA 01:31
[download]   3.1% of   32.13MiB at  583.71KiB/s ETA 00:54
[download]   6.2% of   32.13MiB at  989.90KiB/s ETA 00:31
[download]  12.4% of   32.13MiB at    1.33MiB/s ETA 00:21
[download]  19.1% of   32.13MiB at    1.89MiB/s ETA 00:13
[download]  30.6% of   32.13MiB at    2.33MiB/s ETA 00:09
[download]  30.6% of   32.13MiB at   18.55KiB/s ETA 20:31
[download]  30.6% of   32.13MiB at  266.83KiB/s ETA 01:25
[download]  30.7% of   32.13MiB at   92.80KiB/s ETA 04:05
[download]  30.8% of   32.13MiB at   98.39KiB/s ETA 03:51
[download]  31.0% of   32.13MiB at  153.70KiB/s ETA 02:27
[download]  31.4% of   32.13MiB at  225.45KiB/s ETA 01:40
[download]  32.1% of   32.13MiB at  357.13KiB/s ETA 01:02
[download]  33.7% of   32.13MiB at  594.21KiB/s ETA 00:36
[download]  36.8% of   32.13MiB at  997.55KiB/s ETA 00:20
[download]  43.0% of   32.13MiB at    1.54MiB/s ETA 00:11
[download]  54.6% of   32.13MiB at    2.31MiB/s ETA 00:06
[download]  60.3% of   32.13MiB at    2.52MiB/s ETA 00:05
[download]  60.3% of   32.13MiB at  335.36KiB/s ETA 00:39
[download]  60.3% of   32.13MiB at  802.53KiB/s ETA 00:16
[download]  60.3% of   32.13MiB at  240.67KiB/s ETA 00:54
[download]  60.3% of   32.13MiB at   49.34KiB/s ETA 04:24
[download]  60.4% of   32.13MiB at   93.47KiB/s ETA 02:19
[download]  60.5% of   32.13MiB at  106.70KiB/s ETA 02:01
[download]  60.7% of   32.13MiB at  149.16KiB/s ETA 01:26
[download]  61.0% of   32.13MiB at  221.84KiB/s ETA 00:57
[download]  61.8% of   32.13MiB at  335.41KiB/s ETA 00:37
[download]  63.4% of   32.13MiB at  421.25KiB/s ETA 00:28
[download]  65.1% of   32.13MiB at  509.10KiB/s ETA 00:22
[download]  67.6% of   32.13MiB at  754.92KiB/s ETA 00:14
[download]  72.5% of   32.13MiB at  888.94KiB/s ETA 00:10
[download]  76.2% of   32.13MiB at 1002.00KiB/s ETA 00:07
[download]  81.5% of   32.13MiB at    1.04MiB/s ETA 00:05
[download]  85.4% of   32.13MiB at    1.08MiB/s ETA 00:04
[download]  89.7% of   32.13MiB at    1.10MiB/s ETA 00:02
[download]  90.7% of   32.13MiB at    1.11MiB/s ETA 00:02
[download]  90.7% of   32.13MiB at  Unknown B/s ETA Unknown
[download]  90.7% of   32.13MiB at  102.28KiB/s ETA 00:29
[download]  90.7% of   32.13MiB at  232.44KiB/s ETA 00:13
[download]  90.7% of   32.13MiB at   53.50KiB/s ETA 00:56
[download]  90.8% of   32.13MiB at   81.82KiB/s ETA 00:37
[download]  90.9% of   32.13MiB at  110.33KiB/s ETA 00:27
[download]  91.1% of   32.13MiB at  157.67KiB/s ETA 00:18
[download]  91.5% of   32.13MiB at  232.01KiB/s ETA 00:12
[download]  92.3% of   32.13MiB at  367.49KiB/s ETA 00:06
[download]  93.8% of   32.13MiB at  604.47KiB/s ETA 00:03
[download]  96.9% of   32.13MiB at 1020.77KiB/s ETA 00:00
[download] 100.0% of   32.13MiB at    1.23MiB/s ETA 00:00
[download] 100% of   32.13MiB in 00:00:25 at 1.26MiB/s
[ExtractAudio] Destination: Indonesian Talks/The Freedom of Being a Beginner ｜ R
achel Amanda ｜ TEDxUniversitasIndonesia.wav
Deleting original file Indonesian Talks/The Freedom of Being a Beginner ｜ Rachel
 Amanda ｜ TEDxUniversitasIndonesia.mp4 (pass -k to keep)
[download] Downloading item 3 of 10
[youtube] Extracting URL: https://www.youtube.com/watch?v=A_sChQ9lAdM
[youtube] A_sChQ9lAdM: Downloading webpage
[youtube] A_sChQ9lAdM: Downloading android player API JSON
[youtube] A_sChQ9lAdM: Downloading web client config
[youtube] A_sChQ9lAdM: Downloading web player API JSON
WARNING: [youtube] A_sChQ9lAdM: Some android client https formats have been skip
ped as they are missing a URL. YouTube may have enabled the SABR-only streaming
experiment for the current session. See  https://github.com/yt-dlp/yt-dlp/issues
/12482  for more details
[info] A_sChQ9lAdM: Downloading 1 format(s): 18
[info] There are no subtitles for the requested languages
[SubtitlesConvertor] There aren't any subtitles to convert
[download] Destination: Indonesian Talks/Generasi Kembali ke Akar ｜ Dr. Muhammad
 Faisal ｜ TEDxUNDIP.mp4
[download]   0.0% of   38.46MiB at  137.21KiB/s ETA 04:47
[download]   0.0% of   38.46MiB at   48.46KiB/s ETA 13:32
[download]   0.1% of   38.46MiB at   78.98KiB/s ETA 08:18
[download]   0.2% of   38.46MiB at  110.04KiB/s ETA 05:57
[download]   0.3% of   38.46MiB at  147.76KiB/s ETA 04:25
[download]   0.6% of   38.46MiB at  217.03KiB/s ETA 03:00
[download]   1.3% of   38.46MiB at  293.25KiB/s ETA 02:12
[download]   2.4% of   38.46MiB at  497.70KiB/s ETA 01:17
[download]   4.7% of   38.46MiB at  810.19KiB/s ETA 00:46
[download]   9.3% of   38.46MiB at    1.11MiB/s ETA 00:31
[download]  14.3% of   38.46MiB at    1.23MiB/s ETA 00:26
[download]  18.3% of   38.46MiB at    1.38MiB/s ETA 00:22
[download]  24.5% of   38.46MiB at    1.58MiB/s ETA 00:18
[download]  25.4% of   38.46MiB at    1.57MiB/s ETA 00:18
[download]  25.4% of   38.46MiB at  Unknown B/s ETA Unknown
[download]  25.4% of   38.46MiB at  242.34KiB/s ETA 02:01
[download]  25.4% of   38.46MiB at   55.60KiB/s ETA 08:48
[download]  25.5% of   38.46MiB at   99.30KiB/s ETA 04:55
[download]  25.6% of   38.46MiB at  105.54KiB/s ETA 04:37
[download]  25.7% of   38.46MiB at  148.49KiB/s ETA 03:17
[download]  26.0% of   38.46MiB at  225.83KiB/s ETA 02:08
[download]  26.7% of   38.46MiB at  355.99KiB/s ETA 01:21
[download]  28.0% of   38.46MiB at  589.34KiB/s ETA 00:48
[download]  30.6% of   38.46MiB at  959.87KiB/s ETA 00:28
[download]  35.8% of   38.46MiB at    1.46MiB/s ETA 00:16
[download]  44.3% of   38.46MiB at    2.04MiB/s ETA 00:10
[download]  50.5% of   38.46MiB at    2.56MiB/s ETA 00:07
[download]  50.5% of   38.46MiB at   33.26KiB/s ETA 09:46
[download]  50.6% of   38.46MiB at  460.93KiB/s ETA 00:42
[download]  50.6% of   38.46MiB at   99.30KiB/s ETA 03:15
[download]  50.7% of   38.46MiB at  115.34KiB/s ETA 02:48
[download]  50.8% of   38.46MiB at  153.46KiB/s ETA 02:06
[download]  51.2% of   38.46MiB at  227.71KiB/s ETA 01:24
[download]  51.8% of   38.46MiB at  363.00KiB/s ETA 00:52
[download]  53.1% of   38.46MiB at  598.62KiB/s ETA 00:30
[download]  55.7% of   38.46MiB at  788.55KiB/s ETA 00:22
[download]  58.6% of   38.46MiB at    1.19MiB/s ETA 00:13
[download]  64.5% of   38.46MiB at    1.13MiB/s ETA 00:12
[download]  67.4% of   38.46MiB at    1.36MiB/s ETA 00:09
[download]  73.3% of   38.46MiB at    1.41MiB/s ETA 00:07
[download]  76.1% of   38.46MiB at    1.43MiB/s ETA 00:06
[download]  76.1% of   38.46MiB at  315.74KiB/s ETA 00:30
[download]  76.1% of   38.46MiB at    1.41MiB/s ETA 00:06
[download]  76.1% of   38.46MiB at  299.43KiB/s ETA 00:31
[download]  76.2% of   38.46MiB at   91.31KiB/s ETA 01:42
[download]  76.2% of   38.46MiB at  114.25KiB/s ETA 01:21
[download]  76.4% of   38.46MiB at  149.35KiB/s ETA 01:02
[download]  76.7% of   38.46MiB at  178.97KiB/s ETA 00:51
[download]  77.3% of   38.46MiB at  296.07KiB/s ETA 00:30
[download]  78.4% of   38.46MiB at  390.00KiB/s ETA 00:21
[download]  79.9% of   38.46MiB at  463.01KiB/s ETA 00:17
[download]  81.6% of   38.46MiB at  499.73KiB/s ETA 00:14
[download]  83.1% of   38.46MiB at  530.70KiB/s ETA 00:12
[download]  84.9% of   38.46MiB at  540.46KiB/s ETA 00:11
[download]  86.3% of   38.46MiB at  567.49KiB/s ETA 00:09
[download]  88.4% of   38.46MiB at  541.25KiB/s ETA 00:08
[download]  89.5% of   38.46MiB at  544.29KiB/s ETA 00:07
[download]  91.0% of   38.46MiB at  547.00KiB/s ETA 00:06
[download]  92.4% of   38.46MiB at  552.90KiB/s ETA 00:05
[download]  94.0% of   38.46MiB at  551.14KiB/s ETA 00:04
[download]  95.4% of   38.46MiB at  553.21KiB/s ETA 00:03
[download]  96.9% of   38.46MiB at  552.79KiB/s ETA 00:02
[download]  98.2% of   38.46MiB at  554.84KiB/s ETA 00:01
[download]  99.7% of   38.46MiB at  556.23KiB/s ETA 00:00
[download] 100.0% of   38.46MiB at  557.43KiB/s ETA 00:00
[download] 100% of   38.46MiB in 00:00:40 at 973.23KiB/s
[ExtractAudio] Destination: Indonesian Talks/Generasi Kembali ke Akar ｜ Dr. Muha
mmad Faisal ｜ TEDxUNDIP.wav
Deleting original file Indonesian Talks/Generasi Kembali ke Akar ｜ Dr. Muhammad
Faisal ｜ TEDxUNDIP.mp4 (pass -k to keep)
[download] Downloading item 4 of 10
[youtube] Extracting URL: https://www.youtube.com/watch?v=e4K9NH7-6I4
[youtube] e4K9NH7-6I4: Downloading webpage
[youtube] e4K9NH7-6I4: Downloading android player API JSON
[youtube] e4K9NH7-6I4: Downloading web client config
[youtube] e4K9NH7-6I4: Downloading web player API JSON
WARNING: [youtube] e4K9NH7-6I4: Some android client https formats have been skip
ped as they are missing a URL. YouTube may have enabled the SABR-only streaming
experiment for the current session. See  https://github.com/yt-dlp/yt-dlp/issues
/12482  for more details
[info] e4K9NH7-6I4: Downloading subtitles: en
[info] e4K9NH7-6I4: Downloading 1 format(s): 18
[info] Writing video subtitles to: Indonesian Talks/When You're Lost, Pursue You
rself ｜ Khairani Ashry ｜ TEDxAnggerek Desa Youth.en.vtt
WARNING: The extractor specified to use impersonation for this download, but no
impersonate target is available. If you encounter errors, then see  https://gith
ub.com/yt-dlp/yt-dlp#impersonation  for information on installing the required d
ependencies
[download] Destination: Indonesian Talks/When You're Lost, Pursue Yourself ｜ Kha
irani Ashry ｜ TEDxAnggerek Desa Youth.en.vtt
[download]    7.00KiB at    2.39MiB/s (00:00:01)
[download]   15.00KiB at  785.38KiB/s (00:00:01)
[download] 100% of   15.44KiB in 00:00:01 at 8.35KiB/s
[SubtitlesConvertor] Converting subtitles
Deleting original file Indonesian Talks/When You're Lost, Pursue Yourself ｜ Khai
rani Ashry ｜ TEDxAnggerek Desa Youth.en.vtt (pass -k to keep)
[download] Destination: Indonesian Talks/When You're Lost, Pursue Yourself ｜ Kha
irani Ashry ｜ TEDxAnggerek Desa Youth.mp4
[download]   0.0% of   19.87MiB at  366.35KiB/s ETA 00:55
[download]   0.1% of   19.87MiB at  505.57KiB/s ETA 00:40
[download]   0.2% of   19.87MiB at  713.60KiB/s ETA 00:28
[download]   0.3% of   19.87MiB at    1.15MiB/s ETA 00:17
[download]   0.6% of   19.87MiB at    1.88MiB/s ETA 00:10
[download]   1.3% of   19.87MiB at    1.91MiB/s ETA 00:10
[download]   2.5% of   19.87MiB at    1.81MiB/s ETA 00:10
[download]   5.0% of   19.87MiB at    2.11MiB/s ETA 00:08
[download]  10.1% of   19.87MiB at    2.93MiB/s ETA 00:06
[download]  20.1% of   19.87MiB at    3.90MiB/s ETA 00:04
[download]  40.3% of   19.87MiB at    4.65MiB/s ETA 00:02
[download]  49.4% of   19.87MiB at    4.60MiB/s ETA 00:02
[download]  49.4% of   19.87MiB at  325.87KiB/s ETA 00:31
[download]  49.4% of   19.87MiB at    2.89MiB/s ETA 00:03
[download]  49.5% of   19.87MiB at    2.27MiB/s ETA 00:04
[download]  49.7% of   19.87MiB at    3.65MiB/s ETA 00:02
[download]  50.0% of   19.87MiB at    4.15MiB/s ETA 00:02
[download]  50.6% of   19.87MiB at    4.98MiB/s ETA 00:01
[download]  51.9% of   19.87MiB at    4.43MiB/s ETA 00:02
[download]  54.4% of   19.87MiB at    5.30MiB/s ETA 00:01
[download]  59.4% of   19.87MiB at    4.45MiB/s ETA 00:01
[download]  69.5% of   19.87MiB at    5.31MiB/s ETA 00:01
[download]  89.6% of   19.87MiB at    5.52MiB/s ETA 00:00
[download]  99.7% of   19.87MiB at    5.63MiB/s ETA 00:00
[download]  99.7% of   19.87MiB at  Unknown B/s ETA Unknown
[download]  99.8% of   19.87MiB at    2.20MiB/s ETA 00:00
[download]  99.8% of   19.87MiB at    4.20MiB/s ETA 00:00
[download] 100.0% of   19.87MiB at    1.50MiB/s ETA 00:00
[download] 100% of   19.87MiB in 00:00:05 at 3.78MiB/s
[ExtractAudio] Destination: Indonesian Talks/When You're Lost, Pursue Yourself ｜
 Khairani Ashry ｜ TEDxAnggerek Desa Youth.wav
Deleting original file Indonesian Talks/When You're Lost, Pursue Yourself ｜ Khai
rani Ashry ｜ TEDxAnggerek Desa Youth.mp4 (pass -k to keep)
[download] Downloading item 5 of 10
[youtube] Extracting URL: https://www.youtube.com/watch?v=eeQK7u0Vxn4
[youtube] eeQK7u0Vxn4: Downloading webpage
[youtube] eeQK7u0Vxn4: Downloading android player API JSON
[youtube] eeQK7u0Vxn4: Downloading web client config
[youtube] eeQK7u0Vxn4: Downloading web player API JSON
WARNING: [youtube] eeQK7u0Vxn4: Some android client https formats have been skip
ped as they are missing a URL. YouTube may have enabled the SABR-only streaming
experiment for the current session. See  https://github.com/yt-dlp/yt-dlp/issues
/12482  for more details
[info] eeQK7u0Vxn4: Downloading 1 format(s): 18
[info] There are no subtitles for the requested languages
[SubtitlesConvertor] There aren't any subtitles to convert
[download] Destination: Indonesian Talks/The Power of Self-Talk ｜ Natasha Kenira
ras ｜ TEDxUniversitas Brawijaya.mp4
[download]   0.0% of   31.60MiB at    8.14MiB/s ETA 00:03
[download]   0.1% of   31.60MiB at    4.67MiB/s ETA 00:06
[download]   0.2% of   31.60MiB at    4.58MiB/s ETA 00:06
[download]   0.4% of   31.60MiB at    4.59MiB/s ETA 00:06
[download]   0.8% of   31.60MiB at    3.73MiB/s ETA 00:08
[download]   1.6% of   31.60MiB at    4.13MiB/s ETA 00:07
[download]   3.2% of   31.60MiB at    5.01MiB/s ETA 00:06
[download]   6.3% of   31.60MiB at    5.95MiB/s ETA 00:04
[download]  12.7% of   31.60MiB at    6.45MiB/s ETA 00:04
[download]  25.3% of   31.60MiB at    6.01MiB/s ETA 00:03
[download]  31.0% of   31.60MiB at    5.94MiB/s ETA 00:03
[download]  31.0% of   31.60MiB at  896.35KiB/s ETA 00:24
[download]  31.0% of   31.60MiB at    3.03MiB/s ETA 00:07
[download]  31.1% of   31.60MiB at    3.07MiB/s ETA 00:07
[download]  31.2% of   31.60MiB at    3.76MiB/s ETA 00:05
[download]  31.4% of   31.60MiB at    4.73MiB/s ETA 00:04
[download]  31.8% of   31.60MiB at    5.63MiB/s ETA 00:03
[download]  32.6% of   31.60MiB at    5.80MiB/s ETA 00:03
[download]  34.1% of   31.60MiB at    6.08MiB/s ETA 00:03
[download]  37.3% of   31.60MiB at    6.17MiB/s ETA 00:03
[download]  43.6% of   31.60MiB at    5.47MiB/s ETA 00:03
[download]  56.3% of   31.60MiB at    4.34MiB/s ETA 00:03
[download]  61.3% of   31.60MiB at    4.63MiB/s ETA 00:02
[download]  61.3% of   31.60MiB at  336.95KiB/s ETA 00:37
[download]  61.3% of   31.60MiB at    3.00MiB/s ETA 00:04
[download]  61.4% of   31.60MiB at    4.56MiB/s ETA 00:02
[download]  61.5% of   31.60MiB at    3.67MiB/s ETA 00:03
[download]  61.7% of   31.60MiB at    1.76MiB/s ETA 00:06
[download]  62.1% of   31.60MiB at    2.90MiB/s ETA 00:04
[download]  62.8% of   31.60MiB at    3.92MiB/s ETA 00:02
[download]  64.4% of   31.60MiB at    3.61MiB/s ETA 00:03
[download]  67.6% of   31.60MiB at    4.20MiB/s ETA 00:02
[download]  73.9% of   31.60MiB at    3.96MiB/s ETA 00:02
[download]  85.8% of   31.60MiB at    2.58MiB/s ETA 00:01
[download]  91.7% of   31.60MiB at    2.66MiB/s ETA 00:00
[download]  92.6% of   31.60MiB at    2.69MiB/s ETA 00:00
[download]  92.6% of   31.60MiB at  320.08KiB/s ETA 00:07
[download]  92.6% of   31.60MiB at    3.20MiB/s ETA 00:00
[download]  92.7% of   31.60MiB at    4.68MiB/s ETA 00:00
[download]  92.8% of   31.60MiB at  613.44KiB/s ETA 00:03
[download]  93.0% of   31.60MiB at  661.61KiB/s ETA 00:03
[download]  93.4% of   31.60MiB at    1.15MiB/s ETA 00:01
[download]  94.2% of   31.60MiB at    1.67MiB/s ETA 00:01
[download]  95.8% of   31.60MiB at  490.05KiB/s ETA 00:02
[download]  96.6% of   31.60MiB at  554.33KiB/s ETA 00:01
[download]  98.4% of   31.60MiB at  706.64KiB/s ETA 00:00
[download] 100.0% of   31.60MiB at  839.11KiB/s ETA 00:00
[download] 100% of   31.60MiB in 00:00:10 at 2.87MiB/s
[ExtractAudio] Destination: Indonesian Talks/The Power of Self-Talk ｜ Natasha Ke
niraras ｜ TEDxUniversitas Brawijaya.wav
Deleting original file Indonesian Talks/The Power of Self-Talk ｜ Natasha Kenirar
as ｜ TEDxUniversitas Brawijaya.mp4 (pass -k to keep)
[download] Downloading item 6 of 10
[youtube] Extracting URL: https://www.youtube.com/watch?v=tr6-XK0edX4
[youtube] tr6-XK0edX4: Downloading webpage
[youtube] tr6-XK0edX4: Downloading android player API JSON
[youtube] tr6-XK0edX4: Downloading web client config
[youtube] tr6-XK0edX4: Downloading web player API JSON
WARNING: [youtube] tr6-XK0edX4: Some android client https formats have been skip
ped as they are missing a URL. YouTube may have enabled the SABR-only streaming
experiment for the current session. See  https://github.com/yt-dlp/yt-dlp/issues
/12482  for more details
[info] tr6-XK0edX4: Downloading subtitles: en, id
[info] tr6-XK0edX4: Downloading 1 format(s): 18
[info] Writing video subtitles to: Indonesian Talks/The Courage To Be Seen ｜ Ket
ut Permata Juliastrid Sari (Tata Juliastrid) ｜ TEDxUEF.en.vtt
WARNING: The extractor specified to use impersonation for this download, but no
impersonate target is available. If you encounter errors, then see  https://gith
ub.com/yt-dlp/yt-dlp#impersonation  for information on installing the required d
ependencies
[download] Destination: Indonesian Talks/The Courage To Be Seen ｜ Ketut Permata
Juliastrid Sari (Tata Juliastrid) ｜ TEDxUEF.en.vtt
[download] 100% of   11.58KiB in 00:00:00 at 20.04KiB/s
[info] Writing video subtitles to: Indonesian Talks/The Courage To Be Seen ｜ Ket
ut Permata Juliastrid Sari (Tata Juliastrid) ｜ TEDxUEF.id.vtt
WARNING: The extractor specified to use impersonation for this download, but no
impersonate target is available. If you encounter errors, then see  https://gith
ub.com/yt-dlp/yt-dlp#impersonation  for information on installing the required d
ependencies
[download] Destination: Indonesian Talks/The Courage To Be Seen ｜ Ketut Permata
Juliastrid Sari (Tata Juliastrid) ｜ TEDxUEF.id.vtt
[download]    7.00KiB at    3.53MiB/s (00:00:00)
[download]   12.84KiB at    1.86MiB/s (00:00:00)
[download] 100% of   12.84KiB in 00:00:00 at 33.14KiB/s
[SubtitlesConvertor] Converting subtitles
Deleting original file Indonesian Talks/The Courage To Be Seen ｜ Ketut Permata J
uliastrid Sari (Tata Juliastrid) ｜ TEDxUEF.en.vtt (pass -k to keep)
Deleting original file Indonesian Talks/The Courage To Be Seen ｜ Ketut Permata J
uliastrid Sari (Tata Juliastrid) ｜ TEDxUEF.id.vtt (pass -k to keep)
[download] Destination: Indonesian Talks/The Courage To Be Seen ｜ Ketut Permata
Juliastrid Sari (Tata Juliastrid) ｜ TEDxUEF.mp4
[download]   0.1% of   20.85MiB at    2.15MiB/s ETA 00:09
[download]   0.1% of   20.85MiB at  706.80KiB/s ETA 00:30
[download]   0.3% of   20.85MiB at    1.03MiB/s ETA 00:20
[download]   0.6% of   20.85MiB at    1.63MiB/s ETA 00:12
[download]   1.2% of   20.85MiB at    1.81MiB/s ETA 00:11
[download]   2.4% of   20.85MiB at    2.75MiB/s ETA 00:07
[download]   4.8% of   20.85MiB at    3.73MiB/s ETA 00:05
[download]   9.6% of   20.85MiB at    4.96MiB/s ETA 00:03
[download]  19.2% of   20.85MiB at    6.16MiB/s ETA 00:02
[download]  38.4% of   20.85MiB at    3.59MiB/s ETA 00:03
[download]  47.7% of   20.85MiB at    3.76MiB/s ETA 00:02
[download]  47.7% of   20.85MiB at  Unknown B/s ETA Unknown
[download]  47.8% of   20.85MiB at  Unknown B/s ETA Unknown
[download]  47.8% of   20.85MiB at    2.34MiB/s ETA 00:04
[download]  47.9% of   20.85MiB at    3.06MiB/s ETA 00:03
[download]  48.0% of   20.85MiB at    1.48MiB/s ETA 00:07
[download]  48.3% of   20.85MiB at    2.41MiB/s ETA 00:04
[download]  48.9% of   20.85MiB at    3.67MiB/s ETA 00:02
[download]  50.1% of   20.85MiB at    3.66MiB/s ETA 00:02
[download]  52.5% of   20.85MiB at    5.10MiB/s ETA 00:01
[download]  57.3% of   20.85MiB at    4.80MiB/s ETA 00:01
[download]  66.9% of   20.85MiB at    3.47MiB/s ETA 00:01
[download]  79.9% of   20.85MiB at    3.56MiB/s ETA 00:01
[download]  94.7% of   20.85MiB at    3.98MiB/s ETA 00:00
[download]  94.7% of   20.85MiB at  Unknown B/s ETA Unknown
[download]  94.7% of   20.85MiB at    4.62MiB/s ETA 00:00
[download]  94.8% of   20.85MiB at    1.77MiB/s ETA 00:00
[download]  95.0% of   20.85MiB at    2.94MiB/s ETA 00:00
[download]  95.3% of   20.85MiB at    3.61MiB/s ETA 00:00
[download]  95.9% of   20.85MiB at    5.32MiB/s ETA 00:00
[download]  97.1% of   20.85MiB at    5.56MiB/s ETA 00:00
[download]  99.5% of   20.85MiB at    6.88MiB/s ETA 00:00
[download] 100.0% of   20.85MiB at    7.36MiB/s ETA 00:00
[download] 100% of   20.85MiB in 00:00:06 at 3.20MiB/s
[ExtractAudio] Destination: Indonesian Talks/The Courage To Be Seen ｜ Ketut Perm
ata Juliastrid Sari (Tata Juliastrid) ｜ TEDxUEF.wav
Deleting original file Indonesian Talks/The Courage To Be Seen ｜ Ketut Permata J
uliastrid Sari (Tata Juliastrid) ｜ TEDxUEF.mp4 (pass -k to keep)
[download] Downloading item 7 of 10
[youtube] Extracting URL: https://www.youtube.com/watch?v=rFdLNfYmp-w
[youtube] rFdLNfYmp-w: Downloading webpage
[youtube] rFdLNfYmp-w: Downloading android player API JSON
[youtube] rFdLNfYmp-w: Downloading web client config
[youtube] rFdLNfYmp-w: Downloading web player API JSON
WARNING: [youtube] rFdLNfYmp-w: Some android client https formats have been skip
ped as they are missing a URL. YouTube may have enabled the SABR-only streaming
experiment for the current session. See  https://github.com/yt-dlp/yt-dlp/issues
/12482  for more details
[info] rFdLNfYmp-w: Downloading 1 format(s): 18
[info] There are no subtitles for the requested languages
[SubtitlesConvertor] There aren't any subtitles to convert
[download] Destination: Indonesian Talks/Paint Your Life Like Wild Grass ｜ Eva A
licia Wijaya ｜ TEDxUniversitasIndonesia.mp4
[download]   0.0% of   44.97MiB at  283.97KiB/s ETA 02:42
[download]   0.1% of   44.97MiB at  201.72KiB/s ETA 03:48
[download]   0.1% of   44.97MiB at  236.76KiB/s ETA 03:14
[download]   0.3% of   44.97MiB at  319.83KiB/s ETA 02:23
[download]   0.6% of   44.97MiB at  463.81KiB/s ETA 01:38
[download]   1.1% of   44.97MiB at  709.51KiB/s ETA 01:04
[download]   2.2% of   44.97MiB at    1.17MiB/s ETA 00:37
[download]   4.4% of   44.97MiB at    1.94MiB/s ETA 00:22
[download]   8.9% of   44.97MiB at    2.36MiB/s ETA 00:17
[download]  15.6% of   44.97MiB at    2.93MiB/s ETA 00:12
[download]  21.7% of   44.97MiB at    3.25MiB/s ETA 00:10
[download]  21.8% of   44.97MiB at   42.35KiB/s ETA 14:11
[download]  21.8% of   44.97MiB at  608.80KiB/s ETA 00:59
[download]  21.8% of   44.97MiB at  194.13KiB/s ETA 03:05
[download]  21.9% of   44.97MiB at  243.17KiB/s ETA 02:27
[download]  22.0% of   44.97MiB at  312.08KiB/s ETA 01:55
[download]  22.3% of   44.97MiB at  474.74KiB/s ETA 01:15
[download]  22.9% of   44.97MiB at  761.46KiB/s ETA 00:46
[download]  24.0% of   44.97MiB at  531.93KiB/s ETA 01:05
[download]  24.9% of   44.97MiB at  637.39KiB/s ETA 00:54
[download]  26.6% of   44.97MiB at  886.00KiB/s ETA 00:38
[download]  30.2% of   44.97MiB at    1.14MiB/s ETA 00:27
[download]  34.7% of   44.97MiB at    1.37MiB/s ETA 00:21
[download]  39.5% of   44.97MiB at    1.28MiB/s ETA 00:21
[download]  42.0% of   44.97MiB at    1.41MiB/s ETA 00:18
[download]  43.3% of   44.97MiB at    1.45MiB/s ETA 00:17
[download]  43.3% of   44.97MiB at  Unknown B/s ETA Unknown
[download]  43.4% of   44.97MiB at    5.39MiB/s ETA 00:04
[download]  43.4% of   44.97MiB at  614.90KiB/s ETA 00:42
[download]  43.4% of   44.97MiB at  175.26KiB/s ETA 02:28
[download]  43.5% of   44.97MiB at  217.48KiB/s ETA 01:59
[download]  43.6% of   44.97MiB at  304.45KiB/s ETA 01:25
[download]  43.9% of   44.97MiB at  450.35KiB/s ETA 00:57
[download]  44.5% of   44.97MiB at  706.21KiB/s ETA 00:36
[download]  45.6% of   44.97MiB at    1.13MiB/s ETA 00:21
[download]  47.8% of   44.97MiB at    1.91MiB/s ETA 00:12
[download]  52.2% of   44.97MiB at    2.55MiB/s ETA 00:08
[download]  60.8% of   44.97MiB at    3.68MiB/s ETA 00:04
[download]  64.5% of   44.97MiB at    3.74MiB/s ETA 00:04
[download]  64.5% of   44.97MiB at  323.98KiB/s ETA 00:50
[download]  64.6% of   44.97MiB at    1.60MiB/s ETA 00:09
[download]  64.6% of   44.97MiB at  526.40KiB/s ETA 00:31
[download]  64.6% of   44.97MiB at  211.59KiB/s ETA 01:17
[download]  64.7% of   44.97MiB at  232.38KiB/s ETA 01:10
[download]  64.8% of   44.97MiB at  332.28KiB/s ETA 00:48
[download]  65.1% of   44.97MiB at  482.24KiB/s ETA 00:33
[download]  65.6% of   44.97MiB at  646.35KiB/s ETA 00:24
[download]  66.8% of   44.97MiB at 1002.33KiB/s ETA 00:15
[download]  69.0% of   44.97MiB at    1.27MiB/s ETA 00:10
[download]  73.0% of   44.97MiB at    1.45MiB/s ETA 00:08
[download]  76.8% of   44.97MiB at    1.51MiB/s ETA 00:06
[download]  80.5% of   44.97MiB at    1.65MiB/s ETA 00:05
[download]  85.9% of   44.97MiB at    1.85MiB/s ETA 00:03
[download]  86.1% of   44.97MiB at    1.86MiB/s ETA 00:03
[download]  86.1% of   44.97MiB at  328.53KiB/s ETA 00:19
[download]  86.1% of   44.97MiB at  905.90KiB/s ETA 00:07
[download]  86.1% of   44.97MiB at  471.19KiB/s ETA 00:13
[download]  86.2% of   44.97MiB at  117.58KiB/s ETA 00:54
[download]  86.2% of   44.97MiB at  195.31KiB/s ETA 00:32
[download]  86.3% of   44.97MiB at  240.36KiB/s ETA 00:26
[download]  86.4% of   44.97MiB at  327.26KiB/s ETA 00:19
[download]  86.7% of   44.97MiB at  471.32KiB/s ETA 00:13
[download]  87.2% of   44.97MiB at  743.09KiB/s ETA 00:07
[download]  88.4% of   44.97MiB at    1.18MiB/s ETA 00:04
[download]  90.6% of   44.97MiB at    2.00MiB/s ETA 00:02
[download]  95.0% of   44.97MiB at    2.60MiB/s ETA 00:00
[download] 100.0% of   44.97MiB at    3.78MiB/s ETA 00:00
[download] 100% of   44.97MiB in 00:00:23 at 1.92MiB/s
[ExtractAudio] Destination: Indonesian Talks/Paint Your Life Like Wild Grass ｜ E
va Alicia Wijaya ｜ TEDxUniversitasIndonesia.wav
Deleting original file Indonesian Talks/Paint Your Life Like Wild Grass ｜ Eva Al
icia Wijaya ｜ TEDxUniversitasIndonesia.mp4 (pass -k to keep)
[download] Downloading item 8 of 10
[youtube] Extracting URL: https://www.youtube.com/watch?v=gWIEdFj04-Y
[youtube] gWIEdFj04-Y: Downloading webpage
[youtube] gWIEdFj04-Y: Downloading android player API JSON
[youtube] gWIEdFj04-Y: Downloading web client config
[youtube] gWIEdFj04-Y: Downloading web player API JSON
WARNING: [youtube] gWIEdFj04-Y: Some android client https formats have been skip
ped as they are missing a URL. YouTube may have enabled the SABR-only streaming
experiment for the current session. See  https://github.com/yt-dlp/yt-dlp/issues
/12482  for more details
[info] gWIEdFj04-Y: Downloading 1 format(s): 18
[info] There are no subtitles for the requested languages
[SubtitlesConvertor] There aren't any subtitles to convert
[download] Destination: Indonesian Talks/Continuous Reflection ： Indonesian Way
to Accelerate Self Development ｜ Donnie Silalahi ｜ TEDxUNDIP.mp4
[download]   0.0% of   50.59MiB at    2.98MiB/s ETA 00:17
[download]   0.1% of   50.59MiB at    3.12MiB/s ETA 00:16
[download]   0.1% of   50.59MiB at    3.03MiB/s ETA 00:16
[download]   0.2% of   50.59MiB at    3.11MiB/s ETA 00:16
[download]   0.5% of   50.59MiB at    2.94MiB/s ETA 00:17
[download]   1.0% of   50.59MiB at    2.95MiB/s ETA 00:16
[download]   2.0% of   50.59MiB at    3.87MiB/s ETA 00:12
[download]   4.0% of   50.59MiB at    4.04MiB/s ETA 00:12
[download]   7.9% of   50.59MiB at    3.45MiB/s ETA 00:13
[download]  13.9% of   50.59MiB at    2.44MiB/s ETA 00:17
[download]  17.3% of   50.59MiB at    2.78MiB/s ETA 00:15
[download]  19.4% of   50.59MiB at    2.58MiB/s ETA 00:15
[download]  19.4% of   50.59MiB at  Unknown B/s ETA Unknown
[download]  19.5% of   50.59MiB at    5.85MiB/s ETA 00:06
[download]  19.5% of   50.59MiB at    3.03MiB/s ETA 00:13
[download]  19.5% of   50.59MiB at    4.56MiB/s ETA 00:08
[download]  19.7% of   50.59MiB at    5.17MiB/s ETA 00:07
[download]  19.9% of   50.59MiB at    6.06MiB/s ETA 00:06
[download]  20.4% of   50.59MiB at    4.65MiB/s ETA 00:08
[download]  21.4% of   50.59MiB at    5.58MiB/s ETA 00:07
[download]  23.4% of   50.59MiB at    1.82MiB/s ETA 00:21
[download]  25.5% of   50.59MiB at    2.46MiB/s ETA 00:15
[download]  29.8% of   50.59MiB at    2.55MiB/s ETA 00:13
[download]  35.2% of   50.59MiB at    2.99MiB/s ETA 00:10
[download]  38.9% of   50.59MiB at    2.61MiB/s ETA 00:11
[download]  38.9% of   50.59MiB at  Unknown B/s ETA Unknown
[download]  39.0% of   50.59MiB at    2.23MiB/s ETA 00:13
[download]  39.0% of   50.59MiB at    3.02MiB/s ETA 00:10
[download]  39.0% of   50.59MiB at    2.86MiB/s ETA 00:10
[download]  39.1% of   50.59MiB at    3.64MiB/s ETA 00:08
[download]  39.2% of   50.59MiB at    2.29MiB/s ETA 00:13
[download]  39.4% of   50.59MiB at    3.21MiB/s ETA 00:09
[download]  39.9% of   50.59MiB at    4.49MiB/s ETA 00:06
[download]  40.9% of   50.59MiB at    5.48MiB/s ETA 00:05
[download]  42.9% of   50.59MiB at    5.96MiB/s ETA 00:04
[download]  46.8% of   50.59MiB at    5.05MiB/s ETA 00:05
[download]  54.8% of   50.59MiB at    4.32MiB/s ETA 00:05
[download]  57.8% of   50.59MiB at    4.39MiB/s ETA 00:04
[download]  57.8% of   50.59MiB at  Unknown B/s ETA Unknown
[download]  57.8% of   50.59MiB at    6.15MiB/s ETA 00:03
[download]  57.8% of   50.59MiB at    1.59MiB/s ETA 00:13
[download]  57.8% of   50.59MiB at    2.44MiB/s ETA 00:08
[download]  57.9% of   50.59MiB at    4.68MiB/s ETA 00:04
[download]  58.0% of   50.59MiB at    4.79MiB/s ETA 00:04
[download]  58.3% of   50.59MiB at    4.20MiB/s ETA 00:05
[download]  58.8% of   50.59MiB at    4.46MiB/s ETA 00:04
[download]  59.8% of   50.59MiB at    4.51MiB/s ETA 00:04
[download]  61.7% of   50.59MiB at    2.47MiB/s ETA 00:07
[download]  65.1% of   50.59MiB at    3.43MiB/s ETA 00:05
[download]  71.8% of   50.59MiB at    3.65MiB/s ETA 00:03
[download]  76.8% of   50.59MiB at    3.86MiB/s ETA 00:03
[download]  76.8% of   50.59MiB at  321.87KiB/s ETA 00:37
[download]  76.8% of   50.59MiB at    2.72MiB/s ETA 00:04
[download]  76.8% of   50.59MiB at    2.32MiB/s ETA 00:05
[download]  76.9% of   50.59MiB at    2.65MiB/s ETA 00:04
[download]  77.0% of   50.59MiB at    2.53MiB/s ETA 00:04
[download]  77.3% of   50.59MiB at    2.07MiB/s ETA 00:05
[download]  77.8% of   50.59MiB at    1.69MiB/s ETA 00:06
[download]  78.7% of   50.59MiB at    2.28MiB/s ETA 00:04
[download]  80.7% of   50.59MiB at    2.89MiB/s ETA 00:03
[download]  84.7% of   50.59MiB at    2.75MiB/s ETA 00:02
[download]  89.9% of   50.59MiB at    3.49MiB/s ETA 00:01
[download]  95.6% of   50.59MiB at    4.05MiB/s ETA 00:00
[download]  95.6% of   50.59MiB at  303.23KiB/s ETA 00:07
[download]  95.7% of   50.59MiB at    1.40MiB/s ETA 00:01
[download]  95.7% of   50.59MiB at    1.44MiB/s ETA 00:01
[download]  95.7% of   50.59MiB at    2.22MiB/s ETA 00:00
[download]  95.8% of   50.59MiB at    3.13MiB/s ETA 00:00
[download]  95.9% of   50.59MiB at    4.59MiB/s ETA 00:00
[download]  96.1% of   50.59MiB at    3.02MiB/s ETA 00:00
[download]  96.6% of   50.59MiB at    4.14MiB/s ETA 00:00
[download]  97.6% of   50.59MiB at    4.44MiB/s ETA 00:00
[download]  99.6% of   50.59MiB at    4.95MiB/s ETA 00:00
[download] 100.0% of   50.59MiB at    5.24MiB/s ETA 00:00
[download] 100% of   50.59MiB in 00:00:16 at 3.01MiB/s
[ExtractAudio] Destination: Indonesian Talks/Continuous Reflection ： Indonesian
Way to Accelerate Self Development ｜ Donnie Silalahi ｜ TEDxUNDIP.wav
Deleting original file Indonesian Talks/Continuous Reflection ： Indonesian Way t
o Accelerate Self Development ｜ Donnie Silalahi ｜ TEDxUNDIP.mp4 (pass -k to keep
)
[download] Downloading item 9 of 10
[youtube] Extracting URL: https://www.youtube.com/watch?v=LBgWsBkjsXQ
[youtube] LBgWsBkjsXQ: Downloading webpage
[youtube] LBgWsBkjsXQ: Downloading android player API JSON
[youtube] LBgWsBkjsXQ: Downloading web client config
[youtube] LBgWsBkjsXQ: Downloading web player API JSON
WARNING: [youtube] LBgWsBkjsXQ: Some android client https formats have been skip
ped as they are missing a URL. YouTube may have enabled the SABR-only streaming
experiment for the current session. See  https://github.com/yt-dlp/yt-dlp/issues
/12482  for more details
[info] LBgWsBkjsXQ: Downloading subtitles: id
[info] LBgWsBkjsXQ: Downloading 1 format(s): 18
[info] Writing video subtitles to: Indonesian Talks/TEDxJakarta - Anies Baswedan
 - Lighting Up Indonesia's Future.id.vtt
WARNING: The extractor specified to use impersonation for this download, but no
impersonate target is available. If you encounter errors, then see  https://gith
ub.com/yt-dlp/yt-dlp#impersonation  for information on installing the required d
ependencies
[download] Destination: Indonesian Talks/TEDxJakarta - Anies Baswedan - Lighting
 Up Indonesia's Future.id.vtt
[download]   13.75KiB at  195.78KiB/s (00:00:00)
[download] 100% of   13.75KiB in 00:00:00 at 24.08KiB/s
[SubtitlesConvertor] Converting subtitles
Deleting original file Indonesian Talks/TEDxJakarta - Anies Baswedan - Lighting
Up Indonesia's Future.id.vtt (pass -k to keep)
[download] Destination: Indonesian Talks/TEDxJakarta - Anies Baswedan - Lighting
 Up Indonesia's Future.mp4
[download]   0.0% of   23.69MiB at    4.45MiB/s ETA 00:05
[download]   0.1% of   23.69MiB at   53.78KiB/s ETA 07:30
[download]   0.1% of   23.69MiB at   86.08KiB/s ETA 04:41
[download]   0.3% of   23.69MiB at  102.70KiB/s ETA 03:55
[download]   0.5% of   23.69MiB at  117.44KiB/s ETA 03:25
[download]   1.1% of   23.69MiB at  217.48KiB/s ETA 01:50
[download]   2.1% of   23.69MiB at  334.07KiB/s ETA 01:11
[download]   4.2% of   23.69MiB at  504.34KiB/s ETA 00:46
[download]   8.4% of   23.69MiB at  917.48KiB/s ETA 00:24
[download]  16.9% of   23.69MiB at    1.51MiB/s ETA 00:13
[download]  33.8% of   23.69MiB at    2.27MiB/s ETA 00:06
[download]  41.3% of   23.69MiB at    2.47MiB/s ETA 00:05
[download]  41.3% of   23.69MiB at  Unknown B/s ETA Unknown
[download]  41.3% of   23.69MiB at    6.69MiB/s ETA 00:02
[download]  41.3% of   23.69MiB at    2.21MiB/s ETA 00:06
[download]  41.4% of   23.69MiB at    4.22MiB/s ETA 00:03
[download]  41.5% of   23.69MiB at    4.44MiB/s ETA 00:03
[download]  41.8% of   23.69MiB at    2.17MiB/s ETA 00:06
[download]  42.3% of   23.69MiB at    3.38MiB/s ETA 00:04
[download]  43.4% of   23.69MiB at    3.42MiB/s ETA 00:03
[download]  45.5% of   23.69MiB at    4.78MiB/s ETA 00:02
[download]  49.7% of   23.69MiB at    4.20MiB/s ETA 00:02
[download]  58.1% of   23.69MiB at    4.81MiB/s ETA 00:02
[download]  75.0% of   23.69MiB at    4.54MiB/s ETA 00:01
[download]  82.0% of   23.69MiB at    4.75MiB/s ETA 00:00
[download]  82.0% of   23.69MiB at  Unknown B/s ETA Unknown
[download]  82.0% of   23.69MiB at 1009.14KiB/s ETA 00:04
[download]  82.1% of   23.69MiB at    3.60MiB/s ETA 00:01
[download]  82.1% of   23.69MiB at    2.34MiB/s ETA 00:01
[download]  82.3% of   23.69MiB at    3.08MiB/s ETA 00:01
[download]  82.5% of   23.69MiB at    4.11MiB/s ETA 00:01
[download]  83.1% of   23.69MiB at    4.92MiB/s ETA 00:00
[download]  84.1% of   23.69MiB at    5.76MiB/s ETA 00:00
[download]  86.2% of   23.69MiB at    5.62MiB/s ETA 00:00
[download]  90.5% of   23.69MiB at    2.68MiB/s ETA 00:00
[download]  97.9% of   23.69MiB at    3.41MiB/s ETA 00:00
[download] 100.0% of   23.69MiB at    3.66MiB/s ETA 00:00
[download] 100% of   23.69MiB in 00:00:13 at 1.76MiB/s
[ExtractAudio] Destination: Indonesian Talks/TEDxJakarta - Anies Baswedan - Ligh
ting Up Indonesia's Future.wav
Deleting original file Indonesian Talks/TEDxJakarta - Anies Baswedan - Lighting
Up Indonesia's Future.mp4 (pass -k to keep)
[download] Downloading item 10 of 10
[youtube] Extracting URL: https://www.youtube.com/watch?v=vFVqIojBZ6A
[youtube] vFVqIojBZ6A: Downloading webpage
[youtube] vFVqIojBZ6A: Downloading android player API JSON
[youtube] vFVqIojBZ6A: Downloading web client config
[youtube] vFVqIojBZ6A: Downloading web player API JSON
WARNING: [youtube] vFVqIojBZ6A: Some android client https formats have been skip
ped as they are missing a URL. YouTube may have enabled the SABR-only streaming
experiment for the current session. See  https://github.com/yt-dlp/yt-dlp/issues
/12482  for more details
[info] vFVqIojBZ6A: Downloading 1 format(s): 18
[info] There are no subtitles for the requested languages
[SubtitlesConvertor] There aren't any subtitles to convert
[download] Destination: Indonesian Talks/“Mental terjajah ： Salah siapa？”  ｜ Gur
u Gembul ｜ TEDxPadjadjaran University.mp4
[download]   0.0% of   25.78MiB at    1.29MiB/s ETA 00:20
[download]   0.1% of   25.78MiB at    1.45MiB/s ETA 00:17
[download]   0.1% of   25.78MiB at    1.88MiB/s ETA 00:13
[download]   0.2% of   25.78MiB at    2.31MiB/s ETA 00:11
[download]   0.5% of   25.78MiB at    2.48MiB/s ETA 00:10
[download]   1.0% of   25.78MiB at    2.57MiB/s ETA 00:09
[download]   1.9% of   25.78MiB at    3.38MiB/s ETA 00:07
[download]   3.9% of   25.78MiB at    3.53MiB/s ETA 00:07
[download]   7.8% of   25.78MiB at    4.37MiB/s ETA 00:05
[download]  15.5% of   25.78MiB at    3.77MiB/s ETA 00:05
[download]  28.4% of   25.78MiB at    4.55MiB/s ETA 00:04
[download]  37.7% of   25.78MiB at    4.08MiB/s ETA 00:03
[download]  37.7% of   25.78MiB at  Unknown B/s ETA Unknown
[download]  37.8% of   25.78MiB at    1.14MiB/s ETA 00:14
[download]  37.8% of   25.78MiB at  183.87KiB/s ETA 01:29
[download]  37.9% of   25.78MiB at  223.07KiB/s ETA 01:13
[download]  38.2% of   25.78MiB at  303.03KiB/s ETA 00:53
[download]  38.7% of   25.78MiB at  443.67KiB/s ETA 00:36
[download]  39.6% of   25.78MiB at  712.50KiB/s ETA 00:22
[download]  41.6% of   25.78MiB at    1.13MiB/s ETA 00:13
[download]  45.5% of   25.78MiB at    1.44MiB/s ETA 00:09
[download]  53.2% of   25.78MiB at    2.68MiB/s ETA 00:04
[download]  68.7% of   25.78MiB at    3.29MiB/s ETA 00:02
[download]  74.8% of   25.78MiB at    3.65MiB/s ETA 00:01
[download]  74.8% of   25.78MiB at  349.64KiB/s ETA 00:19
[download]  74.9% of   25.78MiB at    1.77MiB/s ETA 00:03
[download]  74.9% of   25.78MiB at    1.43MiB/s ETA 00:04
[download]  75.0% of   25.78MiB at    2.37MiB/s ETA 00:02
[download]  75.1% of   25.78MiB at    3.64MiB/s ETA 00:01
[download]  75.3% of   25.78MiB at    4.48MiB/s ETA 00:01
[download]  75.8% of   25.78MiB at    4.74MiB/s ETA 00:01
[download]  76.8% of   25.78MiB at    3.85MiB/s ETA 00:01
[download]  78.7% of   25.78MiB at    4.44MiB/s ETA 00:01
[download]  82.6% of   25.78MiB at    4.35MiB/s ETA 00:01
[download]  90.3% of   25.78MiB at    4.48MiB/s ETA 00:00
[download] 100.0% of   25.78MiB at    4.83MiB/s ETA 00:00
[download] 100% of   25.78MiB in 00:00:09 at 2.67MiB/s
[ExtractAudio] Destination: Indonesian Talks/“Mental terjajah ： Salah siapa？”  ｜
 Guru Gembul ｜ TEDxPadjadjaran University.wav
Deleting original file Indonesian Talks/“Mental terjajah ： Salah siapa？”  ｜ Guru
 Gembul ｜ TEDxPadjadjaran University.mp4 (pass -k to keep)
[download] Finished downloading playlist: TED talk in Indonesian
----------------------------------------
Starting batch for: Urdu
Folder: Urdu Talks
Subtitles: en.*, ur.*
[youtube:search] Extracting URL: ytsearch10:TED talk in Urdu
[download] Downloading playlist: TED talk in Urdu
[youtube:search] query "TED talk in Urdu": Downloading web client config
[youtube:search] query "TED talk in Urdu" page 1: Downloading API JSON
[youtube:search] Playlist TED talk in Urdu: Downloading 10 items of 10
[download] Downloading item 1 of 10
[youtube] Extracting URL: https://www.youtube.com/watch?v=VD-RK-nY66k
[youtube] VD-RK-nY66k: Downloading webpage
[youtube] VD-RK-nY66k: Downloading android player API JSON
[youtube] VD-RK-nY66k: Downloading web client config
[youtube] VD-RK-nY66k: Downloading web player API JSON
WARNING: [youtube] VD-RK-nY66k: Some android client https formats have been skip
ped as they are missing a URL. YouTube may have enabled the SABR-only streaming
experiment for the current session. See  https://github.com/yt-dlp/yt-dlp/issues
/12482  for more details
[info] VD-RK-nY66k: Downloading 1 format(s): 18
[info] There are no subtitles for the requested languages
[SubtitlesConvertor] There aren't any subtitles to convert
[download] Destination: Urdu Talks/Urdu-Mera Payaam-e-Muhabbat  ｜ Dr. Arfa Zehra
 ｜ TEDxUCP.mp4
[download]   0.0% of   40.46MiB at    4.42MiB/s ETA 00:09
[download]   0.0% of   40.46MiB at  699.90KiB/s ETA 00:59
[download]   0.1% of   40.46MiB at  214.91KiB/s ETA 03:12
[download]   0.2% of   40.46MiB at  230.23KiB/s ETA 02:59
[download]   0.3% of   40.46MiB at  316.29KiB/s ETA 02:10
[download]   0.6% of   40.46MiB at  453.87KiB/s ETA 01:30
[download]   1.2% of   40.46MiB at  724.89KiB/s ETA 00:56
[download]   2.5% of   40.46MiB at    1.18MiB/s ETA 00:33
[download]   4.9% of   40.46MiB at    1.95MiB/s ETA 00:19
[download]   9.9% of   40.46MiB at    2.14MiB/s ETA 00:17
[download]  15.7% of   40.46MiB at    3.30MiB/s ETA 00:10
[download]  24.5% of   40.46MiB at    4.06MiB/s ETA 00:07
[download]  24.5% of   40.46MiB at  Unknown B/s ETA Unknown
[download]  24.5% of   40.46MiB at  165.04KiB/s ETA 03:09
[download]  24.5% of   40.46MiB at   56.14KiB/s ETA 09:17
[download]  24.6% of   40.46MiB at   81.42KiB/s ETA 06:23
[download]  24.7% of   40.46MiB at  109.50KiB/s ETA 04:45
[download]  24.8% of   40.46MiB at  156.14KiB/s ETA 03:19
[download]  25.1% of   40.46MiB at  232.20KiB/s ETA 02:13
[download]  25.7% of   40.46MiB at  362.97KiB/s ETA 01:24
[download]  27.0% of   40.46MiB at  602.07KiB/s ETA 00:50
[download]  29.4% of   40.46MiB at    1.00MiB/s ETA 00:28
[download]  34.4% of   40.46MiB at    1.52MiB/s ETA 00:17
[download]  42.2% of   40.46MiB at    1.94MiB/s ETA 00:12
[download]  48.4% of   40.46MiB at    2.47MiB/s ETA 00:08
[download]  48.4% of   40.46MiB at  Unknown B/s ETA Unknown
[download]  48.4% of   40.46MiB at  640.52KiB/s ETA 00:33
[download]  48.5% of   40.46MiB at  197.55KiB/s ETA 01:48
[download]  48.6% of   40.46MiB at  196.54KiB/s ETA 01:48
[download]  48.7% of   40.46MiB at  290.92KiB/s ETA 01:13
[download]  49.0% of   40.46MiB at  424.77KiB/s ETA 00:49
[download]  49.6% of   40.46MiB at  668.03KiB/s ETA 00:31
[download]  50.9% of   40.46MiB at    1.03MiB/s ETA 00:19
[download]  53.3% of   40.46MiB at    1.57MiB/s ETA 00:12
[download]  58.3% of   40.46MiB at    2.05MiB/s ETA 00:08
[download]  65.6% of   40.46MiB at    2.43MiB/s ETA 00:05
[download]  72.6% of   40.46MiB at    2.61MiB/s ETA 00:04
[download]  72.6% of   40.46MiB at   69.28KiB/s ETA 02:44
[download]  72.6% of   40.46MiB at  447.58KiB/s ETA 00:25
[download]  72.6% of   40.46MiB at   56.00KiB/s ETA 03:22
[download]  72.6% of   40.46MiB at   81.33KiB/s ETA 02:19
[download]  72.7% of   40.46MiB at  112.04KiB/s ETA 01:40
[download]  72.9% of   40.46MiB at  151.04KiB/s ETA 01:14
[download]  73.2% of   40.46MiB at  223.69KiB/s ETA 00:49
[download]  73.8% of   40.46MiB at  289.56KiB/s ETA 00:37
[download]  74.8% of   40.46MiB at  451.74KiB/s ETA 00:23
[download]  76.8% of   40.46MiB at  704.95KiB/s ETA 00:13
[download]  80.7% of   40.46MiB at    1.08MiB/s ETA 00:07
[download]  87.3% of   40.46MiB at    1.59MiB/s ETA 00:03
[download]  96.6% of   40.46MiB at    2.18MiB/s ETA 00:00
[download]  96.6% of   40.46MiB at   39.20KiB/s ETA 00:36
[download]  96.6% of   40.46MiB at  539.73KiB/s ETA 00:02
[download]  96.6% of   40.46MiB at  193.47KiB/s ETA 00:07
[download]  96.7% of   40.46MiB at  224.39KiB/s ETA 00:06
[download]  96.9% of   40.46MiB at  323.37KiB/s ETA 00:03
[download]  97.2% of   40.46MiB at  468.92KiB/s ETA 00:02
[download]  97.8% of   40.46MiB at  737.19KiB/s ETA 00:01
[download]  99.0% of   40.46MiB at 1006.80KiB/s ETA 00:00
[download] 100.0% of   40.46MiB at    1.09MiB/s ETA 00:00
[download] 100% of   40.46MiB in 00:00:23 at 1.74MiB/s
[ExtractAudio] Destination: Urdu Talks/Urdu-Mera Payaam-e-Muhabbat  ｜ Dr. Arfa Z
ehra ｜ TEDxUCP.wav
Deleting original file Urdu Talks/Urdu-Mera Payaam-e-Muhabbat  ｜ Dr. Arfa Zehra
｜ TEDxUCP.mp4 (pass -k to keep)
[download] Downloading item 2 of 10
[youtube] Extracting URL: https://www.youtube.com/watch?v=sTKuu3lSZnY
[youtube] sTKuu3lSZnY: Downloading webpage
[youtube] sTKuu3lSZnY: Downloading android player API JSON
[youtube] sTKuu3lSZnY: Downloading web client config
[youtube] sTKuu3lSZnY: Downloading web player API JSON
WARNING: [youtube] sTKuu3lSZnY: Some android client https formats have been skip
ped as they are missing a URL. YouTube may have enabled the SABR-only streaming
experiment for the current session. See  https://github.com/yt-dlp/yt-dlp/issues
/12482  for more details
[info] sTKuu3lSZnY: Downloading 1 format(s): 18
[info] There are no subtitles for the requested languages
[SubtitlesConvertor] There aren't any subtitles to convert
[download] Destination: Urdu Talks/TED Talk Coach Reveals Top Speaking Technique
s ｜ Talk like Ted Urdu Summary.mp4
[download]   0.2% of   25.45MiB at 1020.63KiB/s ETA 00:25
[download]   0.5% of   25.45MiB at    1.75MiB/s ETA 00:14
[download]   1.0% of   25.45MiB at    1.87MiB/s ETA 00:13
[download]   2.0% of   25.45MiB at    2.06MiB/s ETA 00:12
[download]   3.9% of   25.45MiB at    2.09MiB/s ETA 00:11
[download]   7.9% of   25.45MiB at    2.01MiB/s ETA 00:11
[download]  15.5% of   25.45MiB at    2.08MiB/s ETA 00:10
[download]  24.0% of   25.45MiB at    2.44MiB/s ETA 00:07
[download]  38.0% of   25.45MiB at    2.99MiB/s ETA 00:05
[download]  38.9% of   25.45MiB at    3.04MiB/s ETA 00:05
[download]  38.9% of   25.45MiB at  472.63KiB/s ETA 00:33
[download]  38.9% of   25.45MiB at    1.81MiB/s ETA 00:08
[download]  39.0% of   25.45MiB at    2.22MiB/s ETA 00:07
[download]  39.1% of   25.45MiB at    3.05MiB/s ETA 00:05
[download]  39.4% of   25.45MiB at  458.64KiB/s ETA 00:34
[download]  39.9% of   25.45MiB at  831.56KiB/s ETA 00:18
[download]  40.9% of   25.45MiB at    1.31MiB/s ETA 00:11
[download]  42.8% of   25.45MiB at    2.15MiB/s ETA 00:06
[download]  46.7% of   25.45MiB at    3.10MiB/s ETA 00:04
[download]  54.6% of   25.45MiB at    3.11MiB/s ETA 00:03
[download]  66.9% of   25.45MiB at    3.20MiB/s ETA 00:02
[download]  76.8% of   25.45MiB at    3.50MiB/s ETA 00:01
[download]  76.8% of   25.45MiB at  307.50KiB/s ETA 00:19
[download]  76.8% of   25.45MiB at    2.94MiB/s ETA 00:02
[download]  76.9% of   25.45MiB at    4.68MiB/s ETA 00:01
[download]  77.0% of   25.45MiB at    3.57MiB/s ETA 00:01
[download]  77.3% of   25.45MiB at    4.70MiB/s ETA 00:01
[download]  77.8% of   25.45MiB at    3.68MiB/s ETA 00:01
[download]  78.7% of   25.45MiB at    4.74MiB/s ETA 00:01
[download]  80.7% of   25.45MiB at    4.40MiB/s ETA 00:01
[download]  84.6% of   25.45MiB at    4.87MiB/s ETA 00:00
[download]  92.5% of   25.45MiB at    4.73MiB/s ETA 00:00
[download] 100.0% of   25.45MiB at    4.48MiB/s ETA 00:00
[download] 100% of   25.45MiB in 00:00:08 at 3.09MiB/s
[ExtractAudio] Destination: Urdu Talks/TED Talk Coach Reveals Top Speaking Techn
iques ｜ Talk like Ted Urdu Summary.wav
Deleting original file Urdu Talks/TED Talk Coach Reveals Top Speaking Techniques
 ｜ Talk like Ted Urdu Summary.mp4 (pass -k to keep)
[download] Downloading item 3 of 10
[youtube] Extracting URL: https://www.youtube.com/watch?v=Xmbs8ihPrlg
[youtube] Xmbs8ihPrlg: Downloading webpage
[youtube] Xmbs8ihPrlg: Downloading android player API JSON
[youtube] Xmbs8ihPrlg: Downloading web client config
[youtube] Xmbs8ihPrlg: Downloading web player API JSON
WARNING: [youtube] Xmbs8ihPrlg: Some android client https formats have been skip
ped as they are missing a URL. YouTube may have enabled the SABR-only streaming
experiment for the current session. See  https://github.com/yt-dlp/yt-dlp/issues
/12482  for more details
[info] Xmbs8ihPrlg: Downloading subtitles: en
[info] Xmbs8ihPrlg: Downloading 1 format(s): 18
[info] Writing video subtitles to: Urdu Talks/TEDxKarachi 2011 - Imran Khan - Ne
ver Give up on Your Dreams.en.vtt
WARNING: The extractor specified to use impersonation for this download, but no
impersonate target is available. If you encounter errors, then see  https://gith
ub.com/yt-dlp/yt-dlp#impersonation  for information on installing the required d
ependencies
[download] Destination: Urdu Talks/TEDxKarachi 2011 - Imran Khan - Never Give up
 on Your Dreams.en.vtt
[download]    7.00KiB at    2.87MiB/s (00:00:00)
[download]   15.00KiB at    1.46MiB/s (00:00:00)
[download]   28.53KiB at  478.82KiB/s (00:00:00)
[download] 100% of   28.53KiB in 00:00:00 at 51.62KiB/s
[SubtitlesConvertor] Converting subtitles
Deleting original file Urdu Talks/TEDxKarachi 2011 - Imran Khan - Never Give up
on Your Dreams.en.vtt (pass -k to keep)
[download] Destination: Urdu Talks/TEDxKarachi 2011 - Imran Khan - Never Give up
 on Your Dreams.mp4
[download]   0.0% of   34.24MiB at    1.45MiB/s ETA 00:23
[download]   0.0% of   34.24MiB at  865.20KiB/s ETA 00:40
[download]   0.1% of   34.24MiB at  186.58KiB/s ETA 03:07
[download]   0.2% of   34.24MiB at  224.16KiB/s ETA 02:36
[download]   0.4% of   34.24MiB at  308.70KiB/s ETA 01:53
[download]   0.7% of   34.24MiB at  349.18KiB/s ETA 01:39
[download]   1.5% of   34.24MiB at  597.58KiB/s ETA 00:57
[download]   2.9% of   34.24MiB at  950.07KiB/s ETA 00:35
[download]   5.8% of   34.24MiB at    1.35MiB/s ETA 00:23
[download]  11.7% of   34.24MiB at    1.91MiB/s ETA 00:15
[download]  21.3% of   34.24MiB at    1.99MiB/s ETA 00:13
[download]  27.4% of   34.24MiB at    2.10MiB/s ETA 00:11
[download]  27.9% of   34.24MiB at    2.10MiB/s ETA 00:11
[download]  27.9% of   34.24MiB at  335.46KiB/s ETA 01:15
[download]  27.9% of   34.24MiB at    1.64MiB/s ETA 00:15
[download]  27.9% of   34.24MiB at  559.81KiB/s ETA 00:45
[download]  28.0% of   34.24MiB at  196.32KiB/s ETA 02:08
[download]  28.0% of   34.24MiB at  235.04KiB/s ETA 01:47
[download]  28.2% of   34.24MiB at  307.45KiB/s ETA 01:21
[download]  28.6% of   34.24MiB at  466.34KiB/s ETA 00:53
[download]  29.3% of   34.24MiB at  731.90KiB/s ETA 00:33
[download]  30.8% of   34.24MiB at    1.18MiB/s ETA 00:20
[download]  33.7% of   34.24MiB at    1.91MiB/s ETA 00:11
[download]  39.5% of   34.24MiB at    2.39MiB/s ETA 00:08
[download]  48.9% of   34.24MiB at    3.54MiB/s ETA 00:04
[download]  55.8% of   34.24MiB at    4.01MiB/s ETA 00:03
[download]  55.8% of   34.24MiB at  Unknown B/s ETA Unknown
[download]  55.8% of   34.24MiB at 1008.41KiB/s ETA 00:15
[download]  55.8% of   34.24MiB at    1.87MiB/s ETA 00:08
[download]  55.9% of   34.24MiB at  117.00KiB/s ETA 02:12
[download]  55.9% of   34.24MiB at  201.39KiB/s ETA 01:16
[download]  56.0% of   34.24MiB at  220.07KiB/s ETA 01:10
[download]  56.2% of   34.24MiB at  310.15KiB/s ETA 00:49
[download]  56.5% of   34.24MiB at  363.77KiB/s ETA 00:41
[download]  57.3% of   34.24MiB at  686.78KiB/s ETA 00:21
[download]  58.7% of   34.24MiB at  742.09KiB/s ETA 00:19
[download]  61.0% of   34.24MiB at    1.15MiB/s ETA 00:11
[download]  65.6% of   34.24MiB at    1.84MiB/s ETA 00:06
[download]  74.8% of   34.24MiB at    2.25MiB/s ETA 00:03
[download]  83.4% of   34.24MiB at    2.38MiB/s ETA 00:02
[download]  84.6% of   34.24MiB at    2.42MiB/s ETA 00:02
[download]  84.6% of   34.24MiB at  340.45KiB/s ETA 00:15
[download]  84.6% of   34.24MiB at  869.95KiB/s ETA 00:06
[download]  84.6% of   34.24MiB at  455.15KiB/s ETA 00:11
[download]  84.7% of   34.24MiB at  115.36KiB/s ETA 00:46
[download]  84.7% of   34.24MiB at  207.62KiB/s ETA 00:25
[download]  84.8% of   34.24MiB at  226.28KiB/s ETA 00:23
[download]  85.0% of   34.24MiB at  318.65KiB/s ETA 00:16
[download]  85.4% of   34.24MiB at  459.87KiB/s ETA 00:11
[download]  86.1% of   34.24MiB at  609.29KiB/s ETA 00:08
[download]  87.5% of   34.24MiB at    1.12MiB/s ETA 00:03
[download]  90.5% of   34.24MiB at    1.62MiB/s ETA 00:02
[download]  96.3% of   34.24MiB at    2.09MiB/s ETA 00:00
[download] 100.0% of   34.24MiB at    2.51MiB/s ETA 00:00
[download] 100% of   34.24MiB in 00:00:16 at 2.14MiB/s
[ExtractAudio] Destination: Urdu Talks/TEDxKarachi 2011 - Imran Khan - Never Giv
e up on Your Dreams.wav
Deleting original file Urdu Talks/TEDxKarachi 2011 - Imran Khan - Never Give up
on Your Dreams.mp4 (pass -k to keep)
[download] Downloading item 4 of 10
[youtube] Extracting URL: https://www.youtube.com/watch?v=VRE6h_1K_HI
[youtube] VRE6h_1K_HI: Downloading webpage
[youtube] VRE6h_1K_HI: Downloading android player API JSON
[youtube] VRE6h_1K_HI: Downloading web client config
[youtube] VRE6h_1K_HI: Downloading web player API JSON
WARNING: [youtube] VRE6h_1K_HI: Some android client https formats have been skip
ped as they are missing a URL. YouTube may have enabled the SABR-only streaming
experiment for the current session. See  https://github.com/yt-dlp/yt-dlp/issues
/12482  for more details
[info] VRE6h_1K_HI: Downloading 1 format(s): 18
[info] There are no subtitles for the requested languages
[SubtitlesConvertor] There aren't any subtitles to convert
[download] Destination: Urdu Talks/The power of dreams and curiosity. ｜ Adeel Ha
shmi ｜ TEDxPunjabUniversity.mp4
[download]   0.0% of   87.59MiB at    1.05MiB/s ETA 01:23
[download]   0.0% of   87.59MiB at  531.16KiB/s ETA 02:48
[download]   0.0% of   87.59MiB at  191.54KiB/s ETA 07:48
[download]   0.1% of   87.59MiB at  233.52KiB/s ETA 06:23
[download]   0.1% of   87.59MiB at  323.24KiB/s ETA 04:37
[download]   0.3% of   87.59MiB at  452.62KiB/s ETA 03:17
[download]   0.6% of   87.59MiB at  734.11KiB/s ETA 02:01
[download]   1.1% of   87.59MiB at    1.15MiB/s ETA 01:15
[download]   2.3% of   87.59MiB at    1.69MiB/s ETA 00:50
[download]   4.6% of   87.59MiB at    2.47MiB/s ETA 00:33
[download]   9.1% of   87.59MiB at    3.70MiB/s ETA 00:21
[download]  10.9% of   87.59MiB at    3.69MiB/s ETA 00:21
[download]  10.9% of   87.59MiB at  349.03KiB/s ETA 03:49
[download]  10.9% of   87.59MiB at  829.35KiB/s ETA 01:36
[download]  10.9% of   87.59MiB at   34.09KiB/s ETA 39:02
[download]  11.0% of   87.59MiB at  148.82KiB/s ETA 08:56
[download]  11.0% of   87.59MiB at  168.69KiB/s ETA 07:53
[download]  11.1% of   87.59MiB at  239.99KiB/s ETA 05:32
[download]  11.2% of   87.59MiB at  376.35KiB/s ETA 03:31
[download]  11.5% of   87.59MiB at  609.44KiB/s ETA 02:10
[download]  12.1% of   87.59MiB at 1009.00KiB/s ETA 01:18
[download]  13.2% of   87.59MiB at    1.67MiB/s ETA 00:45
[download]  15.5% of   87.59MiB at    2.18MiB/s ETA 00:34
[download]  19.1% of   87.59MiB at    3.54MiB/s ETA 00:20
[download]  21.9% of   87.59MiB at    3.82MiB/s ETA 00:17
[download]  21.9% of   87.59MiB at  101.52KiB/s ETA 11:30
[download]  21.9% of   87.59MiB at  636.89KiB/s ETA 01:50
[download]  21.9% of   87.59MiB at   92.37KiB/s ETA 12:38
[download]  21.9% of   87.59MiB at  186.64KiB/s ETA 06:15
[download]  22.0% of   87.59MiB at  219.60KiB/s ETA 05:18
[download]  22.0% of   87.59MiB at  300.02KiB/s ETA 03:53
[download]  22.2% of   87.59MiB at  450.95KiB/s ETA 02:34
[download]  22.5% of   87.59MiB at  619.59KiB/s ETA 01:52
[download]  23.0% of   87.59MiB at  782.20KiB/s ETA 01:28
[download]  24.2% of   87.59MiB at    1.15MiB/s ETA 00:57
[download]  26.5% of   87.59MiB at    1.22MiB/s ETA 00:52
[download]  27.9% of   87.59MiB at    1.31MiB/s ETA 00:48
[download]  29.8% of   87.59MiB at    1.43MiB/s ETA 00:43
[download]  32.2% of   87.59MiB at    1.48MiB/s ETA 00:40
[download]  33.1% of   87.59MiB at    1.53MiB/s ETA 00:38
[download]  33.1% of   87.59MiB at  Unknown B/s ETA Unknown
[download]  33.1% of   87.59MiB at  538.12KiB/s ETA 01:51
[download]  33.1% of   87.59MiB at  649.73KiB/s ETA 01:32
[download]  33.1% of   87.59MiB at  195.05KiB/s ETA 05:07
[download]  33.1% of   87.59MiB at  223.54KiB/s ETA 04:28
[download]  33.2% of   87.59MiB at  310.38KiB/s ETA 03:12
[download]  33.4% of   87.59MiB at  457.28KiB/s ETA 02:10
[download]  33.6% of   87.59MiB at  730.61KiB/s ETA 01:21
[download]  34.2% of   87.59MiB at    1.04MiB/s ETA 00:55
[download]  35.4% of   87.59MiB at    1.32MiB/s ETA 00:42
[download]  37.4% of   87.59MiB at    1.93MiB/s ETA 00:28
[download]  41.5% of   87.59MiB at    2.03MiB/s ETA 00:25
[download]  44.0% of   87.59MiB at    2.11MiB/s ETA 00:23
[download]  44.3% of   87.59MiB at    2.16MiB/s ETA 00:22
[download]  44.3% of   87.59MiB at  164.47KiB/s ETA 05:04
[download]  44.3% of   87.59MiB at  985.47KiB/s ETA 00:50
[download]  44.3% of   87.59MiB at  504.24KiB/s ETA 01:39
[download]  44.3% of   87.59MiB at  194.37KiB/s ETA 04:16
[download]  44.4% of   87.59MiB at  225.86KiB/s ETA 03:40
[download]  44.4% of   87.59MiB at  254.09KiB/s ETA 03:16
[download]  44.6% of   87.59MiB at  456.62KiB/s ETA 01:48
[download]  44.9% of   87.59MiB at  651.46KiB/s ETA 01:15
[download]  45.4% of   87.59MiB at  658.52KiB/s ETA 01:14
[download]  46.2% of   87.59MiB at 1014.56KiB/s ETA 00:47
[download]  47.7% of   87.59MiB at  904.69KiB/s ETA 00:51
[download]  48.6% of   87.59MiB at  957.92KiB/s ETA 00:48
[download]  49.9% of   87.59MiB at 1010.22KiB/s ETA 00:44
[download]  51.3% of   87.59MiB at    1.01MiB/s ETA 00:42
[download]  52.6% of   87.59MiB at    1.04MiB/s ETA 00:40
[download]  53.9% of   87.59MiB at    1.04MiB/s ETA 00:38
[download]  55.1% of   87.59MiB at    1.02MiB/s ETA 00:38
[download]  55.5% of   87.59MiB at    1.02MiB/s ETA 00:38
[download]  55.5% of   87.59MiB at   51.51KiB/s ETA 12:56
[download]  55.5% of   87.59MiB at  675.78KiB/s ETA 00:59
[download]  55.5% of   87.59MiB at  179.07KiB/s ETA 03:42
[download]  55.5% of   87.59MiB at  232.65KiB/s ETA 02:51
[download]  55.6% of   87.59MiB at  321.70KiB/s ETA 02:03
[download]  55.7% of   87.59MiB at  382.85KiB/s ETA 01:43
[download]  56.0% of   87.59MiB at  624.55KiB/s ETA 01:03
[download]  56.6% of   87.59MiB at    1.02MiB/s ETA 00:37
[download]  57.7% of   87.59MiB at    1.62MiB/s ETA 00:22
[download]  60.0% of   87.59MiB at    2.03MiB/s ETA 00:17
[download]  63.1% of   87.59MiB at    2.99MiB/s ETA 00:10
[download]  66.9% of   87.59MiB at    3.66MiB/s ETA 00:07
[download]  66.9% of   87.59MiB at  351.96KiB/s ETA 01:24
[download]  66.9% of   87.59MiB at    1.05MiB/s ETA 00:27
[download]  66.9% of   87.59MiB at   74.60KiB/s ETA 06:38
[download]  66.9% of   87.59MiB at  144.81KiB/s ETA 03:25
[download]  66.9% of   87.59MiB at  172.77KiB/s ETA 02:51
[download]  67.0% of   87.59MiB at  204.27KiB/s ETA 02:24
[download]  67.1% of   87.59MiB at  303.57KiB/s ETA 01:37
[download]  67.4% of   87.59MiB at  507.33KiB/s ETA 00:57
[download]  68.0% of   87.59MiB at  847.79KiB/s ETA 00:33
[download]  69.1% of   87.59MiB at    1.34MiB/s ETA 00:20
[download]  71.4% of   87.59MiB at    1.80MiB/s ETA 00:13
[download]  74.6% of   87.59MiB at    2.18MiB/s ETA 00:10
[download]  78.0% of   87.59MiB at    2.34MiB/s ETA 00:08
[download]  78.0% of   87.59MiB at   27.24KiB/s ETA 12:05
[download]  78.0% of   87.59MiB at  184.69KiB/s ETA 01:47
[download]  78.0% of   87.59MiB at  383.24KiB/s ETA 00:51
[download]  78.0% of   87.59MiB at  130.20KiB/s ETA 02:31
[download]  78.0% of   87.59MiB at  198.94KiB/s ETA 01:39
[download]  78.1% of   87.59MiB at  182.24KiB/s ETA 01:47
[download]  78.2% of   87.59MiB at  215.21KiB/s ETA 01:30
[download]  78.5% of   87.59MiB at  355.55KiB/s ETA 00:54
[download]  79.1% of   87.59MiB at  391.53KiB/s ETA 00:47
[download]  79.6% of   87.59MiB at  374.93KiB/s ETA 00:48
[download]  80.0% of   87.59MiB at  362.96KiB/s ETA 00:49
[download]  80.3% of   87.59MiB at  351.37KiB/s ETA 00:50
[download]  80.7% of   87.59MiB at  352.18KiB/s ETA 00:49
[download]  81.1% of   87.59MiB at  352.01KiB/s ETA 00:48
[download]  81.4% of   87.59MiB at  354.32KiB/s ETA 00:46
[download]  81.9% of   87.59MiB at  368.28KiB/s ETA 00:44
[download]  82.5% of   87.59MiB at  402.35KiB/s ETA 00:39
[download]  83.6% of   87.59MiB at  461.93KiB/s ETA 00:31
[download]  84.9% of   87.59MiB at  514.73KiB/s ETA 00:26
[download]  86.0% of   87.59MiB at  548.11KiB/s ETA 00:22
[download]  87.0% of   87.59MiB at  588.33KiB/s ETA 00:19
[download]  88.6% of   87.59MiB at  641.80KiB/s ETA 00:15
[download]  89.2% of   87.59MiB at  667.29KiB/s ETA 00:14
[download]  89.2% of   87.59MiB at  330.47KiB/s ETA 00:29
[download]  89.2% of   87.59MiB at  813.48KiB/s ETA 00:11
[download]  89.2% of   87.59MiB at   26.08KiB/s ETA 06:11
[download]  89.2% of   87.59MiB at   55.65KiB/s ETA 02:53
[download]  89.2% of   87.59MiB at   92.73KiB/s ETA 01:44
[download]  89.3% of   87.59MiB at   99.79KiB/s ETA 01:36
[download]  89.3% of   87.59MiB at  152.15KiB/s ETA 01:02
[download]  89.5% of   87.59MiB at  227.97KiB/s ETA 00:41
[download]  89.8% of   87.59MiB at  361.51KiB/s ETA 00:25
[download]  90.3% of   87.59MiB at  597.25KiB/s ETA 00:14
[download]  91.5% of   87.59MiB at  890.90KiB/s ETA 00:08
[download]  93.4% of   87.59MiB at    1.42MiB/s ETA 00:04
[download]  97.3% of   87.59MiB at    1.88MiB/s ETA 00:01
[download] 100.0% of   87.59MiB at    1.88MiB/s ETA 00:00
[download] 100% of   87.59MiB in 00:01:00 at 1.44MiB/s
[ExtractAudio] Destination: Urdu Talks/The power of dreams and curiosity. ｜ Adee
l Hashmi ｜ TEDxPunjabUniversity.wav
Deleting original file Urdu Talks/The power of dreams and curiosity. ｜ Adeel Has
hmi ｜ TEDxPunjabUniversity.mp4 (pass -k to keep)
[download] Downloading item 5 of 10
[youtube] Extracting URL: https://www.youtube.com/watch?v=xfW78PBkLxI
[youtube] xfW78PBkLxI: Downloading webpage
[youtube] xfW78PBkLxI: Downloading android player API JSON
[youtube] xfW78PBkLxI: Downloading web client config
[youtube] xfW78PBkLxI: Downloading web player API JSON
WARNING: [youtube] xfW78PBkLxI: Some android client https formats have been skip
ped as they are missing a URL. YouTube may have enabled the SABR-only streaming
experiment for the current session. See  https://github.com/yt-dlp/yt-dlp/issues
/12482  for more details
[info] xfW78PBkLxI: Downloading 1 format(s): 18
[info] There are no subtitles for the requested languages
[SubtitlesConvertor] There aren't any subtitles to convert
[download] Destination: Urdu Talks/How to speak so that people want to listen ｜
Julian Treasure TED Talk in Urdu ⧸ Hindi.mp4
[download]   0.0% of   28.27MiB at  658.45KiB/s ETA 00:43
[download]   0.0% of   28.27MiB at  707.63KiB/s ETA 00:40
[download]   0.1% of   28.27MiB at    1.29MiB/s ETA 00:21
[download]   0.1% of   28.27MiB at    1.85MiB/s ETA 00:15
[download]   0.2% of   28.27MiB at    3.56MiB/s ETA 00:07
[download]   0.4% of   28.27MiB at    1.30MiB/s ETA 00:21
[download]   0.9% of   28.27MiB at  771.50KiB/s ETA 00:37
[download]   1.8% of   28.27MiB at    1.34MiB/s ETA 00:20
[download]   3.5% of   28.27MiB at    2.15MiB/s ETA 00:12
[download]   7.1% of   28.27MiB at    2.85MiB/s ETA 00:09
[download]  14.1% of   28.27MiB at    3.99MiB/s ETA 00:06
[download]  28.3% of   28.27MiB at    5.09MiB/s ETA 00:03
[download]  34.1% of   28.27MiB at    5.34MiB/s ETA 00:03
[download]  34.1% of   28.27MiB at  Unknown B/s ETA Unknown
[download]  34.2% of   28.27MiB at    3.51MiB/s ETA 00:05
[download]  34.2% of   28.27MiB at    3.04MiB/s ETA 00:06
[download]  34.3% of   28.27MiB at    4.56MiB/s ETA 00:04
[download]  34.6% of   28.27MiB at    2.46MiB/s ETA 00:07
[download]  35.0% of   28.27MiB at    3.54MiB/s ETA 00:05
[download]  35.9% of   28.27MiB at    3.83MiB/s ETA 00:04
[download]  37.7% of   28.27MiB at    4.93MiB/s ETA 00:03
[download]  41.2% of   28.27MiB at    4.61MiB/s ETA 00:03
[download]  48.3% of   28.27MiB at    5.21MiB/s ETA 00:02
[download]  62.4% of   28.27MiB at    4.87MiB/s ETA 00:02
[download]  67.8% of   28.27MiB at    5.13MiB/s ETA 00:01
[download]  67.8% of   28.27MiB at  332.85KiB/s ETA 00:28
[download]  67.8% of   28.27MiB at    2.29MiB/s ETA 00:03
[download]  67.9% of   28.27MiB at  971.46KiB/s ETA 00:09
[download]  68.0% of   28.27MiB at    1.74MiB/s ETA 00:05
[download]  68.2% of   28.27MiB at    1.88MiB/s ETA 00:04
[download]  68.7% of   28.27MiB at    2.47MiB/s ETA 00:03
[download]  69.6% of   28.27MiB at    3.06MiB/s ETA 00:02
[download]  71.3% of   28.27MiB at    4.37MiB/s ETA 00:01
[download]  74.9% of   28.27MiB at    4.34MiB/s ETA 00:01
[download]  81.9% of   28.27MiB at    4.40MiB/s ETA 00:01
[download]  96.1% of   28.27MiB at    3.37MiB/s ETA 00:00
[download] 100.0% of   28.27MiB at    3.38MiB/s ETA 00:00
[download] 100% of   28.27MiB in 00:00:07 at 3.71MiB/s
[ExtractAudio] Destination: Urdu Talks/How to speak so that people want to liste
n ｜ Julian Treasure TED Talk in Urdu ⧸ Hindi.wav
Deleting original file Urdu Talks/How to speak so that people want to listen ｜ J
ulian Treasure TED Talk in Urdu ⧸ Hindi.mp4 (pass -k to keep)
[download] Downloading item 6 of 10
[youtube] Extracting URL: https://www.youtube.com/watch?v=mbLlKpnP3BU
[youtube] mbLlKpnP3BU: Downloading webpage
[youtube] mbLlKpnP3BU: Downloading android player API JSON
[youtube] mbLlKpnP3BU: Downloading web client config
[youtube] mbLlKpnP3BU: Downloading web player API JSON
WARNING: [youtube] mbLlKpnP3BU: Some android client https formats have been skip
ped as they are missing a URL. YouTube may have enabled the SABR-only streaming
experiment for the current session. See  https://github.com/yt-dlp/yt-dlp/issues
/12482  for more details
[info] mbLlKpnP3BU: Downloading 1 format(s): 18
[info] There are no subtitles for the requested languages
[SubtitlesConvertor] There aren't any subtitles to convert
[download] Destination: Urdu Talks/How words can change our lives ｜ Adeel Hashmi
 ｜ TEDxTUF.mp4
[download]   0.0% of   29.94MiB at    2.52MiB/s ETA 00:11
[download]   0.0% of   29.94MiB at    3.71MiB/s ETA 00:08
[download]   0.1% of   29.94MiB at    1.82MiB/s ETA 00:16
[download]   0.2% of   29.94MiB at    1.85MiB/s ETA 00:16
[download]   0.4% of   29.94MiB at    2.50MiB/s ETA 00:11
[download]   0.8% of   29.94MiB at    1.66MiB/s ETA 00:17
[download]   1.7% of   29.94MiB at    2.51MiB/s ETA 00:11
[download]   3.3% of   29.94MiB at    2.85MiB/s ETA 00:10
[download]   6.7% of   29.94MiB at    2.46MiB/s ETA 00:11
[download]  13.4% of   29.94MiB at    1.10MiB/s ETA 00:23
[download]  16.7% of   29.94MiB at    1.24MiB/s ETA 00:20
[download]  23.4% of   29.94MiB at    1.24MiB/s ETA 00:18
[download]  27.6% of   29.94MiB at    1.26MiB/s ETA 00:17
[download]  32.2% of   29.94MiB at    1.31MiB/s ETA 00:15
[download]  32.7% of   29.94MiB at    1.32MiB/s ETA 00:15
[download]  32.7% of   29.94MiB at  Unknown B/s ETA Unknown
[download]  32.7% of   29.94MiB at    1.07MiB/s ETA 00:18
[download]  32.7% of   29.94MiB at    1.98MiB/s ETA 00:10
[download]  32.8% of   29.94MiB at    1.83MiB/s ETA 00:11
[download]  32.9% of   29.94MiB at    2.70MiB/s ETA 00:07
[download]  33.1% of   29.94MiB at    1.86MiB/s ETA 00:10
[download]  33.5% of   29.94MiB at    2.77MiB/s ETA 00:07
[download]  34.3% of   29.94MiB at    2.03MiB/s ETA 00:09
[download]  36.0% of   29.94MiB at    2.76MiB/s ETA 00:06
[download]  39.3% of   29.94MiB at    2.16MiB/s ETA 00:08
[download]  45.3% of   29.94MiB at    2.22MiB/s ETA 00:07
[download]  52.9% of   29.94MiB at    2.10MiB/s ETA 00:06
[download]  59.3% of   29.94MiB at    2.07MiB/s ETA 00:05
[download]  65.2% of   29.94MiB at    1.81MiB/s ETA 00:05
[download]  65.2% of   29.94MiB at  351.25KiB/s ETA 00:30
[download]  65.3% of   29.94MiB at    3.73MiB/s ETA 00:02
[download]  65.3% of   29.94MiB at    2.01MiB/s ETA 00:05
[download]  65.4% of   29.94MiB at    1.36MiB/s ETA 00:07
[download]  65.6% of   29.94MiB at    1.61MiB/s ETA 00:06
[download]  66.0% of   29.94MiB at    2.33MiB/s ETA 00:04
[download]  66.9% of   29.94MiB at    2.14MiB/s ETA 00:04
[download]  68.5% of   29.94MiB at    3.11MiB/s ETA 00:03
[download]  71.9% of   29.94MiB at    3.02MiB/s ETA 00:02
[download]  78.6% of   29.94MiB at    2.78MiB/s ETA 00:02
[download]  87.2% of   29.94MiB at    3.30MiB/s ETA 00:01
[download]  97.6% of   29.94MiB at    3.26MiB/s ETA 00:00
[download]  97.6% of   29.94MiB at  340.61KiB/s ETA 00:02
[download]  97.6% of   29.94MiB at    3.24MiB/s ETA 00:00
[download]  97.7% of   29.94MiB at    2.23MiB/s ETA 00:00
[download]  97.8% of   29.94MiB at    2.62MiB/s ETA 00:00
[download]  98.0% of   29.94MiB at    2.70MiB/s ETA 00:00
[download]  98.4% of   29.94MiB at    2.75MiB/s ETA 00:00
[download]  99.2% of   29.94MiB at    3.55MiB/s ETA 00:00
[download] 100.0% of   29.94MiB at    3.26MiB/s ETA 00:00
[download] 100% of   29.94MiB in 00:00:17 at 1.71MiB/s
[ExtractAudio] Destination: Urdu Talks/How words can change our lives ｜ Adeel Ha
shmi ｜ TEDxTUF.wav
Deleting original file Urdu Talks/How words can change our lives ｜ Adeel Hashmi
｜ TEDxTUF.mp4 (pass -k to keep)
[download] Downloading item 7 of 10
[youtube] Extracting URL: https://www.youtube.com/watch?v=5iLmExzKzsg
[youtube] 5iLmExzKzsg: Downloading webpage
[youtube] 5iLmExzKzsg: Downloading android player API JSON
[youtube] 5iLmExzKzsg: Downloading web client config
[youtube] 5iLmExzKzsg: Downloading web player API JSON
WARNING: [youtube] 5iLmExzKzsg: Some android client https formats have been skip
ped as they are missing a URL. YouTube may have enabled the SABR-only streaming
experiment for the current session. See  https://github.com/yt-dlp/yt-dlp/issues
/12482  for more details
[info] 5iLmExzKzsg: Downloading 1 format(s): 18
[info] There are no subtitles for the requested languages
[SubtitlesConvertor] There aren't any subtitles to convert
[download] Destination: Urdu Talks/TEDx Talk ｜ Inner Peace & Spirituality in the
 Age of AI ｜ Mufti Syed Adnan Kakakhail ｜ TEDxFAST.mp4
[download]   0.0% of   29.64MiB at  702.60KiB/s ETA 00:43
[download]   0.0% of   29.64MiB at  410.90KiB/s ETA 01:13
[download]   0.0% of   29.64MiB at  245.76KiB/s ETA 02:03
[download]   0.1% of   29.64MiB at   85.46KiB/s ETA 05:54
[download]   0.2% of   29.64MiB at   96.68KiB/s ETA 05:13
[download]   0.4% of   29.64MiB at  148.90KiB/s ETA 03:23
[download]   0.8% of   29.64MiB at  218.65KiB/s ETA 02:17
[download]   1.7% of   29.64MiB at  293.18KiB/s ETA 01:41
[download]   3.1% of   29.64MiB at  505.04KiB/s ETA 00:58
[download]   6.1% of   29.64MiB at  692.17KiB/s ETA 00:41
[download]   9.9% of   29.64MiB at  918.36KiB/s ETA 00:29
[download]  16.2% of   29.64MiB at    1.13MiB/s ETA 00:21
[download]  22.6% of   29.64MiB at    1.51MiB/s ETA 00:15
[download]  32.6% of   29.64MiB at    1.82MiB/s ETA 00:10
[download]  32.6% of   29.64MiB at  Unknown B/s ETA Unknown
[download]  32.6% of   29.64MiB at  235.60KiB/s ETA 01:26
[download]  32.7% of   29.64MiB at  521.23KiB/s ETA 00:39
[download]  32.7% of   29.64MiB at   55.51KiB/s ETA 06:08
[download]  32.7% of   29.64MiB at   70.07KiB/s ETA 04:51
[download]  32.8% of   29.64MiB at  101.51KiB/s ETA 03:20
[download]  33.0% of   29.64MiB at  131.94KiB/s ETA 02:34
[download]  33.5% of   29.64MiB at  200.22KiB/s ETA 01:40
[download]  34.3% of   29.64MiB at  319.22KiB/s ETA 01:02
[download]  36.0% of   29.64MiB at  533.13KiB/s ETA 00:36
[download]  39.4% of   29.64MiB at  846.84KiB/s ETA 00:21
[download]  46.1% of   29.64MiB at    1.18MiB/s ETA 00:13
[download]  53.0% of   29.64MiB at    1.59MiB/s ETA 00:08
[download]  65.7% of   29.64MiB at    2.10MiB/s ETA 00:04
[download]  65.7% of   29.64MiB at  331.83KiB/s ETA 00:31
[download]  65.7% of   29.64MiB at  880.35KiB/s ETA 00:11
[download]  65.7% of   29.64MiB at  157.59KiB/s ETA 01:06
[download]  65.7% of   29.64MiB at  317.23KiB/s ETA 00:32
[download]  65.8% of   29.64MiB at   91.12KiB/s ETA 01:54
[download]  65.9% of   29.64MiB at  102.57KiB/s ETA 01:41
[download]  66.1% of   29.64MiB at  138.11KiB/s ETA 01:14
[download]  66.5% of   29.64MiB at  202.27KiB/s ETA 00:50
[download]  67.3% of   29.64MiB at  319.71KiB/s ETA 00:31
[download]  69.0% of   29.64MiB at  469.63KiB/s ETA 00:20
[download]  71.9% of   29.64MiB at  819.19KiB/s ETA 00:10
[download]  77.8% of   29.64MiB at 1021.27KiB/s ETA 00:06
[download]  82.3% of   29.64MiB at    1.19MiB/s ETA 00:04
[download]  90.4% of   29.64MiB at    1.34MiB/s ETA 00:02
[download]  96.5% of   29.64MiB at    1.46MiB/s ETA 00:00
[download]  97.9% of   29.64MiB at    1.48MiB/s ETA 00:00
[download]  97.9% of   29.64MiB at   74.42KiB/s ETA 00:08
[download]  98.0% of   29.64MiB at  488.20KiB/s ETA 00:01
[download]  98.0% of   29.64MiB at  272.90KiB/s ETA 00:02
[download]  98.0% of   29.64MiB at   94.25KiB/s ETA 00:06
[download]  98.2% of   29.64MiB at  107.98KiB/s ETA 00:05
[download]  98.4% of   29.64MiB at  118.68KiB/s ETA 00:04
[download]  98.8% of   29.64MiB at  220.68KiB/s ETA 00:01
[download]  99.6% of   29.64MiB at  290.78KiB/s ETA 00:00
[download] 100.0% of   29.64MiB at  341.16KiB/s ETA 00:00
[download] 100% of   29.64MiB in 00:00:23 at 1.25MiB/s
[ExtractAudio] Destination: Urdu Talks/TEDx Talk ｜ Inner Peace & Spirituality in
 the Age of AI ｜ Mufti Syed Adnan Kakakhail ｜ TEDxFAST.wav
Deleting original file Urdu Talks/TEDx Talk ｜ Inner Peace & Spirituality in the
Age of AI ｜ Mufti Syed Adnan Kakakhail ｜ TEDxFAST.mp4 (pass -k to keep)
[download] Downloading item 8 of 10
[youtube] Extracting URL: https://www.youtube.com/watch?v=UAxQ9RWqebs
[youtube] UAxQ9RWqebs: Downloading webpage
[youtube] UAxQ9RWqebs: Downloading android player API JSON
[youtube] UAxQ9RWqebs: Downloading web client config
[youtube] UAxQ9RWqebs: Downloading web player API JSON
WARNING: [youtube] UAxQ9RWqebs: Some android client https formats have been skip
ped as they are missing a URL. YouTube may have enabled the SABR-only streaming
experiment for the current session. See  https://github.com/yt-dlp/yt-dlp/issues
/12482  for more details
[info] UAxQ9RWqebs: Downloading 1 format(s): 18
[info] There are no subtitles for the requested languages
[SubtitlesConvertor] There aren't any subtitles to convert
[download] Destination: Urdu Talks/Urdu Adab Ka Aik Mazahiya Safar ｜ Taimur Rehm
an ｜ TEDxIslamabad.mp4
[download]   0.0% of   42.21MiB at    2.29MiB/s ETA 00:18
[download]   0.0% of   42.21MiB at    4.14MiB/s ETA 00:10
[download]   0.1% of   42.21MiB at    3.13MiB/s ETA 00:13
[download]   0.1% of   42.21MiB at    3.05MiB/s ETA 00:13
[download]   0.3% of   42.21MiB at    2.62MiB/s ETA 00:16
[download]   0.6% of   42.21MiB at    2.27MiB/s ETA 00:18
[download]   1.2% of   42.21MiB at  517.93KiB/s ETA 01:22
[download]   1.9% of   42.21MiB at  735.52KiB/s ETA 00:57
[download]   3.2% of   42.21MiB at    1.03MiB/s ETA 00:39
[download]   5.9% of   42.21MiB at    1.44MiB/s ETA 00:27
[download]  11.3% of   42.21MiB at    2.03MiB/s ETA 00:18
[download]  20.1% of   42.21MiB at    1.87MiB/s ETA 00:18
[download]  22.7% of   42.21MiB at    1.96MiB/s ETA 00:16
[download]  22.7% of   42.21MiB at   50.41KiB/s ETA 11:03
[download]  22.7% of   42.21MiB at  333.28KiB/s ETA 01:40
[download]  22.7% of   42.21MiB at  144.92KiB/s ETA 03:50
[download]  22.7% of   42.21MiB at   79.96KiB/s ETA 06:57
[download]  22.8% of   42.21MiB at   91.33KiB/s ETA 06:05
[download]  23.0% of   42.21MiB at  124.47KiB/s ETA 04:27
[download]  23.3% of   42.21MiB at  178.30KiB/s ETA 03:06
[download]  23.9% of   42.21MiB at  282.71KiB/s ETA 01:56
[download]  25.0% of   42.21MiB at  464.42KiB/s ETA 01:09
[download]  27.4% of   42.21MiB at  782.19KiB/s ETA 00:40
[download]  32.2% of   42.21MiB at    1.09MiB/s ETA 00:26
[download]  36.6% of   42.21MiB at    1.02MiB/s ETA 00:26
[download]  38.8% of   42.21MiB at    1.19MiB/s ETA 00:21
[download]  43.3% of   42.21MiB at    1.04MiB/s ETA 00:23
[download]  45.5% of   42.21MiB at    1.14MiB/s ETA 00:20
[download]  45.5% of   42.21MiB at   34.99KiB/s ETA 11:14
[download]  45.5% of   42.21MiB at  231.45KiB/s ETA 01:41
[download]  45.5% of   42.21MiB at  260.04KiB/s ETA 01:30
[download]  45.5% of   42.21MiB at   87.58KiB/s ETA 04:28
[download]  45.6% of   42.21MiB at  102.16KiB/s ETA 03:50
[download]  45.7% of   42.21MiB at  133.15KiB/s ETA 02:56
[download]  46.0% of   42.21MiB at  203.89KiB/s ETA 01:54
[download]  46.6% of   42.21MiB at  276.37KiB/s ETA 01:23
[download]  47.6% of   42.21MiB at  443.84KiB/s ETA 00:51
[download]  49.6% of   42.21MiB at  709.59KiB/s ETA 00:30
[download]  53.6% of   42.21MiB at  904.14KiB/s ETA 00:22
[download]  56.5% of   42.21MiB at    1.11MiB/s ETA 00:16
[download]  62.4% of   42.21MiB at    1.41MiB/s ETA 00:11
[download]  69.0% of   42.21MiB at    1.49MiB/s ETA 00:08
[download]  69.0% of   42.21MiB at  Unknown B/s ETA Unknown
[download]  69.1% of   42.21MiB at    3.29MiB/s ETA 00:03
[download]  69.1% of   42.21MiB at    1.51MiB/s ETA 00:08
[download]  69.2% of   42.21MiB at    2.29MiB/s ETA 00:05
[download]  69.3% of   42.21MiB at    1.94MiB/s ETA 00:06
[download]  69.6% of   42.21MiB at    1.72MiB/s ETA 00:07
[download]  70.2% of   42.21MiB at    2.33MiB/s ETA 00:05
[download]  71.4% of   42.21MiB at    2.05MiB/s ETA 00:05
[download]  73.8% of   42.21MiB at    1.74MiB/s ETA 00:06
[download]  77.3% of   42.21MiB at    1.03MiB/s ETA 00:09
[download]  79.1% of   42.21MiB at  973.74KiB/s ETA 00:09
[download]  80.8% of   42.21MiB at  952.16KiB/s ETA 00:08
[download]  82.7% of   42.21MiB at    1.01MiB/s ETA 00:07
[download]  86.6% of   42.21MiB at    1.09MiB/s ETA 00:05
[download]  90.4% of   42.21MiB at    1.23MiB/s ETA 00:03
[download]  92.0% of   42.21MiB at    1.28MiB/s ETA 00:02
[download]  92.0% of   42.21MiB at  Unknown B/s ETA Unknown
[download]  92.0% of   42.21MiB at   23.75KiB/s ETA 02:24
[download]  92.1% of   42.21MiB at   50.74KiB/s ETA 01:07
[download]  92.1% of   42.21MiB at   79.92KiB/s ETA 00:42
[download]  92.2% of   42.21MiB at   93.70KiB/s ETA 00:36
[download]  92.3% of   42.21MiB at  134.22KiB/s ETA 00:24
[download]  92.6% of   42.21MiB at  197.51KiB/s ETA 00:16
[download]  93.2% of   42.21MiB at  291.93KiB/s ETA 00:10
[download]  94.4% of   42.21MiB at  421.85KiB/s ETA 00:05
[download]  96.1% of   42.21MiB at  662.24KiB/s ETA 00:02
[download]  99.7% of   42.21MiB at  964.41KiB/s ETA 00:00
[download] 100% of   42.21MiB in 00:00:43 at 996.36KiB/s
[ExtractAudio] Destination: Urdu Talks/Urdu Adab Ka Aik Mazahiya Safar ｜ Taimur
Rehman ｜ TEDxIslamabad.wav
Deleting original file Urdu Talks/Urdu Adab Ka Aik Mazahiya Safar ｜ Taimur Rehma
n ｜ TEDxIslamabad.mp4 (pass -k to keep)
[download] Downloading item 9 of 10
[youtube] Extracting URL: https://www.youtube.com/watch?v=pdInEBhUAKU
[youtube] pdInEBhUAKU: Downloading webpage
[youtube] pdInEBhUAKU: Downloading android player API JSON
[youtube] pdInEBhUAKU: Downloading web client config
[youtube] pdInEBhUAKU: Downloading web player API JSON
WARNING: [youtube] pdInEBhUAKU: Some android client https formats have been skip
ped as they are missing a URL. YouTube may have enabled the SABR-only streaming
experiment for the current session. See  https://github.com/yt-dlp/yt-dlp/issues
/12482  for more details
[info] pdInEBhUAKU: Downloading 1 format(s): 18
[info] There are no subtitles for the requested languages
[SubtitlesConvertor] There aren't any subtitles to convert
[download] Destination: Urdu Talks/Power of a single decision ｜ Zara Noor Abbas
｜ TEDxGCULahore.mp4
[download]   0.0% of   49.22MiB at  128.56KiB/s ETA 06:31
[download]   0.0% of   49.22MiB at   45.91KiB/s ETA 18:17
[download]   0.1% of   49.22MiB at   72.85KiB/s ETA 11:31
[download]   0.1% of   49.22MiB at   99.04KiB/s ETA 08:28
[download]   0.3% of   49.22MiB at  147.85KiB/s ETA 05:40
[download]   0.5% of   49.22MiB at  227.34KiB/s ETA 03:40
[download]   1.0% of   49.22MiB at  358.65KiB/s ETA 02:19
[download]   2.0% of   49.22MiB at  588.42KiB/s ETA 01:23
[download]   4.1% of   49.22MiB at 1007.43KiB/s ETA 00:47
[download]   8.1% of   49.22MiB at    1.35MiB/s ETA 00:33
[download]  12.5% of   49.22MiB at    2.06MiB/s ETA 00:20
[download]  19.5% of   49.22MiB at    2.09MiB/s ETA 00:18
[download]  19.5% of   49.22MiB at  Unknown B/s ETA Unknown
[download]  19.5% of   49.22MiB at   26.47KiB/s ETA 25:32
[download]  19.5% of   49.22MiB at   56.46KiB/s ETA 11:58
[download]  19.6% of   49.22MiB at   78.49KiB/s ETA 08:36
[download]  19.6% of   49.22MiB at  108.78KiB/s ETA 06:12
[download]  19.8% of   49.22MiB at  149.94KiB/s ETA 04:29
[download]  20.0% of   49.22MiB at  228.22KiB/s ETA 02:56
[download]  20.5% of   49.22MiB at  358.10KiB/s ETA 01:51
[download]  21.5% of   49.22MiB at  509.41KiB/s ETA 01:17
[download]  23.3% of   49.22MiB at  818.70KiB/s ETA 00:47
[download]  26.8% of   49.22MiB at    1.25MiB/s ETA 00:28
[download]  33.2% of   49.22MiB at    1.67MiB/s ETA 00:19
[download]  38.8% of   49.22MiB at    1.78MiB/s ETA 00:16
[download]  39.0% of   49.22MiB at    1.80MiB/s ETA 00:16
[download]  39.0% of   49.22MiB at  Unknown B/s ETA Unknown
[download]  39.1% of   49.22MiB at  245.17KiB/s ETA 02:05
[download]  39.1% of   49.22MiB at   49.03KiB/s ETA 10:26
[download]  39.1% of   49.22MiB at   83.17KiB/s ETA 06:09
[download]  39.2% of   49.22MiB at   93.93KiB/s ETA 05:26
[download]  39.3% of   49.22MiB at  136.53KiB/s ETA 03:44
[download]  39.5% of   49.22MiB at  200.56KiB/s ETA 02:31
[download]  40.1% of   49.22MiB at  309.67KiB/s ETA 01:37
[download]  41.1% of   49.22MiB at  495.79KiB/s ETA 00:59
[download]  43.1% of   49.22MiB at  825.20KiB/s ETA 00:34
[download]  47.2% of   49.22MiB at    1.31MiB/s ETA 00:19
[download]  54.2% of   49.22MiB at    1.70MiB/s ETA 00:13
[download]  58.8% of   49.22MiB at    1.94MiB/s ETA 00:10
[download]  58.8% of   49.22MiB at  Unknown B/s ETA Unknown
[download]  58.8% of   49.22MiB at    1.72MiB/s ETA 00:11
[download]  58.8% of   49.22MiB at    3.14MiB/s ETA 00:06
[download]  58.9% of   49.22MiB at  665.79KiB/s ETA 00:31
[download]  58.9% of   49.22MiB at    1.16MiB/s ETA 00:17
[download]  59.0% of   49.22MiB at    1.69MiB/s ETA 00:11
[download]  59.3% of   49.22MiB at    2.27MiB/s ETA 00:08
[download]  59.8% of   49.22MiB at    2.56MiB/s ETA 00:07
[download]  60.8% of   49.22MiB at    3.01MiB/s ETA 00:06
[download]  62.9% of   49.22MiB at    3.50MiB/s ETA 00:05
[download]  66.9% of   49.22MiB at    2.95MiB/s ETA 00:05
[download]  72.1% of   49.22MiB at    3.66MiB/s ETA 00:03
[download]  78.8% of   49.22MiB at    4.48MiB/s ETA 00:02
[download]  78.8% of   49.22MiB at   43.26KiB/s ETA 04:07
[download]  78.8% of   49.22MiB at  593.28KiB/s ETA 00:17
[download]  78.9% of   49.22MiB at   64.44KiB/s ETA 02:45
[download]  78.9% of   49.22MiB at  111.57KiB/s ETA 01:35
[download]  79.0% of   49.22MiB at  136.40KiB/s ETA 01:17
[download]  79.3% of   49.22MiB at  200.65KiB/s ETA 00:52
[download]  79.8% of   49.22MiB at  318.15KiB/s ETA 00:31
[download]  80.8% of   49.22MiB at  528.44KiB/s ETA 00:18
[download]  82.9% of   49.22MiB at  910.92KiB/s ETA 00:09
[download]  86.9% of   49.22MiB at    1.49MiB/s ETA 00:04
[download]  95.0% of   49.22MiB at    2.01MiB/s ETA 00:01
[download]  99.0% of   49.22MiB at    2.48MiB/s ETA 00:00
[download]  99.0% of   49.22MiB at  384.69KiB/s ETA 00:01
[download]  99.0% of   49.22MiB at    1.74MiB/s ETA 00:00
[download]  99.0% of   49.22MiB at    2.19MiB/s ETA 00:00
[download]  99.1% of   49.22MiB at    2.26MiB/s ETA 00:00
[download]  99.1% of   49.22MiB at    2.69MiB/s ETA 00:00
[download]  99.3% of   49.22MiB at    1.82MiB/s ETA 00:00
[download]  99.5% of   49.22MiB at    2.83MiB/s ETA 00:00
[download] 100.0% of   49.22MiB at    3.44MiB/s ETA 00:00
[download] 100% of   49.22MiB in 00:00:32 at 1.51MiB/s
[ExtractAudio] Destination: Urdu Talks/Power of a single decision ｜ Zara Noor Ab
bas ｜ TEDxGCULahore.wav
Deleting original file Urdu Talks/Power of a single decision ｜ Zara Noor Abbas ｜
 TEDxGCULahore.mp4 (pass -k to keep)
[download] Downloading item 10 of 10
[youtube] Extracting URL: https://www.youtube.com/watch?v=G8rS7LRdoRI
[youtube] G8rS7LRdoRI: Downloading webpage
[youtube] G8rS7LRdoRI: Downloading android player API JSON
[youtube] G8rS7LRdoRI: Downloading web client config
[youtube] G8rS7LRdoRI: Downloading web player API JSON
WARNING: [youtube] G8rS7LRdoRI: Some android client https formats have been skip
ped as they are missing a URL. YouTube may have enabled the SABR-only streaming
experiment for the current session. See  https://github.com/yt-dlp/yt-dlp/issues
/12482  for more details
[info] G8rS7LRdoRI: Downloading 1 format(s): 18
[info] There are no subtitles for the requested languages
[SubtitlesConvertor] There aren't any subtitles to convert
[download] Destination: Urdu Talks/Psychology of Great Leaders ｜ Mubashra Tayyab
a ｜ TEDxFAST Faisalabad.mp4
[download]   0.0% of   50.58MiB at    2.92MiB/s ETA 00:17
[download]   0.1% of   50.58MiB at    3.17MiB/s ETA 00:15
[download]   0.1% of   50.58MiB at    3.75MiB/s ETA 00:13
[download]   0.2% of   50.58MiB at    4.72MiB/s ETA 00:10
[download]   0.5% of   50.58MiB at    4.99MiB/s ETA 00:10
[download]   1.0% of   50.58MiB at    6.00MiB/s ETA 00:08
[download]   2.0% of   50.58MiB at    6.26MiB/s ETA 00:07
[download]   4.0% of   50.58MiB at    6.50MiB/s ETA 00:07
[download]   7.9% of   50.58MiB at    6.79MiB/s ETA 00:06
[download]  15.8% of   50.58MiB at    6.23MiB/s ETA 00:06
[download]  18.9% of   50.58MiB at    6.29MiB/s ETA 00:06
[download]  18.9% of   50.58MiB at   19.45KiB/s ETA 36:02
[download]  18.9% of   50.58MiB at  277.65KiB/s ETA 02:31
[download]  18.9% of   50.58MiB at  101.45KiB/s ETA 06:54
[download]  19.0% of   50.58MiB at  106.45KiB/s ETA 06:34
[download]  19.1% of   50.58MiB at  155.11KiB/s ETA 04:30
[download]  19.3% of   50.58MiB at  232.14KiB/s ETA 02:59
[download]  19.8% of   50.58MiB at  370.92KiB/s ETA 01:51
[download]  20.8% of   50.58MiB at  559.61KiB/s ETA 01:13
[download]  22.8% of   50.58MiB at  911.50KiB/s ETA 00:43
[download]  26.8% of   50.58MiB at    1.49MiB/s ETA 00:24
[download]  34.7% of   50.58MiB at    2.03MiB/s ETA 00:16
[download]  37.9% of   50.58MiB at    2.41MiB/s ETA 00:13
[download]  37.9% of   50.58MiB at   18.08KiB/s ETA 29:39
[download]  37.9% of   50.58MiB at  261.27KiB/s ETA 02:03
[download]  38.0% of   50.58MiB at   99.53KiB/s ETA 05:22
[download]  38.0% of   50.58MiB at  115.10KiB/s ETA 04:38
[download]  38.1% of   50.58MiB at  156.01KiB/s ETA 03:25
[download]  38.4% of   50.58MiB at  230.31KiB/s ETA 02:18
[download]  38.9% of   50.58MiB at  318.42KiB/s ETA 01:39
[download]  39.9% of   50.58MiB at  536.38KiB/s ETA 00:58
[download]  41.9% of   50.58MiB at  897.10KiB/s ETA 00:33
[download]  45.8% of   50.58MiB at    1.28MiB/s ETA 00:21
[download]  50.5% of   50.58MiB at    1.63MiB/s ETA 00:15
[download]  56.5% of   50.58MiB at    2.03MiB/s ETA 00:10
[download]  57.1% of   50.58MiB at    2.07MiB/s ETA 00:10
[download]  57.1% of   50.58MiB at  339.43KiB/s ETA 01:05
[download]  57.1% of   50.58MiB at    1.70MiB/s ETA 00:12
[download]  57.2% of   50.58MiB at   51.23KiB/s ETA 07:13
[download]  57.2% of   50.58MiB at   79.69KiB/s ETA 04:38
[download]  57.3% of   50.58MiB at   97.96KiB/s ETA 03:46
[download]  57.4% of   50.58MiB at  135.68KiB/s ETA 02:42
[download]  57.6% of   50.58MiB at  203.52KiB/s ETA 01:47
[download]  58.1% of   50.58MiB at  322.80KiB/s ETA 01:07
[download]  59.1% of   50.58MiB at  539.92KiB/s ETA 00:39
[download]  61.1% of   50.58MiB at  926.42KiB/s ETA 00:21
[download]  65.0% of   50.58MiB at    1.48MiB/s ETA 00:11
[download]  72.9% of   50.58MiB at    2.09MiB/s ETA 00:06
[download]  76.3% of   50.58MiB at    2.33MiB/s ETA 00:05
[download]  76.3% of   50.58MiB at   17.15KiB/s ETA 11:57
[download]  76.3% of   50.58MiB at  248.94KiB/s ETA 00:49
[download]  76.3% of   50.58MiB at   97.09KiB/s ETA 02:06
[download]  76.4% of   50.58MiB at  111.95KiB/s ETA 01:49
[download]  76.5% of   50.58MiB at  153.90KiB/s ETA 01:19
[download]  76.8% of   50.58MiB at  225.05KiB/s ETA 00:53
[download]  77.2% of   50.58MiB at  348.22KiB/s ETA 00:33
[download]  78.2% of   50.58MiB at  577.87KiB/s ETA 00:19
[download]  80.2% of   50.58MiB at  939.81KiB/s ETA 00:10
[download]  84.2% of   50.58MiB at    1.53MiB/s ETA 00:05
[download]  92.1% of   50.58MiB at    1.91MiB/s ETA 00:02
[download]  95.7% of   50.58MiB at    2.17MiB/s ETA 00:00
[download]  95.7% of   50.58MiB at    2.51KiB/s ETA 14:41
[download]  95.8% of   50.58MiB at   77.25KiB/s ETA 00:28
[download]  95.9% of   50.58MiB at  106.46KiB/s ETA 00:20
[download]  96.0% of   50.58MiB at  142.85KiB/s ETA 00:14
[download]  96.2% of   50.58MiB at  214.49KiB/s ETA 00:09
[download]  96.7% of   50.58MiB at  313.41KiB/s ETA 00:05
[download]  97.7% of   50.58MiB at  567.82KiB/s ETA 00:02
[download]  99.7% of   50.58MiB at  905.25KiB/s ETA 00:00
[download] 100% of   50.58MiB in 00:00:27 at 1.84MiB/s
[ExtractAudio] Destination: Urdu Talks/Psychology of Great Leaders ｜ Mubashra Ta
yyaba ｜ TEDxFAST Faisalabad.wav
Deleting original file Urdu Talks/Psychology of Great Leaders ｜ Mubashra Tayyaba
 ｜ TEDxFAST Faisalabad.mp4 (pass -k to keep)
[download] Finished downloading playlist: TED talk in Urdu
----------------------------------------
Starting batch for: Spanish
Folder: Spanish Talks
Subtitles: en.*, es.*
[youtube:search] Extracting URL: ytsearch10:TED talk in Spanish
[download] Downloading playlist: TED talk in Spanish
[youtube:search] query "TED talk in Spanish": Downloading web client config
[youtube:search] query "TED talk in Spanish" page 1: Downloading API JSON
[youtube:search] Playlist TED talk in Spanish: Downloading 10 items of 10
[download] Downloading item 1 of 10
[youtube] Extracting URL: https://www.youtube.com/watch?v=XUqrvbsTfck
[youtube] XUqrvbsTfck: Downloading webpage
[youtube] XUqrvbsTfck: Downloading android player API JSON
[youtube] XUqrvbsTfck: Downloading web client config
[youtube] XUqrvbsTfck: Downloading web player API JSON
WARNING: [youtube] XUqrvbsTfck: Some android client https formats have been skip
ped as they are missing a URL. YouTube may have enabled the SABR-only streaming
experiment for the current session. See  https://github.com/yt-dlp/yt-dlp/issues
/12482  for more details
[info] XUqrvbsTfck: Downloading subtitles: es
[info] XUqrvbsTfck: Downloading 1 format(s): 18
[info] Writing video subtitles to: Spanish Talks/Cómo hablar： comunica, conecta,
 y hazte recordar ｜ Adrià Solà Pastor ｜ TEDxESIC University.es.vtt
WARNING: The extractor specified to use impersonation for this download, but no
impersonate target is available. If you encounter errors, then see  https://gith
ub.com/yt-dlp/yt-dlp#impersonation  for information on installing the required d
ependencies
[download] Destination: Spanish Talks/Cómo hablar： comunica, conecta, y hazte re
cordar ｜ Adrià Solà Pastor ｜ TEDxESIC University.es.vtt
[download]    7.00KiB at    2.91MiB/s (00:00:00)
[download]   15.00KiB at    2.42MiB/s (00:00:00)
[download]   28.01KiB at  594.21KiB/s (00:00:00)
[download] 100% of   28.01KiB in 00:00:00 at 59.15KiB/s
[SubtitlesConvertor] Converting subtitles
Deleting original file Spanish Talks/Cómo hablar： comunica, conecta, y hazte rec
ordar ｜ Adrià Solà Pastor ｜ TEDxESIC University.es.vtt (pass -k to keep)
[download] Destination: Spanish Talks/Cómo hablar： comunica, conecta, y hazte re
cordar ｜ Adrià Solà Pastor ｜ TEDxESIC University.mp4
[download]   0.0% of   32.87MiB at    7.11MiB/s ETA 00:04
[download]   0.1% of   32.87MiB at    3.16MiB/s ETA 00:10
[download]   0.2% of   32.87MiB at    3.84MiB/s ETA 00:08
[download]   0.4% of   32.87MiB at    5.43MiB/s ETA 00:06
[download]   0.8% of   32.87MiB at    4.81MiB/s ETA 00:06
[download]   1.5% of   32.87MiB at    5.88MiB/s ETA 00:05
[download]   3.0% of   32.87MiB at    1.48MiB/s ETA 00:21
[download]   5.6% of   32.87MiB at    2.03MiB/s ETA 00:15
[download]  10.7% of   32.87MiB at    2.83MiB/s ETA 00:10
[download]  21.0% of   32.87MiB at    3.55MiB/s ETA 00:07
[download]  29.3% of   32.87MiB at    3.96MiB/s ETA 00:05
[download]  29.3% of   32.87MiB at  Unknown B/s ETA Unknown
[download]  29.3% of   32.87MiB at    4.16MiB/s ETA 00:05
[download]  29.4% of   32.87MiB at    2.38MiB/s ETA 00:09
[download]  29.4% of   32.87MiB at  569.84KiB/s ETA 00:41
[download]  29.5% of   32.87MiB at  729.87KiB/s ETA 00:32
[download]  29.7% of   32.87MiB at    1.28MiB/s ETA 00:17
[download]  30.1% of   32.87MiB at    2.15MiB/s ETA 00:10
[download]  30.8% of   32.87MiB at    2.54MiB/s ETA 00:08
[download]  32.4% of   32.87MiB at    3.46MiB/s ETA 00:06
[download]  35.4% of   32.87MiB at    2.39MiB/s ETA 00:08
[download]  41.0% of   32.87MiB at    3.10MiB/s ETA 00:06
[download]  52.1% of   32.87MiB at    3.15MiB/s ETA 00:04
[download]  59.1% of   32.87MiB at    3.64MiB/s ETA 00:03
[download]  59.1% of   32.87MiB at  300.90KiB/s ETA 00:46
[download]  59.1% of   32.87MiB at    2.11MiB/s ETA 00:06
[download]  59.1% of   32.87MiB at    3.17MiB/s ETA 00:04
[download]  59.2% of   32.87MiB at    1.52MiB/s ETA 00:08
[download]  59.4% of   32.87MiB at    2.42MiB/s ETA 00:05
[download]  59.8% of   32.87MiB at    3.22MiB/s ETA 00:04
[download]  60.6% of   32.87MiB at    3.32MiB/s ETA 00:03
[download]  62.1% of   32.87MiB at    4.10MiB/s ETA 00:03
[download]  65.1% of   32.87MiB at    3.06MiB/s ETA 00:03
[download]  71.2% of   32.87MiB at    4.14MiB/s ETA 00:02
[download]  83.4% of   32.87MiB at    4.63MiB/s ETA 00:01
[download]  89.0% of   32.87MiB at    4.40MiB/s ETA 00:00
[download]  89.0% of   32.87MiB at  Unknown B/s ETA Unknown
[download]  89.0% of   32.87MiB at    2.13MiB/s ETA 00:01
[download]  89.1% of   32.87MiB at    2.28MiB/s ETA 00:01
[download]  89.1% of   32.87MiB at    3.08MiB/s ETA 00:01
[download]  89.2% of   32.87MiB at    3.55MiB/s ETA 00:01
[download]  89.4% of   32.87MiB at    4.60MiB/s ETA 00:00
[download]  89.8% of   32.87MiB at    5.63MiB/s ETA 00:00
[download]  90.5% of   32.87MiB at    6.21MiB/s ETA 00:00
[download]  92.1% of   32.87MiB at    5.25MiB/s ETA 00:00
[download]  95.1% of   32.87MiB at    6.04MiB/s ETA 00:00
[download] 100.0% of   32.87MiB at    6.29MiB/s ETA 00:00
[download] 100% of   32.87MiB in 00:00:09 at 3.50MiB/s
[ExtractAudio] Destination: Spanish Talks/Cómo hablar： comunica, conecta, y hazt
e recordar ｜ Adrià Solà Pastor ｜ TEDxESIC University.wav
Deleting original file Spanish Talks/Cómo hablar： comunica, conecta, y hazte rec
ordar ｜ Adrià Solà Pastor ｜ TEDxESIC University.mp4 (pass -k to keep)
[download] Downloading item 2 of 10
[youtube] Extracting URL: https://www.youtube.com/watch?v=EFdEmbuikOw
[youtube] EFdEmbuikOw: Downloading webpage
[youtube] EFdEmbuikOw: Downloading android player API JSON
[youtube] EFdEmbuikOw: Downloading web client config
[youtube] EFdEmbuikOw: Downloading web player API JSON
WARNING: [youtube] EFdEmbuikOw: Some android client https formats have been skip
ped as they are missing a URL. YouTube may have enabled the SABR-only streaming
experiment for the current session. See  https://github.com/yt-dlp/yt-dlp/issues
/12482  for more details
[info] EFdEmbuikOw: Downloading subtitles: en, es, es-ES
[info] EFdEmbuikOw: Downloading 1 format(s): 18
[info] Writing video subtitles to: Spanish Talks/Nunca pidas permiso ｜ Ronald Sh
akespear ｜ TEDxRiodelaPlata.en.vtt
WARNING: The extractor specified to use impersonation for this download, but no
impersonate target is available. If you encounter errors, then see  https://gith
ub.com/yt-dlp/yt-dlp#impersonation  for information on installing the required d
ependencies
[download] Destination: Spanish Talks/Nunca pidas permiso ｜ Ronald Shakespear ｜
TEDxRiodelaPlata.en.vtt
[download]    7.00KiB at    1.65MiB/s (00:00:00)
[download] 100% of   15.36KiB in 00:00:00 at 40.19KiB/s
[info] Writing video subtitles to: Spanish Talks/Nunca pidas permiso ｜ Ronald Sh
akespear ｜ TEDxRiodelaPlata.es.vtt
WARNING: The extractor specified to use impersonation for this download, but no
impersonate target is available. If you encounter errors, then see  https://gith
ub.com/yt-dlp/yt-dlp#impersonation  for information on installing the required d
ependencies
[download] Destination: Spanish Talks/Nunca pidas permiso ｜ Ronald Shakespear ｜
TEDxRiodelaPlata.es.vtt
[download]    7.00KiB at    3.33MiB/s (00:00:00)
[download]   15.00KiB at    2.20MiB/s (00:00:00)
[download]   19.32KiB at  457.04KiB/s (00:00:00)
[download] 100% of   19.32KiB in 00:00:00 at 41.24KiB/s
[info] Writing video subtitles to: Spanish Talks/Nunca pidas permiso ｜ Ronald Sh
akespear ｜ TEDxRiodelaPlata.es-ES.vtt
WARNING: The extractor specified to use impersonation for this download, but no
impersonate target is available. If you encounter errors, then see  https://gith
ub.com/yt-dlp/yt-dlp#impersonation  for information on installing the required d
ependencies
[download] Destination: Spanish Talks/Nunca pidas permiso ｜ Ronald Shakespear ｜
TEDxRiodelaPlata.es-ES.vtt
[download]    7.00KiB at    3.40MiB/s (00:00:00)
[download]   15.00KiB at  356.09KiB/s (00:00:00)
[download] 100% of   19.23KiB in 00:00:00 at 39.67KiB/s
[SubtitlesConvertor] Converting subtitles
Deleting original file Spanish Talks/Nunca pidas permiso ｜ Ronald Shakespear ｜ T
EDxRiodelaPlata.es-ES.vtt (pass -k to keep)
Deleting original file Spanish Talks/Nunca pidas permiso ｜ Ronald Shakespear ｜ T
EDxRiodelaPlata.es.vtt (pass -k to keep)
Deleting original file Spanish Talks/Nunca pidas permiso ｜ Ronald Shakespear ｜ T
EDxRiodelaPlata.en.vtt (pass -k to keep)
[download] Destination: Spanish Talks/Nunca pidas permiso ｜ Ronald Shakespear ｜
TEDxRiodelaPlata.mp4
[download]   0.1% of   27.98MiB at    2.85MiB/s ETA 00:09
[download]   0.1% of   27.98MiB at    3.17MiB/s ETA 00:08
[download]   0.2% of   27.98MiB at    3.64MiB/s ETA 00:07
[download]   0.4% of   27.98MiB at    1.62MiB/s ETA 00:17
[download]   0.9% of   27.98MiB at    2.35MiB/s ETA 00:11
[download]   1.8% of   27.98MiB at    2.19MiB/s ETA 00:12
[download]   3.6% of   27.98MiB at    2.88MiB/s ETA 00:09
[download]   7.1% of   27.98MiB at    3.53MiB/s ETA 00:07
[download]  14.3% of   27.98MiB at    4.13MiB/s ETA 00:05
[download]  28.6% of   27.98MiB at    3.64MiB/s ETA 00:05
[download]  35.4% of   27.98MiB at    3.94MiB/s ETA 00:04
[download]  35.4% of   27.98MiB at  Unknown B/s ETA Unknown
[download]  35.5% of   27.98MiB at    6.14MiB/s ETA 00:02
[download]  35.5% of   27.98MiB at    3.07MiB/s ETA 00:05
[download]  35.7% of   27.98MiB at    3.72MiB/s ETA 00:04
[download]  35.9% of   27.98MiB at    5.33MiB/s ETA 00:03
[download]  36.3% of   27.98MiB at    5.39MiB/s ETA 00:03
[download]  37.2% of   27.98MiB at    4.52MiB/s ETA 00:03
[download]  39.0% of   27.98MiB at    5.76MiB/s ETA 00:02
[download]  42.6% of   27.98MiB at    6.02MiB/s ETA 00:02
[download]  49.7% of   27.98MiB at    3.83MiB/s ETA 00:03
[download]  59.8% of   27.98MiB at    3.08MiB/s ETA 00:03
[download]  68.4% of   27.98MiB at    3.32MiB/s ETA 00:02
[download]  70.6% of   27.98MiB at    3.19MiB/s ETA 00:02
[download]  70.6% of   27.98MiB at  Unknown B/s ETA Unknown
[download]  70.6% of   27.98MiB at  986.51KiB/s ETA 00:08
[download]  70.7% of   27.98MiB at    3.36MiB/s ETA 00:02
[download]  70.7% of   27.98MiB at    1.26MiB/s ETA 00:06
[download]  70.8% of   27.98MiB at    2.03MiB/s ETA 00:04
[download]  71.1% of   27.98MiB at    3.02MiB/s ETA 00:02
[download]  71.5% of   27.98MiB at    3.40MiB/s ETA 00:02
[download]  72.4% of   27.98MiB at    2.69MiB/s ETA 00:02
[download]  74.2% of   27.98MiB at    1.32MiB/s ETA 00:05
[download]  77.3% of   27.98MiB at    2.09MiB/s ETA 00:03
[download]  83.6% of   27.98MiB at    3.17MiB/s ETA 00:01
[download]  96.1% of   27.98MiB at    3.23MiB/s ETA 00:00
[download] 100.0% of   27.98MiB at    3.37MiB/s ETA 00:00
[download] 100% of   27.98MiB in 00:00:10 at 2.65MiB/s
[ExtractAudio] Destination: Spanish Talks/Nunca pidas permiso ｜ Ronald Shakespea
r ｜ TEDxRiodelaPlata.wav
Deleting original file Spanish Talks/Nunca pidas permiso ｜ Ronald Shakespear ｜ T
EDxRiodelaPlata.mp4 (pass -k to keep)
[download] Downloading item 3 of 10
[youtube] Extracting URL: https://www.youtube.com/watch?v=nmrRJammHqs
[youtube] nmrRJammHqs: Downloading webpage
[youtube] nmrRJammHqs: Downloading android player API JSON
[youtube] nmrRJammHqs: Downloading web client config
[youtube] nmrRJammHqs: Downloading web player API JSON
WARNING: [youtube] nmrRJammHqs: Some android client https formats have been skip
ped as they are missing a URL. YouTube may have enabled the SABR-only streaming
experiment for the current session. See  https://github.com/yt-dlp/yt-dlp/issues
/12482  for more details
[info] nmrRJammHqs: Downloading 1 format(s): 18
[info] There are no subtitles for the requested languages
[SubtitlesConvertor] There aren't any subtitles to convert
[download] Destination: Spanish Talks/La vida está al otro lado del miedo ｜ Migu
el Angel Tobías & Gennet Corcuera ｜ TEDxSevilla.mp4
[download]   0.0% of   62.01MiB at    2.06MiB/s ETA 00:30
[download]   0.0% of   62.01MiB at  303.38KiB/s ETA 03:29
[download]   0.0% of   62.01MiB at   82.50KiB/s ETA 12:49
[download]   0.1% of   62.01MiB at  114.81KiB/s ETA 09:12
[download]   0.2% of   62.01MiB at  155.36KiB/s ETA 06:47
[download]   0.4% of   62.01MiB at  228.07KiB/s ETA 04:37
[download]   0.8% of   62.01MiB at  367.40KiB/s ETA 02:51
[download]   1.6% of   62.01MiB at  599.84KiB/s ETA 01:44
[download]   3.2% of   62.01MiB at 1018.45KiB/s ETA 01:00
[download]   6.4% of   62.01MiB at    1.65MiB/s ETA 00:35
[download]  12.9% of   62.01MiB at    2.26MiB/s ETA 00:23
[download]  15.7% of   62.01MiB at    2.65MiB/s ETA 00:19
[download]  15.8% of   62.01MiB at  Unknown B/s ETA Unknown
[download]  15.8% of   62.01MiB at  211.53KiB/s ETA 04:12
[download]  15.8% of   62.01MiB at   55.00KiB/s ETA 16:12
[download]  15.8% of   62.01MiB at   89.25KiB/s ETA 09:59
[download]  15.8% of   62.01MiB at  107.62KiB/s ETA 08:16
[download]  15.9% of   62.01MiB at  147.27KiB/s ETA 06:02
[download]  16.2% of   62.01MiB at  222.87KiB/s ETA 03:58
[download]  16.6% of   62.01MiB at  356.43KiB/s ETA 02:28
[download]  17.4% of   62.01MiB at  587.87KiB/s ETA 01:29
[download]  19.0% of   62.01MiB at  969.63KiB/s ETA 00:53
[download]  22.2% of   62.01MiB at    1.61MiB/s ETA 00:29
[download]  28.6% of   62.01MiB at    2.03MiB/s ETA 00:21
[download]  31.8% of   62.01MiB at    2.51MiB/s ETA 00:16
[download]  31.8% of   62.01MiB at  Unknown B/s ETA Unknown
[download]  31.8% of   62.01MiB at  250.47KiB/s ETA 02:53
[download]  31.8% of   62.01MiB at  285.43KiB/s ETA 02:31
[download]  31.8% of   62.01MiB at   92.62KiB/s ETA 07:47
[download]  31.9% of   62.01MiB at  109.94KiB/s ETA 06:33
[download]  32.0% of   62.01MiB at  155.09KiB/s ETA 04:38
[download]  32.2% of   62.01MiB at  232.09KiB/s ETA 03:05
[download]  32.6% of   62.01MiB at  365.93KiB/s ETA 01:57
[download]  33.4% of   62.01MiB at  591.46KiB/s ETA 01:11
[download]  35.0% of   62.01MiB at 1000.77KiB/s ETA 00:41
[download]  38.2% of   62.01MiB at    1.63MiB/s ETA 00:23
[download]  44.7% of   62.01MiB at    2.19MiB/s ETA 00:15
[download]  47.1% of   62.01MiB at    2.50MiB/s ETA 00:13
[download]  47.1% of   62.01MiB at  330.10KiB/s ETA 01:42
[download]  47.1% of   62.01MiB at    1.62MiB/s ETA 00:20
[download]  47.1% of   62.01MiB at   55.91KiB/s ETA 10:00
[download]  47.1% of   62.01MiB at   99.23KiB/s ETA 05:38
[download]  47.2% of   62.01MiB at   98.55KiB/s ETA 05:40
[download]  47.3% of   62.01MiB at  151.17KiB/s ETA 03:41
[download]  47.5% of   62.01MiB at  228.57KiB/s ETA 02:25
[download]  47.9% of   62.01MiB at  364.44KiB/s ETA 01:30
[download]  48.7% of   62.01MiB at  604.57KiB/s ETA 00:53
[download]  50.3% of   62.01MiB at  995.84KiB/s ETA 00:31
[download]  53.5% of   62.01MiB at    1.65MiB/s ETA 00:17
[download]  60.0% of   62.01MiB at    2.35MiB/s ETA 00:10
[download]  62.9% of   62.01MiB at    2.80MiB/s ETA 00:08
[download]  62.9% of   62.01MiB at  336.46KiB/s ETA 01:10
[download]  62.9% of   62.01MiB at  891.65KiB/s ETA 00:26
[download]  62.9% of   62.01MiB at  217.38KiB/s ETA 01:48
[download]  62.9% of   62.01MiB at   52.14KiB/s ETA 07:32
[download]  62.9% of   62.01MiB at   77.34KiB/s ETA 05:04
[download]  63.0% of   62.01MiB at  113.72KiB/s ETA 03:26
[download]  63.1% of   62.01MiB at  156.22KiB/s ETA 02:30
[download]  63.3% of   62.01MiB at  226.29KiB/s ETA 01:43
[download]  63.7% of   62.01MiB at  364.09KiB/s ETA 01:03
[download]  64.5% of   62.01MiB at  603.01KiB/s ETA 00:37
[download]  66.1% of   62.01MiB at 1012.02KiB/s ETA 00:21
[download]  69.3% of   62.01MiB at    1.71MiB/s ETA 00:11
[download]  75.8% of   62.01MiB at    2.24MiB/s ETA 00:06
[download]  78.5% of   62.01MiB at    2.70MiB/s ETA 00:04
[download]  78.5% of   62.01MiB at   43.86KiB/s ETA 05:11
[download]  78.5% of   62.01MiB at  129.36KiB/s ETA 01:45
[download]  78.5% of   62.01MiB at  130.51KiB/s ETA 01:44
[download]  78.5% of   62.01MiB at  272.93KiB/s ETA 00:49
[download]  78.6% of   62.01MiB at  101.50KiB/s ETA 02:14
[download]  78.6% of   62.01MiB at  109.38KiB/s ETA 02:04
[download]  78.7% of   62.01MiB at  157.95KiB/s ETA 01:25
[download]  78.9% of   62.01MiB at  232.63KiB/s ETA 00:57
[download]  79.3% of   62.01MiB at  367.95KiB/s ETA 00:35
[download]  80.1% of   62.01MiB at  573.08KiB/s ETA 00:22
[download]  81.7% of   62.01MiB at  911.19KiB/s ETA 00:12
[download]  85.0% of   62.01MiB at    1.51MiB/s ETA 00:06
[download]  91.4% of   62.01MiB at    2.22MiB/s ETA 00:02
[download]  94.4% of   62.01MiB at    2.48MiB/s ETA 00:01
[download]  94.4% of   62.01MiB at  390.68KiB/s ETA 00:09
[download]  94.4% of   62.01MiB at  973.31KiB/s ETA 00:03
[download]  94.4% of   62.01MiB at  551.55KiB/s ETA 00:06
[download]  94.5% of   62.01MiB at   55.55KiB/s ETA 01:03
[download]  94.5% of   62.01MiB at   91.52KiB/s ETA 00:38
[download]  94.5% of   62.01MiB at  101.21KiB/s ETA 00:34
[download]  94.6% of   62.01MiB at  140.76KiB/s ETA 00:24
[download]  94.8% of   62.01MiB at  210.04KiB/s ETA 00:15
[download]  95.2% of   62.01MiB at  338.10KiB/s ETA 00:08
[download]  96.0% of   62.01MiB at  505.63KiB/s ETA 00:04
[download]  97.6% of   62.01MiB at  773.62KiB/s ETA 00:01
[download] 100.0% of   62.01MiB at    1.12MiB/s ETA 00:00
[download] 100% of   62.01MiB in 00:00:45 at 1.37MiB/s
[ExtractAudio] Destination: Spanish Talks/La vida está al otro lado del miedo ｜
Miguel Angel Tobías & Gennet Corcuera ｜ TEDxSevilla.wav
Deleting original file Spanish Talks/La vida está al otro lado del miedo ｜ Migue
l Angel Tobías & Gennet Corcuera ｜ TEDxSevilla.mp4 (pass -k to keep)
[download] Downloading item 4 of 10
[youtube] Extracting URL: https://www.youtube.com/watch?v=bSkuXi56I3k
[youtube] bSkuXi56I3k: Downloading webpage
[youtube] bSkuXi56I3k: Downloading android player API JSON
[youtube] bSkuXi56I3k: Downloading web client config
[youtube] bSkuXi56I3k: Downloading web player API JSON
WARNING: [youtube] bSkuXi56I3k: Some android client https formats have been skip
ped as they are missing a URL. YouTube may have enabled the SABR-only streaming
experiment for the current session. See  https://github.com/yt-dlp/yt-dlp/issues
/12482  for more details
[info] bSkuXi56I3k: Downloading 1 format(s): 18
[info] There are no subtitles for the requested languages
[SubtitlesConvertor] There aren't any subtitles to convert
[download] Destination: Spanish Talks/Los 5 hábitos que transforman tu vida ｜ Da
vid Samra ｜ TEDxUniversidadPanamericana.mp4
[download]   0.0% of   26.59MiB at    3.36MiB/s ETA 00:07
[download]   0.1% of   26.59MiB at   49.29KiB/s ETA 09:12
[download]   0.1% of   26.59MiB at   81.95KiB/s ETA 05:31
[download]   0.2% of   26.59MiB at  107.17KiB/s ETA 04:13
[download]   0.5% of   26.59MiB at  148.30KiB/s ETA 03:02
[download]   0.9% of   26.59MiB at  216.98KiB/s ETA 02:04
[download]   1.9% of   26.59MiB at  350.14KiB/s ETA 01:16
[download]   3.8% of   26.59MiB at  581.57KiB/s ETA 00:45
[download]   7.5% of   26.59MiB at  959.20KiB/s ETA 00:26
[download]  15.0% of   26.59MiB at    1.48MiB/s ETA 00:15
[download]  28.1% of   26.59MiB at    1.64MiB/s ETA 00:11
[download]  35.2% of   26.59MiB at    1.94MiB/s ETA 00:08
[download]  36.4% of   26.59MiB at    1.59MiB/s ETA 00:10
[download]  36.4% of   26.59MiB at  Unknown B/s ETA Unknown
[download]  36.4% of   26.59MiB at    1.01MiB/s ETA 00:16
[download]  36.4% of   26.59MiB at    1.96MiB/s ETA 00:08
[download]  36.4% of   26.59MiB at    2.24MiB/s ETA 00:07
[download]  36.5% of   26.59MiB at    2.92MiB/s ETA 00:05
[download]  36.6% of   26.59MiB at    3.05MiB/s ETA 00:05
[download]  36.8% of   26.59MiB at    3.33MiB/s ETA 00:05
[download]  37.3% of   26.59MiB at    3.40MiB/s ETA 00:04
[download]  38.2% of   26.59MiB at    1.94MiB/s ETA 00:08
[download]  40.1% of   26.59MiB at    2.64MiB/s ETA 00:06
[download]  43.9% of   26.59MiB at    3.05MiB/s ETA 00:04
[download]  51.4% of   26.59MiB at    3.74MiB/s ETA 00:03
[download]  66.5% of   26.59MiB at    4.02MiB/s ETA 00:02
[download]  72.8% of   26.59MiB at    4.11MiB/s ETA 00:01
[download]  72.9% of   26.59MiB at  328.78KiB/s ETA 00:22
[download]  72.9% of   26.59MiB at   94.87KiB/s ETA 01:17
[download]  72.9% of   26.59MiB at  215.06KiB/s ETA 00:34
[download]  72.9% of   26.59MiB at   50.05KiB/s ETA 02:27
[download]  73.0% of   26.59MiB at   99.65KiB/s ETA 01:13
[download]  73.1% of   26.59MiB at  108.41KiB/s ETA 01:07
[download]  73.3% of   26.59MiB at  148.33KiB/s ETA 00:48
[download]  73.8% of   26.59MiB at  219.54KiB/s ETA 00:32
[download]  74.7% of   26.59MiB at  296.21KiB/s ETA 00:23
[download]  76.4% of   26.59MiB at  545.79KiB/s ETA 00:11
[download]  79.7% of   26.59MiB at  880.36KiB/s ETA 00:06
[download]  86.4% of   26.59MiB at    1.37MiB/s ETA 00:02
[download]  99.7% of   26.59MiB at    2.07MiB/s ETA 00:00
[download] 100% of   26.59MiB in 00:00:17 at 1.55MiB/s
[ExtractAudio] Destination: Spanish Talks/Los 5 hábitos que transforman tu vida
｜ David Samra ｜ TEDxUniversidadPanamericana.wav
Deleting original file Spanish Talks/Los 5 hábitos que transforman tu vida ｜ Dav
id Samra ｜ TEDxUniversidadPanamericana.mp4 (pass -k to keep)
[download] Downloading item 5 of 10
[youtube] Extracting URL: https://www.youtube.com/watch?v=i5ui_DrtcpU
[youtube] i5ui_DrtcpU: Downloading webpage
[youtube] i5ui_DrtcpU: Downloading android player API JSON
[youtube] i5ui_DrtcpU: Downloading web client config
[youtube] i5ui_DrtcpU: Downloading web player API JSON
WARNING: [youtube] i5ui_DrtcpU: Some android client https formats have been skip
ped as they are missing a URL. YouTube may have enabled the SABR-only streaming
experiment for the current session. See  https://github.com/yt-dlp/yt-dlp/issues
/12482  for more details
[info] i5ui_DrtcpU: Downloading subtitles: en, es
[info] i5ui_DrtcpU: Downloading 1 format(s): 18
[info] Writing video subtitles to: Spanish Talks/Cómo conocer a alguien en 30 se
gundos ｜ Micaela Amore ｜ TEDxRiodelaPlata.en.vtt
WARNING: The extractor specified to use impersonation for this download, but no
impersonate target is available. If you encounter errors, then see  https://gith
ub.com/yt-dlp/yt-dlp#impersonation  for information on installing the required d
ependencies
[download] Destination: Spanish Talks/Cómo conocer a alguien en 30 segundos ｜ Mi
caela Amore ｜ TEDxRiodelaPlata.en.vtt
[download] 100% of    6.38KiB in 00:00:00 at 15.34KiB/s
[info] Writing video subtitles to: Spanish Talks/Cómo conocer a alguien en 30 se
gundos ｜ Micaela Amore ｜ TEDxRiodelaPlata.es.vtt
WARNING: The extractor specified to use impersonation for this download, but no
impersonate target is available. If you encounter errors, then see  https://gith
ub.com/yt-dlp/yt-dlp#impersonation  for information on installing the required d
ependencies
[download] Destination: Spanish Talks/Cómo conocer a alguien en 30 segundos ｜ Mi
caela Amore ｜ TEDxRiodelaPlata.es.vtt
[download] 100% of    6.54KiB in 00:00:00 at 14.11KiB/s
[SubtitlesConvertor] Converting subtitles
Deleting original file Spanish Talks/Cómo conocer a alguien en 30 segundos ｜ Mic
aela Amore ｜ TEDxRiodelaPlata.es.vtt (pass -k to keep)
Deleting original file Spanish Talks/Cómo conocer a alguien en 30 segundos ｜ Mic
aela Amore ｜ TEDxRiodelaPlata.en.vtt (pass -k to keep)
[download] Destination: Spanish Talks/Cómo conocer a alguien en 30 segundos ｜ Mi
caela Amore ｜ TEDxRiodelaPlata.mp4
[download]   0.0% of    8.81MiB at    2.53MiB/s ETA 00:03
[download]   0.1% of    8.81MiB at   15.86KiB/s ETA 09:28
[download]   0.3% of    8.81MiB at   69.95KiB/s ETA 02:08
[download]   0.7% of    8.81MiB at   84.16KiB/s ETA 01:46
[download]   1.4% of    8.81MiB at  116.58KiB/s ETA 01:16
[download]   2.8% of    8.81MiB at  177.75KiB/s ETA 00:49
[download]   5.7% of    8.81MiB at  289.13KiB/s ETA 00:29
[download]  11.3% of    8.81MiB at  486.19KiB/s ETA 00:16
[download]  22.7% of    8.81MiB at  819.74KiB/s ETA 00:08
[download]  45.4% of    8.81MiB at    1.33MiB/s ETA 00:03
[download]  89.2% of    8.81MiB at    1.81MiB/s ETA 00:00
[download] 100.0% of    8.81MiB at    2.02MiB/s ETA 00:00
[download] 100% of    8.81MiB in 00:00:07 at 1.19MiB/s
[ExtractAudio] Destination: Spanish Talks/Cómo conocer a alguien en 30 segundos
｜ Micaela Amore ｜ TEDxRiodelaPlata.wav
Deleting original file Spanish Talks/Cómo conocer a alguien en 30 segundos ｜ Mic
aela Amore ｜ TEDxRiodelaPlata.mp4 (pass -k to keep)
[download] Downloading item 6 of 10
[youtube] Extracting URL: https://www.youtube.com/watch?v=aqo4_BlMIbw
[youtube] aqo4_BlMIbw: Downloading webpage
[youtube] aqo4_BlMIbw: Downloading android player API JSON
[youtube] aqo4_BlMIbw: Downloading web client config
[youtube] aqo4_BlMIbw: Downloading web player API JSON
WARNING: [youtube] aqo4_BlMIbw: Some android client https formats have been skip
ped as they are missing a URL. YouTube may have enabled the SABR-only streaming
experiment for the current session. See  https://github.com/yt-dlp/yt-dlp/issues
/12482  for more details
[info] aqo4_BlMIbw: Downloading subtitles: en, es
[info] aqo4_BlMIbw: Downloading 1 format(s): 18
[info] Writing video subtitles to: Spanish Talks/Dependencia emocional en la par
eja ｜ Silvia Congost ｜ TEDxReus.en.vtt
WARNING: The extractor specified to use impersonation for this download, but no
impersonate target is available. If you encounter errors, then see  https://gith
ub.com/yt-dlp/yt-dlp#impersonation  for information on installing the required d
ependencies
[download] Destination: Spanish Talks/Dependencia emocional en la pareja ｜ Silvi
a Congost ｜ TEDxReus.en.vtt
[download]    7.00KiB at    2.01MiB/s (00:00:00)
[download]   15.00KiB at    1.12MiB/s (00:00:00)
[download]   27.03KiB at  338.79KiB/s (00:00:00)
[download] 100% of   27.03KiB in 00:00:00 at 49.03KiB/s
[info] Writing video subtitles to: Spanish Talks/Dependencia emocional en la par
eja ｜ Silvia Congost ｜ TEDxReus.es.vtt
WARNING: The extractor specified to use impersonation for this download, but no
impersonate target is available. If you encounter errors, then see  https://gith
ub.com/yt-dlp/yt-dlp#impersonation  for information on installing the required d
ependencies
[download] Destination: Spanish Talks/Dependencia emocional en la pareja ｜ Silvi
a Congost ｜ TEDxReus.es.vtt
[download]    7.00KiB at    6.08MiB/s (00:00:00)
[download]   15.00KiB at    1.47MiB/s (00:00:00)
[download]   26.18KiB at  536.80KiB/s (00:00:00)
[download] 100% of   26.18KiB in 00:00:00 at 47.14KiB/s
[SubtitlesConvertor] Converting subtitles
Deleting original file Spanish Talks/Dependencia emocional en la pareja ｜ Silvia
 Congost ｜ TEDxReus.es.vtt (pass -k to keep)
Deleting original file Spanish Talks/Dependencia emocional en la pareja ｜ Silvia
 Congost ｜ TEDxReus.en.vtt (pass -k to keep)
[download] Destination: Spanish Talks/Dependencia emocional en la pareja ｜ Silvi
a Congost ｜ TEDxReus.mp4
[download]   0.0% of   30.71MiB at    4.73MiB/s ETA 00:06
[download]   0.1% of   30.71MiB at    3.20MiB/s ETA 00:09
[download]   0.2% of   30.71MiB at    3.86MiB/s ETA 00:07
[download]   0.4% of   30.71MiB at    2.20MiB/s ETA 00:13
[download]   0.8% of   30.71MiB at    3.14MiB/s ETA 00:09
[download]   1.6% of   30.71MiB at    2.13MiB/s ETA 00:14
[download]   3.3% of   30.71MiB at    3.32MiB/s ETA 00:08
[download]   6.5% of   30.71MiB at    4.37MiB/s ETA 00:06
[download]  13.0% of   30.71MiB at    5.50MiB/s ETA 00:04
[download]  26.0% of   30.71MiB at    5.14MiB/s ETA 00:04
[download]  31.3% of   30.71MiB at    5.11MiB/s ETA 00:04
[download]  31.3% of   30.71MiB at  Unknown B/s ETA Unknown
[download]  31.3% of   30.71MiB at    6.24MiB/s ETA 00:03
[download]  31.3% of   30.71MiB at    1.09MiB/s ETA 00:19
[download]  31.4% of   30.71MiB at    2.11MiB/s ETA 00:09
[download]  31.5% of   30.71MiB at    1.61MiB/s ETA 00:13
[download]  31.7% of   30.71MiB at    2.59MiB/s ETA 00:08
[download]  32.1% of   30.71MiB at    3.19MiB/s ETA 00:06
[download]  32.9% of   30.71MiB at    3.91MiB/s ETA 00:05
[download]  34.5% of   30.71MiB at    4.61MiB/s ETA 00:04
[download]  37.8% of   30.71MiB at    3.17MiB/s ETA 00:06
[download]  44.3% of   30.71MiB at    3.70MiB/s ETA 00:04
[download]  57.3% of   30.71MiB at    3.51MiB/s ETA 00:03
[download]  62.5% of   30.71MiB at    3.57MiB/s ETA 00:03
[download]  62.5% of   30.71MiB at  Unknown B/s ETA Unknown
[download]  62.5% of   30.71MiB at  516.36KiB/s ETA 00:22
[download]  62.5% of   30.71MiB at    1.01MiB/s ETA 00:11
[download]  62.6% of   30.71MiB at    1.52MiB/s ETA 00:07
[download]  62.7% of   30.71MiB at    2.32MiB/s ETA 00:04
[download]  62.9% of   30.71MiB at    2.68MiB/s ETA 00:04
[download]  63.3% of   30.71MiB at    4.00MiB/s ETA 00:02
[download]  64.1% of   30.71MiB at    3.98MiB/s ETA 00:02
[download]  65.8% of   30.71MiB at    4.59MiB/s ETA 00:02
[download]  69.0% of   30.71MiB at    5.48MiB/s ETA 00:01
[download]  75.5% of   30.71MiB at    4.66MiB/s ETA 00:01
[download]  88.5% of   30.71MiB at    1.68MiB/s ETA 00:02
[download]  94.3% of   30.71MiB at    1.93MiB/s ETA 00:00
[download]  94.3% of   30.71MiB at  305.22KiB/s ETA 00:05
[download]  94.4% of   30.71MiB at    2.40MiB/s ETA 00:00
[download]  94.4% of   30.71MiB at    2.30MiB/s ETA 00:00
[download]  94.5% of   30.71MiB at    3.73MiB/s ETA 00:00
[download]  94.7% of   30.71MiB at    3.38MiB/s ETA 00:00
[download]  95.1% of   30.71MiB at    3.38MiB/s ETA 00:00
[download]  96.0% of   30.71MiB at    3.55MiB/s ETA 00:00
[download]  97.6% of   30.71MiB at    1.00MiB/s ETA 00:00
[download]  99.5% of   30.71MiB at    1.44MiB/s ETA 00:00
[download] 100.0% of   30.71MiB at    1.55MiB/s ETA 00:00
[download] 100% of   30.71MiB in 00:00:12 at 2.49MiB/s
[ExtractAudio] Destination: Spanish Talks/Dependencia emocional en la pareja ｜ S
ilvia Congost ｜ TEDxReus.wav
Deleting original file Spanish Talks/Dependencia emocional en la pareja ｜ Silvia
 Congost ｜ TEDxReus.mp4 (pass -k to keep)
[download] Downloading item 7 of 10
[youtube] Extracting URL: https://www.youtube.com/watch?v=lHiWSJrBjgE
[youtube] lHiWSJrBjgE: Downloading webpage
[youtube] lHiWSJrBjgE: Downloading android player API JSON
[youtube] lHiWSJrBjgE: Downloading web client config
[youtube] lHiWSJrBjgE: Downloading web player API JSON
WARNING: [youtube] lHiWSJrBjgE: Some android client https formats have been skip
ped as they are missing a URL. YouTube may have enabled the SABR-only streaming
experiment for the current session. See  https://github.com/yt-dlp/yt-dlp/issues
/12482  for more details
[info] lHiWSJrBjgE: Downloading 1 format(s): 18
[info] There are no subtitles for the requested languages
[SubtitlesConvertor] There aren't any subtitles to convert
[download] Destination: Spanish Talks/Sí tú no crees en ti, nadie va a creer en
ti ｜ Sergio Dipp ｜ TEDxUANL.mp4
[download]   0.0% of   24.51MiB at    3.58MiB/s ETA 00:06
[download]   0.1% of   24.51MiB at    1.55MiB/s ETA 00:15
[download]   0.1% of   24.51MiB at    2.42MiB/s ETA 00:10
[download]   0.3% of   24.51MiB at    3.70MiB/s ETA 00:06
[download]   0.5% of   24.51MiB at    2.94MiB/s ETA 00:08
[download]   1.0% of   24.51MiB at    3.49MiB/s ETA 00:06
[download]   2.0% of   24.51MiB at  189.42KiB/s ETA 02:09
[download]   2.5% of   24.51MiB at  235.18KiB/s ETA 01:44
[download]   3.6% of   24.51MiB at  322.85KiB/s ETA 01:14
[download]   5.6% of   24.51MiB at  489.80KiB/s ETA 00:48
[download]   9.7% of   24.51MiB at  788.58KiB/s ETA 00:28
[download]  17.8% of   24.51MiB at    1.26MiB/s ETA 00:16
[download]  34.2% of   24.51MiB at    2.00MiB/s ETA 00:08
[download]  39.6% of   24.51MiB at    2.11MiB/s ETA 00:07
[download]  39.6% of   24.51MiB at  Unknown B/s ETA Unknown
[download]  39.6% of   24.51MiB at    4.39MiB/s ETA 00:03
[download]  39.6% of   24.51MiB at    2.22MiB/s ETA 00:06
[download]  39.7% of   24.51MiB at    3.13MiB/s ETA 00:04
[download]  39.8% of   24.51MiB at    3.78MiB/s ETA 00:03
[download]  40.1% of   24.51MiB at    3.04MiB/s ETA 00:04
[download]  40.6% of   24.51MiB at    3.50MiB/s ETA 00:04
[download]  41.6% of   24.51MiB at    4.76MiB/s ETA 00:03
[download]  43.7% of   24.51MiB at    5.54MiB/s ETA 00:02
[download]  47.7% of   24.51MiB at    3.63MiB/s ETA 00:03
[download]  55.9% of   24.51MiB at    4.74MiB/s ETA 00:02
[download]  72.2% of   24.51MiB at    5.04MiB/s ETA 00:01
[download]  79.2% of   24.51MiB at    5.31MiB/s ETA 00:00
[download]  79.2% of   24.51MiB at  340.70KiB/s ETA 00:15
[download]  79.2% of   24.51MiB at    1.44MiB/s ETA 00:03
[download]  79.2% of   24.51MiB at   47.72KiB/s ETA 01:49
[download]  79.3% of   24.51MiB at   81.49KiB/s ETA 01:03
[download]  79.4% of   24.51MiB at  102.13KiB/s ETA 00:50
[download]  79.7% of   24.51MiB at  139.21KiB/s ETA 00:36
[download]  80.2% of   24.51MiB at  209.76KiB/s ETA 00:23
[download]  81.2% of   24.51MiB at  329.78KiB/s ETA 00:14
[download]  83.3% of   24.51MiB at  530.60KiB/s ETA 00:07
[download]  87.3% of   24.51MiB at  873.63KiB/s ETA 00:03
[download]  95.5% of   24.51MiB at    1.42MiB/s ETA 00:00
[download] 100.0% of   24.51MiB at    1.73MiB/s ETA 00:00
[download] 100% of   24.51MiB in 00:00:15 at 1.59MiB/s
[ExtractAudio] Destination: Spanish Talks/Sí tú no crees en ti, nadie va a creer
 en ti ｜ Sergio Dipp ｜ TEDxUANL.wav
Deleting original file Spanish Talks/Sí tú no crees en ti, nadie va a creer en t
i ｜ Sergio Dipp ｜ TEDxUANL.mp4 (pass -k to keep)
[download] Downloading item 8 of 10
[youtube] Extracting URL: https://www.youtube.com/watch?v=4bk4pCXwkbY
[youtube] 4bk4pCXwkbY: Downloading webpage
[youtube] 4bk4pCXwkbY: Downloading android player API JSON
[youtube] 4bk4pCXwkbY: Downloading web client config
[youtube] 4bk4pCXwkbY: Downloading web player API JSON
WARNING: [youtube] 4bk4pCXwkbY: Some android client https formats have been skip
ped as they are missing a URL. YouTube may have enabled the SABR-only streaming
experiment for the current session. See  https://github.com/yt-dlp/yt-dlp/issues
/12482  for more details
[info] 4bk4pCXwkbY: Downloading 1 format(s): 18
[info] There are no subtitles for the requested languages
[SubtitlesConvertor] There aren't any subtitles to convert
[download] Destination: Spanish Talks/When Ted Cruz Spoke in Spanish at GOP Deba
te.mp4
[download]   0.4% of    1.61MiB at    4.07MiB/s ETA 00:00
[download]   0.9% of    1.61MiB at  901.34KiB/s ETA 00:01
[download]   1.9% of    1.61MiB at    1.56MiB/s ETA 00:01
[download]   3.8% of    1.61MiB at    1.85MiB/s ETA 00:00
[download]   7.7% of    1.61MiB at    2.66MiB/s ETA 00:00
[download]  15.4% of    1.61MiB at    4.12MiB/s ETA 00:00
[download]  31.0% of    1.61MiB at    3.95MiB/s ETA 00:00
[download]  62.0% of    1.61MiB at    5.06MiB/s ETA 00:00
[download] 100.0% of    1.61MiB at    4.99MiB/s ETA 00:00
[download] 100% of    1.61MiB in 00:00:01 at 845.70KiB/s
[ExtractAudio] Destination: Spanish Talks/When Ted Cruz Spoke in Spanish at GOP
Debate.wav
Deleting original file Spanish Talks/When Ted Cruz Spoke in Spanish at GOP Debat
e.mp4 (pass -k to keep)
[download] Downloading item 9 of 10
[youtube] Extracting URL: https://www.youtube.com/watch?v=3X30vGbLol8
[youtube] 3X30vGbLol8: Downloading webpage
[youtube] 3X30vGbLol8: Downloading android player API JSON
[youtube] 3X30vGbLol8: Downloading web client config
[youtube] 3X30vGbLol8: Downloading web player API JSON
WARNING: [youtube] 3X30vGbLol8: Some android client https formats have been skip
ped as they are missing a URL. YouTube may have enabled the SABR-only streaming
experiment for the current session. See  https://github.com/yt-dlp/yt-dlp/issues
/12482  for more details
[info] 3X30vGbLol8: Downloading 1 format(s): 18
[info] There are no subtitles for the requested languages
[SubtitlesConvertor] There aren't any subtitles to convert
[download] Destination: Spanish Talks/Dime cómo hablas y te diré quién eres ｜ Jo
usin Palafox ｜ TEDxTijuana.mp4
[download]   0.0% of   20.32MiB at    3.54MiB/s ETA 00:05
[download]   0.1% of   20.32MiB at   52.68KiB/s ETA 06:34
[download]   0.1% of   20.32MiB at   87.81KiB/s ETA 03:56
[download]   0.3% of   20.32MiB at  105.65KiB/s ETA 03:16
[download]   0.6% of   20.32MiB at  140.41KiB/s ETA 02:27
[download]   1.2% of   20.32MiB at  207.76KiB/s ETA 01:38
[download]   2.5% of   20.32MiB at  332.40KiB/s ETA 01:01
[download]   4.9% of   20.32MiB at  536.18KiB/s ETA 00:36
[download]   9.8% of   20.32MiB at  862.41KiB/s ETA 00:21
[download]  19.7% of   20.32MiB at    1.53MiB/s ETA 00:10
[download]  39.4% of   20.32MiB at    1.99MiB/s ETA 00:06
[download]  46.8% of   20.32MiB at    2.20MiB/s ETA 00:04
[download]  46.8% of   20.32MiB at  Unknown B/s ETA Unknown
[download]  46.8% of   20.32MiB at   18.85KiB/s ETA 09:47
[download]  46.9% of   20.32MiB at   82.85KiB/s ETA 02:13
[download]  47.1% of   20.32MiB at   98.70KiB/s ETA 01:51
[download]  47.4% of   20.32MiB at  145.45KiB/s ETA 01:15
[download]  48.0% of   20.32MiB at  222.52KiB/s ETA 00:48
[download]  49.2% of   20.32MiB at  356.47KiB/s ETA 00:29
[download]  51.7% of   20.32MiB at  586.48KiB/s ETA 00:17
[download]  56.6% of   20.32MiB at  923.17KiB/s ETA 00:09
[download]  66.5% of   20.32MiB at    1.27MiB/s ETA 00:05
[download]  77.0% of   20.32MiB at    1.82MiB/s ETA 00:02
[download]  95.2% of   20.32MiB at    2.31MiB/s ETA 00:00
[download]  95.3% of   20.32MiB at  340.12KiB/s ETA 00:02
[download]  95.3% of   20.32MiB at  895.26KiB/s ETA 00:01
[download]  95.3% of   20.32MiB at  212.66KiB/s ETA 00:04
[download]  95.3% of   20.32MiB at   55.67KiB/s ETA 00:17
[download]  95.4% of   20.32MiB at   89.00KiB/s ETA 00:10
[download]  95.6% of   20.32MiB at  110.09KiB/s ETA 00:08
[download]  95.9% of   20.32MiB at  153.32KiB/s ETA 00:05
[download]  96.5% of   20.32MiB at  210.53KiB/s ETA 00:03
[download]  97.7% of   20.32MiB at  338.64KiB/s ETA 00:01
[download] 100.0% of   20.32MiB at  541.33KiB/s ETA 00:00
[download] 100% of   20.32MiB in 00:00:14 at 1.40MiB/s
[ExtractAudio] Destination: Spanish Talks/Dime cómo hablas y te diré quién eres
｜ Jousin Palafox ｜ TEDxTijuana.wav
Deleting original file Spanish Talks/Dime cómo hablas y te diré quién eres ｜ Jou
sin Palafox ｜ TEDxTijuana.mp4 (pass -k to keep)
[download] Downloading item 10 of 10
[youtube] Extracting URL: https://www.youtube.com/watch?v=-8XCTDRFCC8
[youtube] -8XCTDRFCC8: Downloading webpage
[youtube] -8XCTDRFCC8: Downloading android player API JSON
[youtube] -8XCTDRFCC8: Downloading web client config
[youtube] -8XCTDRFCC8: Downloading web player API JSON
WARNING: [youtube] -8XCTDRFCC8: Some android client https formats have been skip
ped as they are missing a URL. YouTube may have enabled the SABR-only streaming
experiment for the current session. See  https://github.com/yt-dlp/yt-dlp/issues
/12482  for more details
[info] -8XCTDRFCC8: Downloading subtitles: es, es-ES
[info] -8XCTDRFCC8: Downloading 1 format(s): 18
[info] Writing video subtitles to: Spanish Talks/Canaliza tu energía y termina t
us proyectos ｜ Stefany Cohen ｜ TEDxPanamaCity.es.vtt
WARNING: The extractor specified to use impersonation for this download, but no
impersonate target is available. If you encounter errors, then see  https://gith
ub.com/yt-dlp/yt-dlp#impersonation  for information on installing the required d
ependencies
[download] Destination: Spanish Talks/Canaliza tu energía y termina tus proyecto
s ｜ Stefany Cohen ｜ TEDxPanamaCity.es.vtt
[download] 100% of   19.23KiB in 00:00:00 at 36.22KiB/s
[info] Writing video subtitles to: Spanish Talks/Canaliza tu energía y termina t
us proyectos ｜ Stefany Cohen ｜ TEDxPanamaCity.es-ES.vtt
WARNING: The extractor specified to use impersonation for this download, but no
impersonate target is available. If you encounter errors, then see  https://gith
ub.com/yt-dlp/yt-dlp#impersonation  for information on installing the required d
ependencies
[download] Destination: Spanish Talks/Canaliza tu energía y termina tus proyecto
s ｜ Stefany Cohen ｜ TEDxPanamaCity.es-ES.vtt
[download]    7.00KiB at    3.88MiB/s (00:00:00)
[download]   15.00KiB at    1.21MiB/s (00:00:00)
[download]   19.15KiB at  442.21KiB/s (00:00:00)
[download] 100% of   19.15KiB in 00:00:00 at 39.77KiB/s
[SubtitlesConvertor] Converting subtitles
Deleting original file Spanish Talks/Canaliza tu energía y termina tus proyectos
 ｜ Stefany Cohen ｜ TEDxPanamaCity.es.vtt (pass -k to keep)
Deleting original file Spanish Talks/Canaliza tu energía y termina tus proyectos
 ｜ Stefany Cohen ｜ TEDxPanamaCity.es-ES.vtt (pass -k to keep)
[download] Destination: Spanish Talks/Canaliza tu energía y termina tus proyecto
s ｜ Stefany Cohen ｜ TEDxPanamaCity.mp4
[download]   0.0% of   18.29MiB at    4.81MiB/s ETA 00:03
[download]   0.1% of   18.29MiB at   52.42KiB/s ETA 05:56
[download]   0.2% of   18.29MiB at   88.86KiB/s ETA 03:30
[download]   0.3% of   18.29MiB at  110.60KiB/s ETA 02:48
[download]   0.7% of   18.29MiB at  136.51KiB/s ETA 02:16
[download]   1.4% of   18.29MiB at  168.75KiB/s ETA 01:49
[download]   2.5% of   18.29MiB at  294.08KiB/s ETA 01:02
[download]   4.9% of   18.29MiB at  404.30KiB/s ETA 00:44
[download]   8.5% of   18.29MiB at  621.24KiB/s ETA 00:27
[download]  15.8% of   18.29MiB at    1.01MiB/s ETA 00:15
[download]  30.3% of   18.29MiB at    1.54MiB/s ETA 00:08
[download]  49.6% of   18.29MiB at    2.29MiB/s ETA 00:04
[download]  53.8% of   18.29MiB at    2.39MiB/s ETA 00:03
[download]  53.8% of   18.29MiB at  394.54KiB/s ETA 00:22
[download]  53.8% of   18.29MiB at 1023.33KiB/s ETA 00:08
[download]  53.9% of   18.29MiB at   36.76KiB/s ETA 03:55
[download]  54.0% of   18.29MiB at  162.03KiB/s ETA 00:53
[download]  54.2% of   18.29MiB at  184.80KiB/s ETA 00:46
[download]  54.5% of   18.29MiB at  212.86KiB/s ETA 00:40
[download]  55.2% of   18.29MiB at  392.90KiB/s ETA 00:21
[download]  56.6% of   18.29MiB at  616.49KiB/s ETA 00:13
[download]  59.3% of   18.29MiB at  956.85KiB/s ETA 00:07
[download]  64.8% of   18.29MiB at    1.61MiB/s ETA 00:03
[download]  75.7% of   18.29MiB at    2.48MiB/s ETA 00:01
[download]  97.6% of   18.29MiB at    3.82MiB/s ETA 00:00
[download] 100.0% of   18.29MiB at    3.56MiB/s ETA 00:00
[download] 100% of   18.29MiB in 00:00:10 at 1.69MiB/s
[ExtractAudio] Destination: Spanish Talks/Canaliza tu energía y termina tus proy
ectos ｜ Stefany Cohen ｜ TEDxPanamaCity.wav
Deleting original file Spanish Talks/Canaliza tu energía y termina tus proyectos
 ｜ Stefany Cohen ｜ TEDxPanamaCity.mp4 (pass -k to keep)
[download] Finished downloading playlist: TED talk in Spanish
----------------------------------------
Starting batch for: Bengali
Folder: Bengali Talks
Subtitles: en.*, bn.*
[youtube:search] Extracting URL: ytsearch10:TED talk in Bengali
[download] Downloading playlist: TED talk in Bengali
[youtube:search] query "TED talk in Bengali": Downloading web client config
[youtube:search] query "TED talk in Bengali" page 1: Downloading API JSON
[youtube:search] Playlist TED talk in Bengali: Downloading 10 items of 10
[download] Downloading item 1 of 10
[youtube] Extracting URL: https://www.youtube.com/watch?v=zHsfmphP_nE
[youtube] zHsfmphP_nE: Downloading webpage
[youtube] zHsfmphP_nE: Downloading android player API JSON
[youtube] zHsfmphP_nE: Downloading web client config
[youtube] zHsfmphP_nE: Downloading web player API JSON
WARNING: [youtube] zHsfmphP_nE: Some android client https formats have been skip
ped as they are missing a URL. YouTube may have enabled the SABR-only streaming
experiment for the current session. See  https://github.com/yt-dlp/yt-dlp/issues
/12482  for more details
[info] zHsfmphP_nE: Downloading 1 format(s): 18
[info] There are no subtitles for the requested languages
[SubtitlesConvertor] There aren't any subtitles to convert
[download] Destination: Bengali Talks/বাঙালীর সংস্কৃতিমনস্কতা কি কমে যাচ্ছে？ ｜ C
handril Bhattacharya ｜ TEDxHITKolkata.mp4
[download]   0.0% of   31.39MiB at    1.22MiB/s ETA 00:25
[download]   0.0% of   31.39MiB at    1.15MiB/s ETA 00:27
[download]   0.1% of   31.39MiB at    1.14MiB/s ETA 00:27
[download]   0.2% of   31.39MiB at    1.89MiB/s ETA 00:16
[download]   0.4% of   31.39MiB at    1.79MiB/s ETA 00:17
[download]   0.8% of   31.39MiB at    2.68MiB/s ETA 00:11
[download]   1.6% of   31.39MiB at  253.44KiB/s ETA 02:04
[download]   2.0% of   31.39MiB at  317.00KiB/s ETA 01:39
[download]   2.8% of   31.39MiB at  439.44KiB/s ETA 01:11
[download]   4.5% of   31.39MiB at  662.86KiB/s ETA 00:46
[download]   7.8% of   31.39MiB at    1.03MiB/s ETA 00:28
[download]  14.4% of   31.39MiB at    1.53MiB/s ETA 00:17
[download]  25.6% of   31.39MiB at    1.92MiB/s ETA 00:12
[download]  31.8% of   31.39MiB at    2.26MiB/s ETA 00:09
[download]  31.8% of   31.39MiB at  318.69KiB/s ETA 01:09
[download]  31.8% of   31.39MiB at    1.59MiB/s ETA 00:13
[download]  31.8% of   31.39MiB at    1.13MiB/s ETA 00:19
[download]  31.9% of   31.39MiB at    1.88MiB/s ETA 00:11
[download]  32.0% of   31.39MiB at    2.72MiB/s ETA 00:07
[download]  32.2% of   31.39MiB at    3.45MiB/s ETA 00:06
[download]  32.6% of   31.39MiB at    5.08MiB/s ETA 00:04
[download]  33.4% of   31.39MiB at    1.43MiB/s ETA 00:14
[download]  34.9% of   31.39MiB at    2.49MiB/s ETA 00:08
[download]  38.1% of   31.39MiB at    3.52MiB/s ETA 00:05
[download]  44.5% of   31.39MiB at    3.83MiB/s ETA 00:04
[download]  57.3% of   31.39MiB at    3.71MiB/s ETA 00:03
[download]  62.5% of   31.39MiB at    3.91MiB/s ETA 00:03
[download]  62.5% of   31.39MiB at  356.72KiB/s ETA 00:34
[download]  62.5% of   31.39MiB at    2.42MiB/s ETA 00:04
[download]  62.6% of   31.39MiB at    3.13MiB/s ETA 00:03
[download]  62.7% of   31.39MiB at    4.78MiB/s ETA 00:02
[download]  62.9% of   31.39MiB at    5.37MiB/s ETA 00:02
[download]  63.3% of   31.39MiB at    6.20MiB/s ETA 00:01
[download]  64.1% of   31.39MiB at    5.34MiB/s ETA 00:02
[download]  65.7% of   31.39MiB at    1.38MiB/s ETA 00:07
[download]  68.2% of   31.39MiB at    1.87MiB/s ETA 00:05
[download]  73.3% of   31.39MiB at    2.64MiB/s ETA 00:03
[download]  83.4% of   31.39MiB at    3.61MiB/s ETA 00:01
[download]  93.0% of   31.39MiB at    2.94MiB/s ETA 00:00
[download]  93.0% of   31.39MiB at  Unknown B/s ETA Unknown
[download]  93.0% of   31.39MiB at    5.97MiB/s ETA 00:00
[download]  93.1% of   31.39MiB at    4.64MiB/s ETA 00:00
[download]  93.2% of   31.39MiB at    1.79MiB/s ETA 00:01
[download]  93.4% of   31.39MiB at    2.90MiB/s ETA 00:00
[download]  93.8% of   31.39MiB at    4.18MiB/s ETA 00:00
[download]  94.6% of   31.39MiB at    4.43MiB/s ETA 00:00
[download]  96.2% of   31.39MiB at    4.92MiB/s ETA 00:00
[download]  99.4% of   31.39MiB at    1.16MiB/s ETA 00:00
[download] 100.0% of   31.39MiB at    1.25MiB/s ETA 00:00
[download] 100% of   31.39MiB in 00:00:13 at 2.26MiB/s
[ExtractAudio] Destination: Bengali Talks/বাঙালীর সংস্কৃতিমনস্কতা কি কমে যাচ্ছে？
 ｜ Chandril Bhattacharya ｜ TEDxHITKolkata.wav
Deleting original file Bengali Talks/বাঙালীর সংস্কৃতিমনস্কতা কি কমে যাচ্ছে？ ｜ Ch
andril Bhattacharya ｜ TEDxHITKolkata.mp4 (pass -k to keep)
[download] Downloading item 2 of 10
[youtube] Extracting URL: https://www.youtube.com/watch?v=e3BB8yyq7a8
[youtube] e3BB8yyq7a8: Downloading webpage
[youtube] e3BB8yyq7a8: Downloading android player API JSON
[youtube] e3BB8yyq7a8: Downloading web client config
[youtube] e3BB8yyq7a8: Downloading web player API JSON
WARNING: [youtube] e3BB8yyq7a8: Some android client https formats have been skip
ped as they are missing a URL. YouTube may have enabled the SABR-only streaming
experiment for the current session. See  https://github.com/yt-dlp/yt-dlp/issues
/12482  for more details
[info] e3BB8yyq7a8: Downloading 1 format(s): 18
[info] There are no subtitles for the requested languages
[SubtitlesConvertor] There aren't any subtitles to convert
[download] Destination: Bengali Talks/Travel for travel's sake ｜ Tareq Onu ｜ TED
xBUET.mp4
[download]   0.0% of   38.29MiB at    2.68MiB/s ETA 00:14
[download]   0.3% of   38.29MiB at    3.87MiB/s ETA 00:09
[download]   0.7% of   38.29MiB at    4.67MiB/s ETA 00:08
[download]   1.3% of   38.29MiB at    5.04MiB/s ETA 00:07
[download]   2.6% of   38.29MiB at    5.91MiB/s ETA 00:06
[download]   5.2% of   38.29MiB at    6.34MiB/s ETA 00:05
[download]  10.4% of   38.29MiB at    7.12MiB/s ETA 00:04
[download]  20.9% of   38.29MiB at    4.61MiB/s ETA 00:06
[download]  25.4% of   38.29MiB at    4.98MiB/s ETA 00:05
[download]  25.4% of   38.29MiB at  Unknown B/s ETA Unknown
[download]  25.4% of   38.29MiB at    7.11MiB/s ETA 00:04
[download]  25.5% of   38.29MiB at    2.92MiB/s ETA 00:09
[download]  25.6% of   38.29MiB at    3.61MiB/s ETA 00:07
[download]  25.7% of   38.29MiB at    5.32MiB/s ETA 00:05
[download]  26.0% of   38.29MiB at    3.72MiB/s ETA 00:07
[download]  26.7% of   38.29MiB at    4.55MiB/s ETA 00:06
[download]  28.0% of   38.29MiB at    4.82MiB/s ETA 00:05
[download]  30.6% of   38.29MiB at    5.07MiB/s ETA 00:05
[download]  35.8% of   38.29MiB at    4.07MiB/s ETA 00:06
[download]  44.7% of   38.29MiB at    3.90MiB/s ETA 00:05
[download]  50.9% of   38.29MiB at    4.41MiB/s ETA 00:04
[download]  50.9% of   38.29MiB at  Unknown B/s ETA Unknown
[download]  50.9% of   38.29MiB at    7.17MiB/s ETA 00:02
[download]  51.0% of   38.29MiB at    4.74MiB/s ETA 00:03
[download]  51.1% of   38.29MiB at    4.28MiB/s ETA 00:04
[download]  51.2% of   38.29MiB at    5.40MiB/s ETA 00:03
[download]  51.5% of   38.29MiB at    6.82MiB/s ETA 00:02
[download]  52.2% of   38.29MiB at    7.60MiB/s ETA 00:02
[download]  53.5% of   38.29MiB at    5.85MiB/s ETA 00:03
[download]  56.1% of   38.29MiB at    1.93MiB/s ETA 00:08
[download]  59.1% of   38.29MiB at    2.66MiB/s ETA 00:05
[download]  65.2% of   38.29MiB at    3.63MiB/s ETA 00:03
[download]  75.6% of   38.29MiB at    3.82MiB/s ETA 00:02
[download]  75.7% of   38.29MiB at    3.83MiB/s ETA 00:02
[download]  75.8% of   38.29MiB at  Unknown B/s ETA Unknown
[download]  75.8% of   38.29MiB at  989.26KiB/s ETA 00:09
[download]  75.8% of   38.29MiB at    3.06MiB/s ETA 00:03
[download]  75.9% of   38.29MiB at  857.47KiB/s ETA 00:11
[download]  76.1% of   38.29MiB at    1.20MiB/s ETA 00:07
[download]  76.4% of   38.29MiB at    1.36MiB/s ETA 00:06
[download]  77.1% of   38.29MiB at    1.75MiB/s ETA 00:05
[download]  78.4% of   38.29MiB at    1.30MiB/s ETA 00:06
[download]  81.0% of   38.29MiB at    1.92MiB/s ETA 00:03
[download]  86.2% of   38.29MiB at    2.56MiB/s ETA 00:02
[download]  96.2% of   38.29MiB at    2.92MiB/s ETA 00:00
[download] 100.0% of   38.29MiB at    3.10MiB/s ETA 00:00
[download] 100% of   38.29MiB in 00:00:11 at 3.23MiB/s
[ExtractAudio] Destination: Bengali Talks/Travel for travel's sake ｜ Tareq Onu ｜
 TEDxBUET.wav
Deleting original file Bengali Talks/Travel for travel's sake ｜ Tareq Onu ｜ TEDx
BUET.mp4 (pass -k to keep)
[download] Downloading item 3 of 10
[youtube] Extracting URL: https://www.youtube.com/watch?v=Q3yLtKFA7sg
[youtube] Q3yLtKFA7sg: Downloading webpage
[youtube] Q3yLtKFA7sg: Downloading android player API JSON
[youtube] Q3yLtKFA7sg: Downloading web client config
[youtube] Q3yLtKFA7sg: Downloading web player API JSON
WARNING: [youtube] Q3yLtKFA7sg: Some android client https formats have been skip
ped as they are missing a URL. YouTube may have enabled the SABR-only streaming
experiment for the current session. See  https://github.com/yt-dlp/yt-dlp/issues
/12482  for more details
[info] Q3yLtKFA7sg: Downloading 1 format(s): 18
[info] There are no subtitles for the requested languages
[SubtitlesConvertor] There aren't any subtitles to convert
[download] Destination: Bengali Talks/The Language that Gave Me a Voice ｜ Umme M
aisun ｜ TEDxDaffodilU.mp4
[download]   0.0% of   21.23MiB at    2.70MiB/s ETA 00:07
[download]   0.1% of   21.23MiB at  112.95KiB/s ETA 03:12
[download]   0.1% of   21.23MiB at  178.98KiB/s ETA 02:01
[download]   0.3% of   21.23MiB at  242.93KiB/s ETA 01:29
[download]   0.6% of   21.23MiB at  329.42KiB/s ETA 01:05
[download]   1.2% of   21.23MiB at  486.24KiB/s ETA 00:44
[download]   2.4% of   21.23MiB at  729.29KiB/s ETA 00:29
[download]   4.7% of   21.23MiB at    1.12MiB/s ETA 00:18
[download]   9.4% of   21.23MiB at    1.53MiB/s ETA 00:12
[download]  18.8% of   21.23MiB at    2.12MiB/s ETA 00:08
[download]  34.9% of   21.23MiB at    3.08MiB/s ETA 00:04
[download]  45.3% of   21.23MiB at    3.38MiB/s ETA 00:03
[download]  45.3% of   21.23MiB at  Unknown B/s ETA Unknown
[download]  45.3% of   21.23MiB at    5.92MiB/s ETA 00:01
[download]  45.3% of   21.23MiB at   90.59KiB/s ETA 02:11
[download]  45.4% of   21.23MiB at   95.37KiB/s ETA 02:04
[download]  45.5% of   21.23MiB at  170.80KiB/s ETA 01:09
[download]  45.8% of   21.23MiB at  191.61KiB/s ETA 01:01
[download]  46.4% of   21.23MiB at  320.31KiB/s ETA 00:36
[download]  47.6% of   21.23MiB at  558.03KiB/s ETA 00:20
[download]  50.0% of   21.23MiB at  838.61KiB/s ETA 00:12
[download]  54.7% of   21.23MiB at    1.41MiB/s ETA 00:06
[download]  64.1% of   21.23MiB at    2.24MiB/s ETA 00:03
[download]  82.9% of   21.23MiB at    2.76MiB/s ETA 00:01
[download]  90.1% of   21.23MiB at    2.94MiB/s ETA 00:00
[download]  90.1% of   21.23MiB at  Unknown B/s ETA Unknown
[download]  90.1% of   21.23MiB at    3.67MiB/s ETA 00:00
[download]  90.1% of   21.23MiB at  600.89KiB/s ETA 00:03
[download]  90.2% of   21.23MiB at  176.62KiB/s ETA 00:12
[download]  90.4% of   21.23MiB at  207.75KiB/s ETA 00:10
[download]  90.7% of   21.23MiB at  296.01KiB/s ETA 00:06
[download]  91.2% of   21.23MiB at  433.70KiB/s ETA 00:04
[download]  92.4% of   21.23MiB at  701.66KiB/s ETA 00:02
[download]  94.8% of   21.23MiB at  937.49KiB/s ETA 00:01
[download]  99.5% of   21.23MiB at    1.49MiB/s ETA 00:00
[download] 100.0% of   21.23MiB at    1.40MiB/s ETA 00:00
[download] 100% of   21.23MiB in 00:00:10 at 2.03MiB/s
[ExtractAudio] Destination: Bengali Talks/The Language that Gave Me a Voice ｜ Um
me Maisun ｜ TEDxDaffodilU.wav
Deleting original file Bengali Talks/The Language that Gave Me a Voice ｜ Umme Ma
isun ｜ TEDxDaffodilU.mp4 (pass -k to keep)
[download] Downloading item 4 of 10
[youtube] Extracting URL: https://www.youtube.com/watch?v=00c4y3LM5oc
[youtube] 00c4y3LM5oc: Downloading webpage
[youtube] 00c4y3LM5oc: Downloading android player API JSON
[youtube] 00c4y3LM5oc: Downloading web client config
[youtube] 00c4y3LM5oc: Downloading web player API JSON
WARNING: [youtube] 00c4y3LM5oc: Some android client https formats have been skip
ped as they are missing a URL. YouTube may have enabled the SABR-only streaming
experiment for the current session. See  https://github.com/yt-dlp/yt-dlp/issues
/12482  for more details
[info] 00c4y3LM5oc: Downloading 1 format(s): 18
[info] There are no subtitles for the requested languages
[SubtitlesConvertor] There aren't any subtitles to convert
[download] Destination: Bengali Talks/Way to Express Yourself । নিজেকে প্রকাশ কর
ার উপায় । Sadman Sadik । TEDxBAU ｜ Sadman Sadik ｜ TEDxBAU.mp4
[download]   0.0% of   37.67MiB at    3.15MiB/s ETA 00:12
[download]   0.0% of   37.67MiB at    1.49MiB/s ETA 00:25
[download]   0.1% of   37.67MiB at    2.34MiB/s ETA 00:16
[download]   0.2% of   37.67MiB at    3.79MiB/s ETA 00:09
[download]   0.3% of   37.67MiB at  195.37KiB/s ETA 03:16
[download]   0.6% of   37.67MiB at  343.75KiB/s ETA 01:51
[download]   1.1% of   37.67MiB at  625.58KiB/s ETA 01:00
[download]   2.2% of   37.67MiB at    1.05MiB/s ETA 00:35
[download]   4.3% of   37.67MiB at    1.82MiB/s ETA 00:19
[download]   8.4% of   37.67MiB at    2.98MiB/s ETA 00:11
[download]  16.8% of   37.67MiB at    1.57MiB/s ETA 00:19
[download]  21.0% of   37.67MiB at    1.88MiB/s ETA 00:15
[download]  25.6% of   37.67MiB at    2.11MiB/s ETA 00:13
[download]  25.6% of   37.67MiB at  Unknown B/s ETA Unknown
[download]  25.7% of   37.67MiB at  114.76KiB/s ETA 04:09
[download]  25.7% of   37.67MiB at  211.57KiB/s ETA 02:15
[download]  25.8% of   37.67MiB at  221.93KiB/s ETA 02:08
[download]  26.0% of   37.67MiB at  333.00KiB/s ETA 01:25
[download]  26.3% of   37.67MiB at  467.56KiB/s ETA 01:00
[download]  27.0% of   37.67MiB at  661.71KiB/s ETA 00:42
[download]  28.3% of   37.67MiB at    1.15MiB/s ETA 00:23
[download]  30.9% of   37.67MiB at    1.62MiB/s ETA 00:16
[download]  36.2% of   37.67MiB at    2.61MiB/s ETA 00:09
[download]  46.9% of   37.67MiB at    3.31MiB/s ETA 00:06
[download]  51.6% of   37.67MiB at    3.43MiB/s ETA 00:05
[download]  51.6% of   37.67MiB at  329.82KiB/s ETA 00:56
[download]  51.6% of   37.67MiB at  873.69KiB/s ETA 00:21
[download]  51.6% of   37.67MiB at   55.23KiB/s ETA 05:37
[download]  51.6% of   37.67MiB at  116.94KiB/s ETA 02:39
[download]  51.7% of   37.67MiB at  120.23KiB/s ETA 02:35
[download]  51.8% of   37.67MiB at  181.93KiB/s ETA 01:42
[download]  51.9% of   37.67MiB at  267.54KiB/s ETA 01:09
[download]  52.3% of   37.67MiB at  393.16KiB/s ETA 00:46
[download]  52.9% of   37.67MiB at  644.22KiB/s ETA 00:28
[download]  54.3% of   37.67MiB at    1.01MiB/s ETA 00:17
[download]  56.9% of   37.67MiB at    1.75MiB/s ETA 00:09
[download]  62.2% of   37.67MiB at    2.09MiB/s ETA 00:06
[download]  69.1% of   37.67MiB at    3.34MiB/s ETA 00:03
[download]  77.7% of   37.67MiB at    4.25MiB/s ETA 00:01
[download]  77.7% of   37.67MiB at  Unknown B/s ETA Unknown
[download]  77.7% of   37.67MiB at  523.90KiB/s ETA 00:16
[download]  77.8% of   37.67MiB at  112.98KiB/s ETA 01:15
[download]  77.8% of   37.67MiB at  194.97KiB/s ETA 00:43
[download]  77.9% of   37.67MiB at  221.39KiB/s ETA 00:38
[download]  78.0% of   37.67MiB at  317.68KiB/s ETA 00:26
[download]  78.4% of   37.67MiB at  475.15KiB/s ETA 00:17
[download]  79.0% of   37.67MiB at  740.20KiB/s ETA 00:10
[download]  80.4% of   37.67MiB at    1.18MiB/s ETA 00:06
[download]  83.0% of   37.67MiB at    1.97MiB/s ETA 00:03
[download]  88.3% of   37.67MiB at    2.76MiB/s ETA 00:01
[download]  98.9% of   37.67MiB at    3.54MiB/s ETA 00:00
[download] 100.0% of   37.67MiB at    3.64MiB/s ETA 00:00
[download] 100% of   37.67MiB in 00:00:16 at 2.31MiB/s
[ExtractAudio] Destination: Bengali Talks/Way to Express Yourself । নিজেকে প্রকা
শ করার উপায় । Sadman Sadik । TEDxBAU ｜ Sadman Sadik ｜ TEDxBAU.wav
Deleting original file Bengali Talks/Way to Express Yourself । নিজেকে প্রকাশ করা
র উপায় । Sadman Sadik । TEDxBAU ｜ Sadman Sadik ｜ TEDxBAU.mp4 (pass -k to keep)
[download] Downloading item 5 of 10
[youtube] Extracting URL: https://www.youtube.com/watch?v=Udap-5rVWeM
[youtube] Udap-5rVWeM: Downloading webpage
[youtube] Udap-5rVWeM: Downloading android player API JSON
[youtube] Udap-5rVWeM: Downloading web client config
[youtube] Udap-5rVWeM: Downloading web player API JSON
WARNING: [youtube] Udap-5rVWeM: Some android client https formats have been skip
ped as they are missing a URL. YouTube may have enabled the SABR-only streaming
experiment for the current session. See  https://github.com/yt-dlp/yt-dlp/issues
/12482  for more details
[info] Udap-5rVWeM: Downloading subtitles: en
[info] Udap-5rVWeM: Downloading 1 format(s): 18
[info] Writing video subtitles to: Bengali Talks/The Secret to Being Happy ｜ Jay
a Row ｜ TEDxGatewaySalon.en.vtt
WARNING: The extractor specified to use impersonation for this download, but no
impersonate target is available. If you encounter errors, then see  https://gith
ub.com/yt-dlp/yt-dlp#impersonation  for information on installing the required d
ependencies
[download] Destination: Bengali Talks/The Secret to Being Happy ｜ Jaya Row ｜ TED
xGatewaySalon.en.vtt
[download]   10.09KiB at  162.96KiB/s (00:00:00)
[download] 100% of   10.09KiB in 00:00:00 at 19.63KiB/s
[SubtitlesConvertor] Converting subtitles
Deleting original file Bengali Talks/The Secret to Being Happy ｜ Jaya Row ｜ TEDx
GatewaySalon.en.vtt (pass -k to keep)
[download] Destination: Bengali Talks/The Secret to Being Happy ｜ Jaya Row ｜ TED
xGatewaySalon.mp4
[download]   0.0% of   16.57MiB at    1.36MiB/s ETA 00:12
[download]   0.1% of   16.57MiB at   41.33KiB/s ETA 06:50
[download]   0.2% of   16.57MiB at   66.92KiB/s ETA 04:13
[download]   0.4% of   16.57MiB at   88.02KiB/s ETA 03:12
[download]   0.7% of   16.57MiB at  118.71KiB/s ETA 02:21
[download]   1.5% of   16.57MiB at  180.24KiB/s ETA 01:32
[download]   3.0% of   16.57MiB at  288.91KiB/s ETA 00:56
[download]   6.0% of   16.57MiB at  486.55KiB/s ETA 00:32
[download]  12.1% of   16.57MiB at  824.17KiB/s ETA 00:18
[download]  24.1% of   16.57MiB at    1.08MiB/s ETA 00:11
[download]  33.9% of   16.57MiB at    1.41MiB/s ETA 00:07
[download]  53.5% of   16.57MiB at    1.41MiB/s ETA 00:05
[download]  59.3% of   16.57MiB at    1.56MiB/s ETA 00:04
[download]  59.3% of   16.57MiB at  Unknown B/s ETA Unknown
[download]  59.3% of   16.57MiB at  226.58KiB/s ETA 00:30
[download]  59.3% of   16.57MiB at  103.55KiB/s ETA 01:06
[download]  59.4% of   16.57MiB at  125.61KiB/s ETA 00:54
[download]  59.6% of   16.57MiB at  208.48KiB/s ETA 00:32
[download]  60.0% of   16.57MiB at  237.14KiB/s ETA 00:28
[download]  60.8% of   16.57MiB at  346.06KiB/s ETA 00:19
[download]  62.3% of   16.57MiB at  437.57KiB/s ETA 00:14
[download]  65.3% of   16.57MiB at  547.18KiB/s ETA 00:10
[download]  69.6% of   16.57MiB at  548.62KiB/s ETA 00:09
[download]  72.8% of   16.57MiB at  558.94KiB/s ETA 00:08
[download]  76.3% of   16.57MiB at  505.29KiB/s ETA 00:07
[download]  78.5% of   16.57MiB at  516.30KiB/s ETA 00:07
[download]  82.2% of   16.57MiB at  490.80KiB/s ETA 00:06
[download]  84.5% of   16.57MiB at  467.32KiB/s ETA 00:05
[download]  86.3% of   16.57MiB at  454.54KiB/s ETA 00:05
[download]  88.3% of   16.57MiB at  441.07KiB/s ETA 00:04
[download]  90.1% of   16.57MiB at  439.04KiB/s ETA 00:03
[download]  92.6% of   16.57MiB at  459.58KiB/s ETA 00:02
[download]  97.4% of   16.57MiB at  500.70KiB/s ETA 00:00
[download] 100.0% of   16.57MiB at  526.12KiB/s ETA 00:00
[download] 100% of   16.57MiB in 00:00:28 at 600.37KiB/s
[ExtractAudio] Destination: Bengali Talks/The Secret to Being Happy ｜ Jaya Row ｜
 TEDxGatewaySalon.wav
Deleting original file Bengali Talks/The Secret to Being Happy ｜ Jaya Row ｜ TEDx
GatewaySalon.mp4 (pass -k to keep)
[download] Downloading item 6 of 10
[youtube] Extracting URL: https://www.youtube.com/watch?v=6UCuWxWiMaQ
[youtube] 6UCuWxWiMaQ: Downloading webpage
[youtube] 6UCuWxWiMaQ: Downloading android player API JSON
[youtube] 6UCuWxWiMaQ: Downloading web client config
[youtube] 6UCuWxWiMaQ: Downloading web player API JSON
WARNING: [youtube] 6UCuWxWiMaQ: Some android client https formats have been skip
ped as they are missing a URL. YouTube may have enabled the SABR-only streaming
experiment for the current session. See  https://github.com/yt-dlp/yt-dlp/issues
/12482  for more details
[info] 6UCuWxWiMaQ: Downloading 1 format(s): 18
[info] There are no subtitles for the requested languages
[SubtitlesConvertor] There aren't any subtitles to convert
[download] Destination: Bengali Talks/A history of microfinance ｜ Muhammad Yunus
 ｜ TEDxVienna.mp4
[download]   0.0% of   38.82MiB at  Unknown B/s ETA Unknown
[download]   0.0% of   38.82MiB at   41.70KiB/s ETA 15:53
[download]   0.0% of   38.82MiB at   75.25KiB/s ETA 08:48
[download]   0.1% of   38.82MiB at  155.08KiB/s ETA 04:16
[download]   0.2% of   38.82MiB at  189.85KiB/s ETA 03:29
[download]   0.3% of   38.82MiB at  287.29KiB/s ETA 02:17
[download]   0.6% of   38.82MiB at  420.87KiB/s ETA 01:33
[download]   1.3% of   38.82MiB at  582.70KiB/s ETA 01:07
[download]   2.6% of   38.82MiB at    1.06MiB/s ETA 00:35
[download]   5.1% of   38.82MiB at    1.80MiB/s ETA 00:20
[download]  10.3% of   38.82MiB at    2.09MiB/s ETA 00:16
[download]  16.8% of   38.82MiB at    3.23MiB/s ETA 00:10
[download]  25.4% of   38.82MiB at    3.50MiB/s ETA 00:08
[download]  25.4% of   38.82MiB at  Unknown B/s ETA Unknown
[download]  25.4% of   38.82MiB at    4.14MiB/s ETA 00:07
[download]  25.5% of   38.82MiB at    3.02MiB/s ETA 00:09
[download]  25.6% of   38.82MiB at    1.55MiB/s ETA 00:18
[download]  25.7% of   38.82MiB at    2.39MiB/s ETA 00:12
[download]  26.0% of   38.82MiB at    3.42MiB/s ETA 00:08
[download]  26.7% of   38.82MiB at    3.70MiB/s ETA 00:07
[download]  28.0% of   38.82MiB at    4.95MiB/s ETA 00:05
[download]  30.6% of   38.82MiB at    5.09MiB/s ETA 00:05
[download]  35.7% of   38.82MiB at    4.79MiB/s ETA 00:05
[download]  46.0% of   38.82MiB at    5.28MiB/s ETA 00:03
[download]  51.0% of   38.82MiB at    5.53MiB/s ETA 00:03
[download]  51.0% of   38.82MiB at  Unknown B/s ETA Unknown
[download]  51.1% of   38.82MiB at    6.58MiB/s ETA 00:02
[download]  51.1% of   38.82MiB at    2.30MiB/s ETA 00:08
[download]  51.1% of   38.82MiB at    4.38MiB/s ETA 00:04
[download]  51.2% of   38.82MiB at    3.62MiB/s ETA 00:05
[download]  51.4% of   38.82MiB at    2.45MiB/s ETA 00:07
[download]  51.7% of   38.82MiB at    2.23MiB/s ETA 00:08
[download]  52.3% of   38.82MiB at    3.70MiB/s ETA 00:05
[download]  53.6% of   38.82MiB at    2.17MiB/s ETA 00:08
[download]  56.2% of   38.82MiB at    3.26MiB/s ETA 00:05
[download]  61.3% of   38.82MiB at    4.38MiB/s ETA 00:03
[download]  71.7% of   38.82MiB at    4.98MiB/s ETA 00:02
[download]  76.5% of   38.82MiB at    4.82MiB/s ETA 00:01
[download]  76.5% of   38.82MiB at  Unknown B/s ETA Unknown
[download]  76.5% of   38.82MiB at    2.05MiB/s ETA 00:04
[download]  76.5% of   38.82MiB at    3.00MiB/s ETA 00:03
[download]  76.6% of   38.82MiB at    2.25MiB/s ETA 00:04
[download]  76.6% of   38.82MiB at    3.21MiB/s ETA 00:02
[download]  76.8% of   38.82MiB at    3.40MiB/s ETA 00:02
[download]  77.1% of   38.82MiB at    3.69MiB/s ETA 00:02
[download]  77.8% of   38.82MiB at    4.67MiB/s ETA 00:01
[download]  79.0% of   38.82MiB at    5.45MiB/s ETA 00:01
[download]  81.6% of   38.82MiB at    3.83MiB/s ETA 00:01
[download]  86.8% of   38.82MiB at    4.90MiB/s ETA 00:01
[download]  97.1% of   38.82MiB at    5.52MiB/s ETA 00:00
[download] 100.0% of   38.82MiB at    5.82MiB/s ETA 00:00
[download] 100% of   38.82MiB in 00:00:10 at 3.60MiB/s
[ExtractAudio] Destination: Bengali Talks/A history of microfinance ｜ Muhammad Y
unus ｜ TEDxVienna.wav
Deleting original file Bengali Talks/A history of microfinance ｜ Muhammad Yunus
｜ TEDxVienna.mp4 (pass -k to keep)
[download] Downloading item 7 of 10
[youtube] Extracting URL: https://www.youtube.com/watch?v=TIwBwyMgS50
[youtube] TIwBwyMgS50: Downloading webpage
[youtube] TIwBwyMgS50: Downloading android player API JSON
[youtube] TIwBwyMgS50: Downloading web client config
[youtube] TIwBwyMgS50: Downloading web player API JSON
WARNING: [youtube] TIwBwyMgS50: Some android client https formats have been skip
ped as they are missing a URL. YouTube may have enabled the SABR-only streaming
experiment for the current session. See  https://github.com/yt-dlp/yt-dlp/issues
/12482  for more details
[info] TIwBwyMgS50: Downloading 1 format(s): 18
[info] There are no subtitles for the requested languages
[SubtitlesConvertor] There aren't any subtitles to convert
[download] Destination: Bengali Talks/Small Steps, Big Changes｜The Power of Habi
ts  ｜ Saurabh Bothra ｜ TEDxYouth@TheShriramMillenniumNoida.mp4
[download]   0.0% of   28.53MiB at  132.55KiB/s ETA 03:40
[download]   0.1% of   28.53MiB at   53.47KiB/s ETA 09:06
[download]   0.1% of   28.53MiB at   80.87KiB/s ETA 06:00
[download]   0.2% of   28.53MiB at  105.65KiB/s ETA 04:35
[download]   0.4% of   28.53MiB at  153.25KiB/s ETA 03:09
[download]   0.9% of   28.53MiB at  224.85KiB/s ETA 02:08
[download]   1.7% of   28.53MiB at  364.88KiB/s ETA 01:18
[download]   3.5% of   28.53MiB at  518.53KiB/s ETA 00:54
[download]   6.6% of   28.53MiB at  948.62KiB/s ETA 00:28
[download]  12.7% of   28.53MiB at    1.47MiB/s ETA 00:16
[download]  24.9% of   28.53MiB at    1.98MiB/s ETA 00:10
[download]  34.6% of   28.53MiB at    2.38MiB/s ETA 00:07
[download]  34.6% of   28.53MiB at  Unknown B/s ETA Unknown
[download]  34.7% of   28.53MiB at  Unknown B/s ETA Unknown
[download]  34.7% of   28.53MiB at  263.80KiB/s ETA 01:12
[download]  34.7% of   28.53MiB at   53.83KiB/s ETA 05:54
[download]  34.7% of   28.53MiB at  100.70KiB/s ETA 03:09
[download]  34.9% of   28.53MiB at  112.71KiB/s ETA 02:48
[download]  35.1% of   28.53MiB at  156.33KiB/s ETA 02:01
[download]  35.5% of   28.53MiB at  229.94KiB/s ETA 01:21
[download]  36.4% of   28.53MiB at  361.29KiB/s ETA 00:51
[download]  38.1% of   28.53MiB at  535.30KiB/s ETA 00:33
[download]  41.6% of   28.53MiB at  831.07KiB/s ETA 00:20
[download]  48.0% of   28.53MiB at    1.25MiB/s ETA 00:11
[download]  58.9% of   28.53MiB at    1.58MiB/s ETA 00:07
[download]  67.1% of   28.53MiB at    1.67MiB/s ETA 00:05
[download]  69.2% of   28.53MiB at    1.72MiB/s ETA 00:05
[download]  69.2% of   28.53MiB at  324.18KiB/s ETA 00:27
[download]  69.2% of   28.53MiB at    1.61MiB/s ETA 00:05
[download]  69.3% of   28.53MiB at   56.89KiB/s ETA 02:37
[download]  69.3% of   28.53MiB at  100.51KiB/s ETA 01:29
[download]  69.4% of   28.53MiB at  110.13KiB/s ETA 01:21
[download]  69.6% of   28.53MiB at  152.79KiB/s ETA 00:58
[download]  70.1% of   28.53MiB at  226.16KiB/s ETA 00:38
[download]  71.0% of   28.53MiB at  333.63KiB/s ETA 00:25
[download]  72.7% of   28.53MiB at  540.09KiB/s ETA 00:14
[download]  76.2% of   28.53MiB at  854.09KiB/s ETA 00:08
[download]  83.2% of   28.53MiB at    1.29MiB/s ETA 00:03
[download]  93.2% of   28.53MiB at    1.64MiB/s ETA 00:01
[download] 100.0% of   28.53MiB at    2.09MiB/s ETA 00:00
[download] 100% of   28.53MiB in 00:00:19 at 1.49MiB/s
[ExtractAudio] Destination: Bengali Talks/Small Steps, Big Changes｜The Power of
Habits  ｜ Saurabh Bothra ｜ TEDxYouth@TheShriramMillenniumNoida.wav
Deleting original file Bengali Talks/Small Steps, Big Changes｜The Power of Habit
s  ｜ Saurabh Bothra ｜ TEDxYouth@TheShriramMillenniumNoida.mp4 (pass -k to keep)
[download] Downloading item 8 of 10
[youtube] Extracting URL: https://www.youtube.com/watch?v=2W9BrZgsMK8
[youtube] 2W9BrZgsMK8: Downloading webpage
[youtube] 2W9BrZgsMK8: Downloading android player API JSON
[youtube] 2W9BrZgsMK8: Downloading web client config
[youtube] 2W9BrZgsMK8: Downloading web player API JSON
WARNING: [youtube] 2W9BrZgsMK8: Some android client https formats have been skip
ped as they are missing a URL. YouTube may have enabled the SABR-only streaming
experiment for the current session. See  https://github.com/yt-dlp/yt-dlp/issues
/12482  for more details
[info] 2W9BrZgsMK8: Downloading 1 format(s): 18
[info] There are no subtitles for the requested languages
[SubtitlesConvertor] There aren't any subtitles to convert
[download] Destination: Bengali Talks/Exploring environmental justice in Banglad
esh： Syeda Rizwana Hasan at TEDxDhaka.mp4
[download]   0.0% of   53.91MiB at    2.42MiB/s ETA 00:22
[download]   0.0% of   53.91MiB at    1.09MiB/s ETA 00:49
[download]   0.0% of   53.91MiB at  647.37KiB/s ETA 01:25
[download]   0.1% of   53.91MiB at  182.20KiB/s ETA 05:02
[download]   0.1% of   53.91MiB at  229.31KiB/s ETA 04:00
[download]   0.2% of   53.91MiB at  317.96KiB/s ETA 02:53
[download]   0.5% of   53.91MiB at  435.80KiB/s ETA 02:06
[download]   0.9% of   53.91MiB at  688.42KiB/s ETA 01:19
[download]   1.9% of   53.91MiB at  970.48KiB/s ETA 00:55
[download]   3.7% of   53.91MiB at    1.47MiB/s ETA 00:35
[download]   7.4% of   53.91MiB at    1.61MiB/s ETA 00:30
[download]  10.7% of   53.91MiB at    1.77MiB/s ETA 00:27
[download]  14.9% of   53.91MiB at    1.76MiB/s ETA 00:25
[download]  18.2% of   53.91MiB at    1.71MiB/s ETA 00:25
[download]  18.2% of   53.91MiB at    1.72MiB/s ETA 00:25
[download]  18.2% of   53.91MiB at  329.90KiB/s ETA 02:17
[download]  18.2% of   53.91MiB at    2.05MiB/s ETA 00:21
[download]  18.3% of   53.91MiB at  186.15KiB/s ETA 04:02
[download]  18.3% of   53.91MiB at  203.77KiB/s ETA 03:41
[download]  18.4% of   53.91MiB at  284.02KiB/s ETA 02:38
[download]  18.7% of   53.91MiB at  360.84KiB/s ETA 02:04
[download]  19.1% of   53.91MiB at  456.13KiB/s ETA 01:37
[download]  20.1% of   53.91MiB at  750.72KiB/s ETA 00:58
[download]  21.9% of   53.91MiB at    1.25MiB/s ETA 00:33
[download]  25.6% of   53.91MiB at    1.72MiB/s ETA 00:23
[download]  30.8% of   53.91MiB at    1.63MiB/s ETA 00:22
[download]  33.6% of   53.91MiB at    1.44MiB/s ETA 00:24
[download]  35.3% of   53.91MiB at    1.47MiB/s ETA 00:23
[download]  36.5% of   53.91MiB at    1.47MiB/s ETA 00:23
[download]  36.5% of   53.91MiB at  Unknown B/s ETA Unknown
[download]  36.5% of   53.91MiB at  109.53KiB/s ETA 05:20
[download]  36.5% of   53.91MiB at  247.79KiB/s ETA 02:21
[download]  36.5% of   53.91MiB at   51.04KiB/s ETA 11:26
[download]  36.5% of   53.91MiB at   96.33KiB/s ETA 06:03
[download]  36.6% of   53.91MiB at  107.49KiB/s ETA 05:25
[download]  36.7% of   53.91MiB at  149.89KiB/s ETA 03:53
[download]  36.9% of   53.91MiB at  177.92KiB/s ETA 03:15
[download]  37.3% of   53.91MiB at  261.68KiB/s ETA 02:12
[download]  38.1% of   53.91MiB at  434.21KiB/s ETA 01:18
[download]  39.7% of   53.91MiB at  654.14KiB/s ETA 00:50
[download]  42.2% of   53.91MiB at  872.27KiB/s ETA 00:36
[download]  45.0% of   53.91MiB at 1013.82KiB/s ETA 00:29
[download]  47.8% of   53.91MiB at    1.07MiB/s ETA 00:26
[download]  50.3% of   53.91MiB at    1.12MiB/s ETA 00:23
[download]  52.9% of   53.91MiB at    1.14MiB/s ETA 00:22
[download]  54.5% of   53.91MiB at    1.15MiB/s ETA 00:21
[download]  54.5% of   53.91MiB at  Unknown B/s ETA Unknown
[download]  54.5% of   53.91MiB at    4.84MiB/s ETA 00:05
[download]  54.5% of   53.91MiB at  109.09KiB/s ETA 03:50
[download]  54.5% of   53.91MiB at  197.38KiB/s ETA 02:07
[download]  54.6% of   53.91MiB at  232.22KiB/s ETA 01:47
[download]  54.7% of   53.91MiB at  294.16KiB/s ETA 01:24
[download]  55.0% of   53.91MiB at  410.01KiB/s ETA 01:00
[download]  55.4% of   53.91MiB at  598.45KiB/s ETA 00:41
[download]  56.3% of   53.91MiB at  952.99KiB/s ETA 00:25
[download]  58.2% of   53.91MiB at    1.55MiB/s ETA 00:14
[download]  61.9% of   53.91MiB at    2.25MiB/s ETA 00:09
[download]  69.3% of   53.91MiB at    2.48MiB/s ETA 00:06
[download]  72.7% of   53.91MiB at    2.92MiB/s ETA 00:05
[download]  72.7% of   53.91MiB at  310.48KiB/s ETA 00:48
[download]  72.7% of   53.91MiB at    1.33MiB/s ETA 00:11
[download]  72.7% of   53.91MiB at  115.98KiB/s ETA 02:09
[download]  72.8% of   53.91MiB at  187.87KiB/s ETA 01:20
[download]  72.8% of   53.91MiB at  229.75KiB/s ETA 01:05
[download]  72.9% of   53.91MiB at  311.59KiB/s ETA 00:47
[download]  73.2% of   53.91MiB at  447.02KiB/s ETA 00:33
[download]  73.6% of   53.91MiB at  710.55KiB/s ETA 00:20
[download]  74.6% of   53.91MiB at    1.15MiB/s ETA 00:11
[download]  76.4% of   53.91MiB at    1.92MiB/s ETA 00:06
[download]  80.1% of   53.91MiB at    1.92MiB/s ETA 00:05
[download]  83.7% of   53.91MiB at    2.59MiB/s ETA 00:03
[download]  90.4% of   53.91MiB at    3.42MiB/s ETA 00:01
[download]  90.4% of   53.91MiB at   63.02KiB/s ETA 01:24
[download]  90.4% of   53.91MiB at  412.29KiB/s ETA 00:12
[download]  90.4% of   53.91MiB at  118.55KiB/s ETA 00:44
[download]  90.4% of   53.91MiB at  197.48KiB/s ETA 00:26
[download]  90.5% of   53.91MiB at  226.13KiB/s ETA 00:23
[download]  90.6% of   53.91MiB at  287.18KiB/s ETA 00:18
[download]  90.8% of   53.91MiB at  421.97KiB/s ETA 00:12
[download]  91.3% of   53.91MiB at  654.32KiB/s ETA 00:07
[download]  92.2% of   53.91MiB at  893.60KiB/s ETA 00:04
[download]  94.1% of   53.91MiB at    1.52MiB/s ETA 00:02
[download]  97.8% of   53.91MiB at    2.29MiB/s ETA 00:00
[download] 100.0% of   53.91MiB at    2.59MiB/s ETA 00:00
[download] 100% of   53.91MiB in 00:00:36 at 1.49MiB/s
[ExtractAudio] Destination: Bengali Talks/Exploring environmental justice in Ban
gladesh： Syeda Rizwana Hasan at TEDxDhaka.wav
Deleting original file Bengali Talks/Exploring environmental justice in Banglade
sh： Syeda Rizwana Hasan at TEDxDhaka.mp4 (pass -k to keep)
[download] Downloading item 9 of 10
[youtube] Extracting URL: https://www.youtube.com/watch?v=lhv72TsRvHU
[youtube] lhv72TsRvHU: Downloading webpage
[youtube] lhv72TsRvHU: Downloading android player API JSON
[youtube] lhv72TsRvHU: Downloading web client config
[youtube] lhv72TsRvHU: Downloading web player API JSON
WARNING: [youtube] lhv72TsRvHU: Some android client https formats have been skip
ped as they are missing a URL. YouTube may have enabled the SABR-only streaming
experiment for the current session. See  https://github.com/yt-dlp/yt-dlp/issues
/12482  for more details
[info] lhv72TsRvHU: Downloading 1 format(s): 18
[info] There are no subtitles for the requested languages
[SubtitlesConvertor] There aren't any subtitles to convert
[download] Destination: Bengali Talks/If I could do it then so can you ｜ Amina N
ijam ｜ TEDxSJCETPalai.mp4
[download]   0.0% of   30.04MiB at  133.96KiB/s ETA 03:49
[download]   0.0% of   30.04MiB at   53.47KiB/s ETA 09:34
[download]   0.1% of   30.04MiB at   82.02KiB/s ETA 06:14
[download]   0.2% of   30.04MiB at  106.39KiB/s ETA 04:48
[download]   0.4% of   30.04MiB at  152.35KiB/s ETA 03:21
[download]   0.8% of   30.04MiB at  231.53KiB/s ETA 02:11
[download]   1.7% of   30.04MiB at  352.63KiB/s ETA 01:25
[download]   3.3% of   30.04MiB at  564.97KiB/s ETA 00:52
[download]   6.7% of   30.04MiB at  771.72KiB/s ETA 00:37
[download]  10.6% of   30.04MiB at    1.20MiB/s ETA 00:22
[download]  18.5% of   30.04MiB at    1.43MiB/s ETA 00:17
[download]  24.9% of   30.04MiB at    1.91MiB/s ETA 00:11
[download]  32.8% of   30.04MiB at    2.43MiB/s ETA 00:08
[download]  32.8% of   30.04MiB at  337.81KiB/s ETA 01:01
[download]  32.8% of   30.04MiB at  868.09KiB/s ETA 00:23
[download]  32.8% of   30.04MiB at  207.74KiB/s ETA 01:39
[download]  32.8% of   30.04MiB at   56.14KiB/s ETA 06:07
[download]  32.9% of   30.04MiB at   85.91KiB/s ETA 04:00
[download]  33.0% of   30.04MiB at  112.28KiB/s ETA 03:03
[download]  33.2% of   30.04MiB at  149.55KiB/s ETA 02:17
[download]  33.6% of   30.04MiB at  224.84KiB/s ETA 01:30
[download]  34.5% of   30.04MiB at  309.19KiB/s ETA 01:05
[download]  36.1% of   30.04MiB at  511.11KiB/s ETA 00:38
[download]  39.3% of   30.04MiB at  835.43KiB/s ETA 00:22
[download]  45.7% of   30.04MiB at    1.33MiB/s ETA 00:12
[download]  57.6% of   30.04MiB at    1.98MiB/s ETA 00:06
[download]  65.6% of   30.04MiB at    2.48MiB/s ETA 00:04
[download]  65.6% of   30.04MiB at  Unknown B/s ETA Unknown
[download]  65.6% of   30.04MiB at   91.88KiB/s ETA 01:55
[download]  65.7% of   30.04MiB at  441.25KiB/s ETA 00:23
[download]  65.7% of   30.04MiB at  730.59KiB/s ETA 00:14
[download]  65.8% of   30.04MiB at    1.33MiB/s ETA 00:07
[download]  66.0% of   30.04MiB at    2.23MiB/s ETA 00:04
[download]  66.5% of   30.04MiB at    2.52MiB/s ETA 00:03
[download]  67.3% of   30.04MiB at    3.61MiB/s ETA 00:02
[download]  69.0% of   30.04MiB at    4.45MiB/s ETA 00:02
[download]  72.3% of   30.04MiB at    5.68MiB/s ETA 00:01
[download]  78.9% of   30.04MiB at    4.56MiB/s ETA 00:01
[download]  91.6% of   30.04MiB at    4.95MiB/s ETA 00:00
[download]  98.6% of   30.04MiB at    3.93MiB/s ETA 00:00
[download]  98.6% of   30.04MiB at  978.07KiB/s ETA 00:00
[download]  98.6% of   30.04MiB at    1.18MiB/s ETA 00:00
[download]  98.6% of   30.04MiB at  958.92KiB/s ETA 00:00
[download]  98.7% of   30.04MiB at  141.78KiB/s ETA 00:02
[download]  98.8% of   30.04MiB at  287.18KiB/s ETA 00:01
[download]  99.0% of   30.04MiB at  434.72KiB/s ETA 00:00
[download]  99.4% of   30.04MiB at  820.89KiB/s ETA 00:00
[download] 100.0% of   30.04MiB at    1.18MiB/s ETA 00:00
[download] 100% of   30.04MiB in 00:00:15 at 1.91MiB/s
[ExtractAudio] Destination: Bengali Talks/If I could do it then so can you ｜ Ami
na Nijam ｜ TEDxSJCETPalai.wav
Deleting original file Bengali Talks/If I could do it then so can you ｜ Amina Ni
jam ｜ TEDxSJCETPalai.mp4 (pass -k to keep)
[download] Downloading item 10 of 10
[youtube] Extracting URL: https://www.youtube.com/watch?v=g85WsxE1gAU
[youtube] g85WsxE1gAU: Downloading webpage
[youtube] g85WsxE1gAU: Downloading android player API JSON
[youtube] g85WsxE1gAU: Downloading web client config
[youtube] g85WsxE1gAU: Downloading web player API JSON
WARNING: [youtube] g85WsxE1gAU: Some android client https formats have been skip
ped as they are missing a URL. YouTube may have enabled the SABR-only streaming
experiment for the current session. See  https://github.com/yt-dlp/yt-dlp/issues
/12482  for more details
[info] g85WsxE1gAU: Downloading subtitles: en
[info] g85WsxE1gAU: Downloading 1 format(s): 18
[info] Writing video subtitles to: Bengali Talks/How Long It Takes To Change You
r Life？ ｜ Nwal Hadaki ｜ TEDxSafirSchool.en.vtt
WARNING: The extractor specified to use impersonation for this download, but no
impersonate target is available. If you encounter errors, then see  https://gith
ub.com/yt-dlp/yt-dlp#impersonation  for information on installing the required d
ependencies
[download] Destination: Bengali Talks/How Long It Takes To Change Your Life？ ｜ N
wal Hadaki ｜ TEDxSafirSchool.en.vtt
[download] 100% of   11.10KiB in 00:00:00 at 21.63KiB/s
[SubtitlesConvertor] Converting subtitles
Deleting original file Bengali Talks/How Long It Takes To Change Your Life？ ｜ Nw
al Hadaki ｜ TEDxSafirSchool.en.vtt (pass -k to keep)
[download] Destination: Bengali Talks/How Long It Takes To Change Your Life？ ｜ N
wal Hadaki ｜ TEDxSafirSchool.mp4
[download]   0.0% of   15.51MiB at    2.15MiB/s ETA 00:07
[download]   0.1% of   15.51MiB at    1.51MiB/s ETA 00:10
[download]   0.2% of   15.51MiB at  622.13KiB/s ETA 00:25
[download]   0.4% of   15.51MiB at    1.17MiB/s ETA 00:13
[download]   0.8% of   15.51MiB at    1.88MiB/s ETA 00:08
[download]   1.6% of   15.51MiB at    2.27MiB/s ETA 00:06
[download]   3.2% of   15.51MiB at    2.71MiB/s ETA 00:05
[download]   6.4% of   15.51MiB at    3.18MiB/s ETA 00:04
[download]  12.9% of   15.51MiB at    3.59MiB/s ETA 00:03
[download]  25.8% of   15.51MiB at    4.92MiB/s ETA 00:02
[download]  51.6% of   15.51MiB at    4.84MiB/s ETA 00:01
[download]  61.6% of   15.51MiB at    4.76MiB/s ETA 00:01
[download]  61.6% of   15.51MiB at  355.24KiB/s ETA 00:17
[download]  61.8% of   15.51MiB at    2.92MiB/s ETA 00:02
[download]  62.0% of   15.51MiB at 1007.02KiB/s ETA 00:05
[download]  62.4% of   15.51MiB at    1.76MiB/s ETA 00:03
[download]  63.2% of   15.51MiB at    2.91MiB/s ETA 00:01
[download]  64.8% of   15.51MiB at    1.98MiB/s ETA 00:02
[download]  68.1% of   15.51MiB at    2.51MiB/s ETA 00:01
[download]  74.5% of   15.51MiB at    2.86MiB/s ETA 00:01
[download]  87.4% of   15.51MiB at    3.01MiB/s ETA 00:00
[download] 100.0% of   15.51MiB at    3.08MiB/s ETA 00:00
[download] 100% of   15.51MiB in 00:00:04 at 3.59MiB/s
[ExtractAudio] Destination: Bengali Talks/How Long It Takes To Change Your Life？
 ｜ Nwal Hadaki ｜ TEDxSafirSchool.wav
Deleting original file Bengali Talks/How Long It Takes To Change Your Life？ ｜ Nw
al Hadaki ｜ TEDxSafirSchool.mp4 (pass -k to keep)
[download] Finished downloading playlist: TED talk in Bengali
ALL 13 LANGUAGES COMPLETED SUCCESSFULLY!
