--- 1. Mounting NTFS HDD ---
Running: apt update && apt install -y ntfs-3g
OUT:
Hit:1 http://deb.debian.org/debian trixie InRelease
Hit:2 http://deb.debian.org/debian trixie-updates InRelease
Get:3 http://security.debian.org/debian-security trixie-security InRelease [43.4
 kB]
Get:4 http://security.debian.org/debian-security trixie-security/main amd64 Pack
ages [232 kB]
Get:5 https://pkgs.tailscale.com/stable/debian trixie InRelease
Hit:6 http://download.proxmox.com/debian/pve trixie InRelease
Fetched 282 kB in 1s (199 kB/s)
Reading package lists...
Building dependency tree...
Reading state information...
150 packages can be upgraded. Run 'apt list --upgradable' to see them.
Reading package lists...
Building dependency tree...
Reading state information...
The following package was automatically installed and is no longer required:
  proxmox-kernel-6.17.4-2-pve-signed
Use 'apt autoremove' to remove it.

Installing:
  ntfs-3g

Installing dependencies:
  libntfs-3g89t64

Summary:
  Upgrading: 0, Installing: 2, Removing: 0, Not Upgrading: 150
  Download size: 576 kB
  Space needed: 1,918 kB / 5,532 MB available

Get:1 http://security.debian.org/debian-security trixie-security/main amd64 libn
tfs-3g89t64 amd64 1:2022.10.3-5+deb13u2 [167 kB]
Get:2 http://security.debian.org/debian-security trixie-security/main amd64 ntfs
-3g amd64 1:2022.10.3-5+deb13u2 [410 kB]
Fetched 576 kB in 0s (1,848 kB/s)
Selecting previously unselected package libntfs-3g89t64:amd64.
(Reading database ... 120293 files and directories currently installed.)
Preparing to unpack .../libntfs-3g89t64_1%3a2022.10.3-5+deb13u2_amd64.deb ...
Adding 'diversion of /lib/x86_64-linux-gnu/libntfs-3g.so.89 to /lib/x86_64-linux
-gnu/libntfs-3g.so.89.usr-is-merged by libntfs-3g89t64'
Adding 'diversion of /lib/x86_64-linux-gnu/libntfs-3g.so.89.0.0 to /lib/x86_64-l
inux-gnu/libntfs-3g.so.89.0.0.usr-is-merged by libntfs-3g89t64'
Unpacking libntfs-3g89t64:amd64 (1:2022.10.3-5+deb13u2) ...
Selecting previously unselected package ntfs-3g.
Preparing to unpack .../ntfs-3g_1%3a2022.10.3-5+deb13u2_amd64.deb ...
Unpacking ntfs-3g (1:2022.10.3-5+deb13u2) ...
Setting up libntfs-3g89t64:amd64 (1:2022.10.3-5+deb13u2) ...
Removing 'diversion of /lib/x86_64-linux-gnu/libntfs-3g.so.89 to /lib/x86_64-lin
ux-gnu/libntfs-3g.so.89.usr-is-merged by libntfs-3g89t64'
Removing 'diversion of /lib/x86_64-linux-gnu/libntfs-3g.so.89.0.0 to /lib/x86_64
-linux-gnu/libntfs-3g.so.89.0.0.usr-is-merged by libntfs-3g89t64'
Setting up ntfs-3g (1:2022.10.3-5+deb13u2) ...
Processing triggers for libc-bin (2.41-12+deb13u3) ...
Processing triggers for man-db (2.13.1-1) ...
Processing triggers for initramfs-tools (0.148.4) ...
update-initramfs: Generating /boot/initrd.img-7.0.6-2-pve
Running hook script 'zz-proxmox-boot'..
Re-executing '/etc/kernel/postinst.d/zz-proxmox-boot' in new private mount names
pace..
No /etc/kernel/proxmox-boot-uuids found, skipping ESP sync.

ERR:

WARNING: apt does not have a stable CLI interface. Use with caution in scripts.


WARNING: apt does not have a stable CLI interface. Use with caution in scripts.

debconf: unable to initialize frontend: Dialog
debconf: (TERM is not set, so the dialog frontend is not usable.)
debconf: falling back to frontend: Readline
debconf: unable to initialize frontend: Readline
debconf: (This frontend requires a controlling tty.)
debconf: falling back to frontend: Teletype
debconf: unable to initialize frontend: Teletype
debconf: (This frontend requires a controlling tty.)
debconf: falling back to frontend: Nonintera
debconf: falling back to frontend: Noninteractive

Running: mkdir -p /mnt/hdd
Running: mount -t ntfs-3g /dev/sda1 /mnt/hdd || echo 'Already mounted or error'
Running: mount | grep /mnt/hdd
OUT:
/dev/sda1 on /mnt/hdd type fuseblk (rw,relatime,user_id=0,group_id=0,allow_other
,blksize=4096)

Running: pvesh get /cluster/nextid
OUT:
107

Using VMID: 107
--- 2. Creating LXC 107 ---
Running: pveam download local ubuntu-24.04-standard_24.04-2_amd64.tar.zst || ech
o 'Template might already exist'
OUT:
downloading http://download.proxmox.com/images/system/ubuntu-24.04-standard_24.0
4-2_amd64.tar.zst to /var/lib/vz/template/cache/ubuntu-24.04-standard_24.04-2_am
d64.tar.zst
--2026-08-06 22:52:58--  http://download.proxmox.com/images/system/ubuntu-24.04-
standard_24.04-2_amd64.tar.zst
Resolving download.proxmox.com (download.proxmox.com)... 117.120.5.24, 2402:1f00
:8001:f7a::65
Connecting to download.proxmox.com (download.proxmox.com)|117.120.5.24|:80... co
nnected.
HTTP request sent, awaiting response... 200 OK
Length: 141589318 (135M) [application/octet-stream]
Saving to: '/var/lib/vz/template/cache/ubuntu-24.04-standard_24.04-2_amd64.tar.z
st.tmp_dwnl.175062'
     0K ........ ........ ........ ........ 23% 9.53M 11s
 32768K ........ ........ ........ ........ 47% 10.1M 7s
 65536K ........ ........ ........ ........ 71% 12.4M 4s
 98304K ........ ........ ........ ........ 94% 10.5M 1s
131072K .......                            100% 10.3M=13s
2026-08-06 22:53:11 (10.5 MB/s) - '/var/lib/vz/template/cache/ubuntu-24.04-stand
ard_24.04-2_amd64.tar.zst.tmp_dwnl.175062' saved [141589318/141589318]
calculating checksum...OK, checksum verified
download of 'http://download.proxmox.com/images/system/ubuntu-24.04-standard_24.
04-2_amd64.tar.zst' to '/var/lib/vz/template/cache/ubuntu-24.04-standard_24.04-2
_amd64.tar.zst' finished
Running: pct create 107 local:vztmpl/ubuntu-24.04-standard_24.04-2_amd64.tar.zst
 --arch amd64 --hostname model-downloader --rootfs local-lvm:8 --memory 4096 --c
ores 2 --net0 name=eth0,bridge=vmbr0,ip=dhcp --unprivileged 0
OUT:
  Logical volume "vm-107-disk-0" created.
  Logical volume pve/vm-107-disk-0 changed.
Creating filesystem with 2097152 4k blocks and 524288 inodes
Filesystem UUID: 41883303-5609-4021-addb-90b0ea3e721c
Superblock backups stored on blocks:
        32768, 98304, 163840, 229376, 294912, 819200, 884736, 1605632
extracting archive '/var/lib/vz/template/cache/ubuntu-24.04-standard_24.04-2_amd
64.tar.zst'
Total bytes read: 564490240 (539MiB, 125MiB/s)
Setting up 'proxmox-regenerate-snakeoil.service' to regenerate snakeoil certific
ate..
Creating SSH host key 'ssh_host_rsa_key' - this may take some time ...
done: SHA256:UjjyBYskaebgaOS8oEMyr8FOFCw+SVeFBYjQwuydG+M root@model-downloader
Creating SSH host key 'ssh_host_ed25519_key' - this may take some time ...
done: SHA256:/DhZSWqQ9cwH49cTbGOVH+/k12Dz7Dob63ABeEHCoko root@model-downloader
Creating SSH host key 'ssh_host_ecdsa_key' - this may take some time ...
done: SHA256:N/AwkdtI+fN8HSILutEHdaUJ1PwTv6vcLPkbcJyFUyE root@model-downloader
WARN: Systemd 255 detected. You may need to enable nesting.

ERR:
Task finished with 1 warning(s)!

Running: pct set 107 -onboot 1
Running: pct set 107 -mp0 /mnt/hdd,mp=/models
Running: pct start 107
OUT:
WARN: Systemd 255 detected. You may need to enable nesting.

ERR:
Task finished with 1 warning(s)!
Waiting for LXC to start and get IP...
--- 3. Setting up LXC Env ---
Running: pct exec 107 -- apt update
OUT:
Ign:1 http://archive.ubuntu.com/ubuntu noble InRelease
Ign:2 http://archive.ubuntu.com/ubuntu noble-updates InRelease
Ign:3 http://archive.ubuntu.com/ubuntu noble-security InRelease
Ign:1 http://archive.ubuntu.com/ubuntu noble InRelease
Ign:2 http://archive.ubuntu.com/ubuntu noble-updates InRelease
Ign:3 http://archive.ubuntu.com/ubuntu noble-security InRelease
Ign:1 http://archive.ubuntu.com/ubuntu noble InRelease
Ign:2 http://archive.ubuntu.com/ubuntu noble-updates InRelease
Ign:3 http://archive.ubuntu.com/ubuntu noble-security InRelease
Err:1 http://archive.ubuntu.com/ubuntu noble InRelease
  Temporary failure resolving 'archive.ubuntu.com'
Err:2 http://archive.ubuntu.com/ubuntu noble-updates InRelease
  Temporary failure resolving 'archive.ubuntu.com'
Err:3 http://archive.ubuntu.com/ubuntu noble-security InRelease
  Temporary failure resolving 'archive.ubuntu.com'
Reading package lists...
Building dependency tree...
All packages are up to date.

ERR:

WARNING: apt does not have a stable CLI interface. Use with caution in scripts.

W: Failed to fetch http://archive.ubuntu.com/ubuntu/dists/noble/InRelease  Tempo
rary failure resolving 'archive.ubuntu.com'
W: Failed to fetch http://archive.ubuntu.com/ubuntu/dists/noble-updates/InReleas
e  Temporary failure resolving 'archive.ubuntu.com'
W: Failed to fetch http://archive.ubuntu.com/ubuntu/dists/noble-security/InRelea
se  Temporary failure resolving 'archive.ubuntu.com'
W: Some index files failed to download. They have been ignored, or old ones used
 instead.

Running: pct exec 107 -- apt install -y python3 python3-pip git wget
OUT:
Reading package lists...
Building dependency tree...
python3 is already the newest version (3.12.3-0ubuntu1).
wget is already the newest version (1.21.4-1ubuntu4).
The following additional packages will be installed:
  binutils binutils-common binutils-x86-64-linux-gnu build-essential bzip2 cpp
  cpp-13 cpp-13-x86-64-linux-gnu cpp-x86-64-linux-gnu dirmngr dpkg-dev
  fakeroot fontconfig-config fonts-dejavu-core fonts-dejavu-mono g++ g++-13
  g++-13-x86-64-linux-gnu g++-x86-64-linux-gnu gcc gcc-13 gcc-13-base
  gcc-13-x86-64-linux-gnu gcc-x86-64-linux-gnu git-man gnupg gnupg-l10n
  gnupg-utils gpg gpg-agent gpg-wks-client gpgconf gpgsm javascript-common
  keyboxd libalgorithm-diff-perl libalgorithm-diff-xs-perl
  libalgorithm-merge-perl libaom3 libasan8 libatomic1 libbinutils libbrotli1
  libc-dev-bin libc-devtools libc6-dev libcc1-0 libcrypt-dev libctf-nobfd0
  libctf0 libcurl3t64-gnutls libde265-0 libdeflate0 libdpkg-perl liberror-perl
  libexpat1-dev libfakeroot libfile-fcntllock-perl libfontconfig1 libfreetype6
  libgcc-13-dev libgd3 libgdbm-compat4t64 libgomp1 libgprofng0
  libheif-plugin-aomdec libheif-plugin-aomenc libheif-plugin-libde265 libheif1
  libhwasan0 libisl23 libitm1 libjbig0 libjpeg-turbo8 libjpeg8 libjs-jquery
  libjs-sphinxdoc libjs-underscore libksba8 libldap-common libldap2 liblerc4
  liblsan0 libmpc3 libmpfr6 libperl5.38t64 libpython3-dev libpython3.12-dev
  libpython3.12t64 libquadmath0 librtmp1 libsframe1 libsharpyuv0 libssh-4
  libstdc++-13-dev libtiff6 libtsan2 libubsan1 libwebp7 libxpm4 linux-libc-dev
  lto-disabled-list make manpages-dev patch perl perl-modules-5.38
  pinentry-curses python3-dev python3-setuptools python3-wheel python3.12-dev
  rpcsvc-proto zlib1g-dev
Suggested packages:
  binutils-doc gprofng-gui bzip2-doc cpp-doc gcc-13-locales cpp-13-doc
  pinentry-gnome3 tor debian-keyring g++-multilib g++-13-multilib gcc-13-doc
  gcc-multilib autoconf automake libtool flex bison gdb gcc-doc
  gcc-13-multilib gdb-x86-64-linux-gnu git-daemon-run | git-daemon-sysvinit
  git-doc git-email git-gui gitk gitweb git-cvs git-mediawiki git-svn
  parcimonie xloadimage gpg-wks-server scdaemon apache2 | lighttpd | httpd
  glibc-doc bzr libgd-tools libheif-plugin-x265 libheif-plugin-ffmpegdec
  libheif-plugin-jpegdec libheif-plugin-jpegenc libheif-plugin-j2kdec
  libheif-plugin-j2kenc libheif-plugin-rav1e libheif-plugin-svtenc
  libstdc++-13-doc make-doc diffutils-doc perl-doc libterm-readline-gnu-perl
  | libterm-readline-perl-perl libtap-harness-archive-perl pinentry-doc
  python-setuptools-doc
The following NEW packages will be installed:
  binutils binutils-common binutils-x86-64-linux-gnu build-essential bzip2 cpp
  cpp-13 cpp-13-x86-64-linux-gnu cpp-x86-64-linux-gnu dirmngr dpkg-dev
  fakeroot fontconfig-config fonts-dejavu-core fonts-dejavu-mono g++ g++-13
  g++-13-x86-64-linux-gnu g++-x86-64-linux-gnu gcc gcc-13 gcc-13-base
  gcc-13-x86-64-linux-gnu gcc-x86-64-linux-gnu git git-man gnupg gnupg-l10n
  gnupg-utils gpg gpg-agent gpg-wks-client gpgconf gpgsm javascript-common
  keyboxd libalgorithm-diff-perl libalgorithm-diff-xs-perl
  libalgorithm-merge-perl libaom3 libasan8 libatomic1 libbinutils libbrotli1
  libc-dev-bin libc-devtools libc6-dev libcc1-0 libcrypt-dev libctf-nobfd0
  libctf0 libcurl3t64-gnutls libde265-0 libdeflate0 libdpkg-perl liberror-perl
  libexpat1-dev libfakeroot libfile-fcntllock-perl libfontconfig1 libfreetype6
  libgcc-13-dev libgd3 libgdbm-compat4t64 libgomp1 libgprofng0
  libheif-plugin-aomdec libheif-plugin-aomenc libheif-plugin-libde265 libheif1
  libhwasan0 libisl23 libitm1 libjbig0 libjpeg-turbo8 libjpeg8 libjs-jquery
  libjs-sphinxdoc libjs-underscore libksba8 libldap-common libldap2 liblerc4
  liblsan0 libmpc3 libmpfr6 libperl5.38t64 libpython3-dev libpython3.12-dev
  libpython3.12t64 libquadmath0 librtmp1 libsframe1 libsharpyuv0 libssh-4
  libstdc++-13-dev libtiff6 libtsan2 libubsan1 libwebp7 libxpm4 linux-libc-dev
  lto-disabled-list make manpages-dev patch perl perl-modules-5.38
  pinentry-curses
  pinentry-curses python3-dev python3-pip python3-setuptools python3-wheel
  python3.12-dev rpcsvc-proto zlib1g-dev
0 upgraded, 116 newly installed, 0 to remove and 0 not upgraded.
Need to get 109 MB of archives.
After this operation, 425 MB of additional disk space will be used.
Ign:1 http://archive.ubuntu.com/ubuntu noble/main amd64 perl-modules-5.38 all 5.
38.2-3.2build2
Ign:2 http://archive.ubuntu.com/ubuntu noble/main amd64 libgdbm-compat4t64 amd64
 1.23-5.1build1
Ign:3 http://archive.ubuntu.com/ubuntu noble/main amd64 libperl5.38t64 amd64 5.3
8.2-3.2build2
Ign:4 http://archive.ubuntu.com/ubuntu noble/main amd64 perl amd64 5.38.2-3.2bui
ld2
Ign:5 http://archive.ubuntu.com/ubuntu noble/main amd64 binutils-common amd64 2.
42-4ubuntu2
Ign:6 http://archive.ubuntu.com/ubuntu noble/main amd64 libsframe1 amd64 2.42-4u
buntu2
Ign:7 http://archive.ubuntu.com/ubuntu noble/main amd64 libbinutils amd64 2.42-4
ubuntu2
Ign:8 http://archive.ubuntu.com/ubuntu noble/main amd64 libctf-nobfd0 amd64 2.42
-4ubuntu2
Ign:9 http://archive.ubuntu.com/ubuntu noble/main amd64 libctf0 amd64 2.42-4ubun
tu2
Ign:10 http://archive.ubuntu.com/ubuntu noble/main amd64 libgprofng0 amd64 2.42-
4ubuntu2
Ign:11 http://archive.ubuntu.com/ubuntu noble/main amd64 binutils-x86-64-linux-g
nu amd64 2.42-4ubuntu2
Ign:12 http://archive.ubuntu.com/ubuntu noble/main amd64 binutils amd64 2.42-4ub
untu2
Ign:13 http://archive.ubuntu.com/ubuntu noble-updates/main amd64 libc-dev-bin am
d64 2.39-0ubuntu8.1
Ign:14 http://archive.ubuntu.com/ubuntu noble/main amd64 linux-libc-dev amd64 6.
8.0-31.31
Ign:15 http://archive.ubuntu.com/ubuntu noble/main amd64 libcrypt-dev amd64 1:4.
4.36-4build1
Ign:16 http://archive.ubuntu.com/ubuntu noble/main amd64 rpcsvc-proto amd64 1.4.
2-0ubuntu7
Ign:17 http://archive.ubuntu.com/ubuntu noble-updates/main amd64 libc6-dev amd64
 2.39-0ubuntu8.1
Ign:18 http://archive.ubuntu.com/ubuntu noble/main amd64 gcc-13-base amd64 13.2.
0-23ubuntu4
Ign:19 http://archive.ubuntu.com/ubuntu noble/main amd64 libisl23 amd64 0.26-3bu
ild1
Ign:20 http://archive.ubuntu.com/ubuntu noble/main amd64 libmpfr6 amd64 4.2.1-1b
uild1
Ign:21 http://archive.ubuntu.com/ubuntu noble/main amd64 libmpc3 amd64 1.3.1-1bu
ild1
Ign:22 http://archive.ubuntu.com/ubuntu noble/main amd64 cpp-13-x86-64-linux-gnu
 amd64 13.2.0-23ubuntu4
Ign:23 http://archive.ubuntu.com/ubuntu noble/main amd64 cpp-13 amd64 13.2.0-23u
buntu4
Ign:24 http://archive.ubuntu.com/ubuntu noble/main amd64 cpp-x86-64-linux-gnu am
d64 4:13.2.0-7ubuntu1
Ign:25 http://archive.ubuntu.com/ubuntu noble/main amd64 cpp amd64 4:13.2.0-7ubu
ntu1
Ign:26 http://archive.ubuntu.com/ubuntu noble/main amd64 libcc1-0 amd64 14-20240
412-0ubuntu1
Ign:27 http://archive.ubuntu.com/ubuntu noble/main amd64 libgomp1 amd64 14-20240
412-0ubuntu1
Ign:28 http://archive.ubuntu.com/ubuntu noble/main amd64 libitm1 amd64 14-202404
12-0ubuntu1
Ign:29 http://archive.ubuntu.com/ubuntu noble/main amd64 libatomic1 amd64 14-202
40412-0ubuntu1
Ign:30 http://archive.ubuntu.com/ubuntu noble/main amd64 libasan8 amd64 14-20240
412-0ubuntu1
Ign:31 http://archive.ubuntu.com/ubuntu noble/main amd64 liblsan0 amd64 14-20240
412-0ubuntu1
Ign:32 http://archive.ubuntu.com/ubuntu noble/main amd64 libtsan2 amd64 14-20240
412-0ubuntu1
Ign:33 http://archive.ubuntu.com/ubuntu noble/main amd64 libubsan1 amd64 14-2024
0412-0ubuntu1
Ign:34 http://archive.ubuntu.com/ubuntu noble/main amd64 libhwasan0 amd64 14-202
40412-0ubuntu1
Ign:35 http://archive.ubuntu.com/ubuntu noble/main amd64 libquadmath0 amd64 14-2
0240412-0ubuntu1
Ign:36 http://archive.ubuntu.com/ubuntu noble/main amd64 libgcc-13-dev amd64 13.
2.0-23ubuntu4
Ign:37 http://archive.ubuntu.com/ubuntu noble/main amd64 gcc-13-x86-64-linux-gnu
 amd64 13.2.0-23ubuntu4
Ign:38 http://archive.ubuntu.com/ubuntu noble/main amd64 gcc-13 amd64 13.2.0-23u
buntu4
Ign:39 http://archive.ubuntu.com/ubuntu noble/main amd64 gcc-x86-64-linux-gnu am
d64 4:13.2.0-7ubuntu1
Ign:40 http://archive.ubuntu.com/ubuntu noble/main amd64 gcc amd64 4:13.2.0-7ubu
ntu1
Ign:41 http://archive.ubuntu.com/ubuntu noble/main amd64 libstdc++-13-dev amd64
13.2.0-23ub
13.2.0-23ubuntu4
Ign:42 http://archive.ubuntu.com/ubuntu noble/main amd64 g++-13-x86-64-linux-gnu
 amd64 13.2.0-23ubuntu4
Ign:43 http://archive.ubuntu.com/ubuntu noble/main amd64 g++-13 amd64 13.2.0-23u
buntu4
Ign:44 http://archive.ubuntu.com/ubuntu noble/main amd64 g++-x86-64-linux-gnu am
d64 4:13.2.0-7ubuntu1
Ign:45 http://archive.ubuntu.com/ubuntu noble/main amd64 g++ amd64 4:13.2.0-7ubu
ntu1
Ign:46 http://archive.ubuntu.com/ubuntu noble/main amd64 make amd64 4.3-4.1build
2
Ign:47 http://archive.ubuntu.com/ubuntu noble/main amd64 libdpkg-perl all 1.22.6
ubuntu6
Ign:48 http://archive.ubuntu.com/ubuntu noble/main amd64 bzip2 amd64 1.0.8-5.1
Ign:49 http://archive.ubuntu.com/ubuntu noble/main amd64 patch amd64 2.7.6-7buil
d3
Ign:50 http://archive.ubuntu.com/ubuntu noble/main amd64 lto-disabled-list all 4
7
Ign:51 http://archive.ubuntu.com/ubuntu noble/main amd64 dpkg-dev all 1.22.6ubun
tu6
Ign:52 http://archive.ubuntu.com/ubuntu noble/main amd64 build-essential amd64 1
2.10ubuntu1
Ign:53 http://archive.ubuntu.com/ubuntu noble/main amd64 gpgconf amd64 2.4.4-2ub
untu17
Ign:54 http://archive.ubuntu.com/ubuntu noble/main amd64 libksba8 amd64 1.6.6-1b
uild1
Ign:55 http://archive.ubuntu.com/ubuntu noble/main amd64 libldap2 amd64 2.6.7+df
sg-1~exp1ubuntu8
Ign:56 http://archive.ubuntu.com/ubuntu noble/main amd64 dirmngr amd64 2.4.4-2ub
untu17
Ign:57 http://archive.ubuntu.com/ubuntu noble/main amd64 libfakeroot amd64 1.33-
1
Ign:58 http://archive.ubuntu.com/ubuntu noble/main amd64 fakeroot amd64 1.33-1
Ign:59 http://archive.ubuntu.com/ubuntu noble/main amd64 fonts-dejavu-mono all 2
.37-8
Ign:60 http://archive.ubuntu.com/ubuntu noble/main amd64 fonts-dejavu-core all 2
.37-8
Ign:61 http://archive.ubuntu.com/ubuntu noble/main amd64 fontconfig-config amd64
 2.15.0-1.1ubuntu2
Ign:62 http://archive.ubuntu.com/ubuntu noble/main amd64 libbrotli1 amd64 1.1.0-
2build2
Ign:63 http://archive.ubuntu.com/ubuntu noble/main amd64 librtmp1 amd64 2.4+2015
1223.gitfa8646d.1-2build7
Ign:64 http://archive.ubuntu.com/ubuntu noble/main amd64 libssh-4 amd64 0.10.6-2
build2
Ign:65 http://archive.ubuntu.com/ubuntu noble-updates/main amd64 libcurl3t64-gnu
tls amd64 8.5.0-2ubuntu10.1
Ign:66 http://archive.ubuntu.com/ubuntu noble/main amd64 liberror-perl all 0.170
29-2
Ign:67 http://archive.ubuntu.com/ubuntu noble/main amd64 git-man all 1:2.43.0-1u
buntu7
Ign:68 http://archive.ubuntu.com/ubuntu noble/main amd64 git amd64 1:2.43.0-1ubu
ntu7
Ign:69 http://archive.ubuntu.com/ubuntu noble/main amd64 gnupg-utils amd64 2.4.4
-2ubuntu17
Ign:70 http://archive.ubuntu.com/ubuntu noble/main amd64 gpg amd64 2.4.4-2ubuntu
17
Ign:71 http://archive.ubuntu.com/ubuntu noble/main amd64 pinentry-curses amd64 1
.2.1-3ubuntu5
Ign:72 http://archive.ubuntu.com/ubuntu noble/main amd64 gpg-agent amd64 2.4.4-2
ubuntu17
Ign:73 http://archive.ubuntu.com/ubuntu noble/main amd64 gpgsm amd64 2.4.4-2ubun
tu17
Ign:74 http://archive.ubuntu.com/ubuntu noble/main amd64 keyboxd amd64 2.4.4-2ub
untu17
Ign:75 http://archive.ubuntu.com/ubuntu noble/main amd64 gnupg all 2.4.4-2ubuntu
17
Ign:76 http://archive.ubuntu.com/ubuntu noble/main amd64 gnupg-l10n all 2.4.4-2u
buntu17
Ign:77 http://archive.ubuntu.com/ubuntu noble/main amd64 gpg-wks-client amd64 2.
4.4-2ubuntu17
Ign:78 http://archive.ubuntu.com/ubuntu noble/main amd64 javascript-common all 1
1+nmu1
Ign:79 http://archive.ubuntu.com/ubuntu noble/main amd64 libalgorithm-diff-perl
all 1.201-1
Ign:80 http://archive.ubuntu.com/ubuntu noble/main amd64 libalgorithm-diff-xs-pe
rl amd64 0.04-8build3
Ign:81 http://archive.ubuntu.com/ubuntu noble/main amd64 libalgorithm-merge-perl
 all 0.08-5
Ign:82 http://archive.ubuntu.com/ubuntu noble/main amd64 libaom3 amd64 3.8.2-2bu
ild1
Ign:83 http://archive.ubuntu.com/ubuntu noble/main amd64 libfreetype6 amd64 2.13
.2+dfsg-1build3
Ign:84 http://archive.ubuntu.com/ubuntu noble/main amd64 libfontconfig1 amd64 2.
15.0-1.1ubuntu2
Ign:85 http://archive.ubuntu.com/ubuntu noble/main amd64 libsharpyuv0 amd64 1.3.
2-0.4build3
Ign:86 http://archive.ubuntu.com/ubuntu noble/main amd64 libheif-plugin-aomdec a
md64 1.17.6-1ubuntu4
Ign
Ign:87 http://archive.ubuntu.com/ubuntu noble/main amd64 libde265-0 amd64 1.0.15
-1build3
Ign:88 http://archive.ubuntu.com/ubuntu noble/main amd64 libheif-plugin-libde265
 amd64 1.17.6-1ubuntu4
Ign:89 http://archive.ubuntu.com/ubuntu noble/main amd64 libheif1 amd64 1.17.6-1
ubuntu4
Ign:90 http://archive.ubuntu.com/ubuntu noble/main amd64 libjpeg-turbo8 amd64 2.
1.5-2ubuntu2
Ign:91 http://archive.ubuntu.com/ubuntu noble/main amd64 libjpeg8 amd64 8c-2ubun
tu11
Ign:92 http://archive.ubuntu.com/ubuntu noble/main amd64 libdeflate0 amd64 1.19-
1build1
Ign:93 http://archive.ubuntu.com/ubuntu noble/main amd64 libjbig0 amd64 2.1-6.1u
buntu2
Ign:94 http://archive.ubuntu.com/ubuntu noble/main amd64 liblerc4 amd64 4.0.0+ds
-4ubuntu2
Ign:95 http://archive.ubuntu.com/ubuntu noble/main amd64 libwebp7 amd64 1.3.2-0.
4build3
Ign:96 http://archive.ubuntu.com/ubuntu noble/main amd64 libtiff6 amd64 4.5.1+gi
t230720-4ubuntu2
Ign:97 http://archive.ubuntu.com/ubuntu noble/main amd64 libxpm4 amd64 1:3.5.17-
1build2
Ign:98 http://archive.ubuntu.com/ubuntu noble/main amd64 libgd3 amd64 2.3.3-9ubu
ntu5
Ign:99 http://archive.ubuntu.com/ubuntu noble-updates/main amd64 libc-devtools a
md64 2.39-0ubuntu8.1
Ign:100 http://archive.ubuntu.com/ubuntu noble/main amd64 libexpat1-dev amd64 2.
6.1-2build1
Ign:101 http://archive.ubuntu.com/ubuntu noble/main amd64 libfile-fcntllock-perl
 amd64 0.22-4ubuntu5
Ign:102 http://archive.ubuntu.com/ubuntu noble/main amd64 libheif-plugin-aomenc
amd64 1.17.6-1ubuntu4
Ign:103 http://archive.ubuntu.com/ubuntu noble/main amd64 libjs-jquery all 3.6.1
+dfsg+~3.5.14-1
Ign:104 http://archive.ubuntu.com/ubuntu noble/main amd64 libjs-underscore all 1
.13.4~dfsg+~1.11.4-3
Ign:105 http://archive.ubuntu.com/ubuntu noble/main amd64 libjs-sphinxdoc all 7.
2.6-6
Ign:106 http://archive.ubuntu.com/ubuntu noble/main amd64 libldap-common all 2.6
.7+dfsg-1~exp1ubuntu8
Ign:107 http://archive.ubuntu.com/ubuntu noble/main amd64 libpython3.12t64 amd64
 3.12.3-1
Ign:108 http://archive.ubuntu.com/ubuntu noble/main amd64 zlib1g-dev amd64 1:1.3
.dfsg-3.1ubuntu2
Ign:109 http://archive.ubuntu.com/ubuntu noble/main amd64 libpython3.12-dev amd6
4 3.12.3-1
Ign:110 http://archive.ubuntu.com/ubuntu noble/main amd64 libpython3-dev amd64 3
.12.3-0ubuntu1
Ign:111 http://archive.ubuntu.com/ubuntu noble/main amd64 manpages-dev all 6.7-2
Ign:112 http://archive.ubuntu.com/ubuntu noble/main amd64 python3.12-dev amd64 3
.12.3-1
Ign:113 http://archive.ubuntu.com/ubuntu noble/main amd64 python3-dev amd64 3.12
.3-0ubuntu1
Ign:114 http://archive.ubuntu.com/ubuntu noble/main amd64 python3-setuptools all
 68.1.2-2ubuntu1
Ign:115 http://archive.ubuntu.com/ubuntu noble/universe amd64 python3-wheel all
0.42.0-2
Ign:116 http://archive.ubuntu.com/ubuntu noble/universe amd64 python3-pip all 24
.0+dfsg-1ubuntu1
Ign:1 http://archive.ubuntu.com/ubuntu noble/main amd64 perl-modules-5.38 all 5.
38.2-3.2build2
Ign:2 http://archive.ubuntu.com/ubuntu noble/main amd64 libgdbm-compat4t64 amd64
 1.23-5.1build1
Ign:3 http://archive.ubuntu.com/ubuntu noble/main amd64 libperl5.38t64 amd64 5.3
8.2-3.2build2
Ign:4 http://archive.ubuntu.com/ubuntu noble/main amd64 perl amd64 5.38.2-3.2bui
ld2
Ign:5 http://archive.ubuntu.com/ubuntu noble/main amd64 binutils-common amd64 2.
42-4ubuntu2
Ign:6 http://archive.ubuntu.com/ubuntu noble/main amd64 libsframe1 amd64 2.42-4u
buntu2
Ign:7 http://archive.ubuntu.com/ubuntu noble/main amd64 libbinutils amd64 2.42-4
ubuntu2
Ign:8 http://archive.ubuntu.com/ubuntu noble/main amd64 libctf-nobfd0 amd64 2.42
-4ubuntu2
Ign:9 http://archive.ubuntu.com/ubuntu noble/main amd64 libctf0 amd64 2.42-4ubun
tu2
Ign:10 http://archive.ubuntu.com/ubuntu noble/main amd64 libgprofng0 amd64 2.42-
4ubuntu2
Ign:11 http://archive.ubuntu.com/ubuntu noble/main amd64 binutils-x86-64-linux-g
nu amd64 2.42-4ubuntu2
Ign:12 http://archive.ubuntu.com/ubuntu noble/main amd64 binutils amd64 2.42-4ub
untu2
Ign:13 http://archive.ubuntu.com/ubuntu noble-updates/main amd64 libc-dev-bin am
d64 2.39-0ubuntu8.1
Ign:14 http://archive.ubuntu.com/ubuntu noble/main amd64 linux-libc-dev amd64 6.
8.0-31.3
8.0-31.31
Ign:15 http://archive.ubuntu.com/ubuntu noble/main amd64 libcrypt-dev amd64 1:4.
4.36-4build1
Ign:16 http://archive.ubuntu.com/ubuntu noble/main amd64 rpcsvc-proto amd64 1.4.
2-0ubuntu7
Ign:17 http://archive.ubuntu.com/ubuntu noble-updates/main amd64 libc6-dev amd64
 2.39-0ubuntu8.1
Ign:18 http://archive.ubuntu.com/ubuntu noble/main amd64 gcc-13-base amd64 13.2.
0-23ubuntu4
Ign:19 http://archive.ubuntu.com/ubuntu noble/main amd64 libisl23 amd64 0.26-3bu
ild1
Ign:20 http://archive.ubuntu.com/ubuntu noble/main amd64 libmpfr6 amd64 4.2.1-1b
uild1
Ign:21 http://archive.ubuntu.com/ubuntu noble/main amd64 libmpc3 amd64 1.3.1-1bu
ild1
Ign:22 http://archive.ubuntu.com/ubuntu noble/main amd64 cpp-13-x86-64-linux-gnu
 amd64 13.2.0-23ubuntu4
Ign:23 http://archive.ubuntu.com/ubuntu noble/main amd64 cpp-13 amd64 13.2.0-23u
buntu4
Ign:24 http://archive.ubuntu.com/ubuntu noble/main amd64 cpp-x86-64-linux-gnu am
d64 4:13.2.0-7ubuntu1
Ign:25 http://archive.ubuntu.com/ubuntu noble/main amd64 cpp amd64 4:13.2.0-7ubu
ntu1
Ign:26 http://archive.ubuntu.com/ubuntu noble/main amd64 libcc1-0 amd64 14-20240
412-0ubuntu1
Ign:27 http://archive.ubuntu.com/ubuntu noble/main amd64 libgomp1 amd64 14-20240
412-0ubuntu1
Ign:28 http://archive.ubuntu.com/ubuntu noble/main amd64 libitm1 amd64 14-202404
12-0ubuntu1
Ign:29 http://archive.ubuntu.com/ubuntu noble/main amd64 libatomic1 amd64 14-202
40412-0ubuntu1
Ign:30 http://archive.ubuntu.com/ubuntu noble/main amd64 libasan8 amd64 14-20240
412-0ubuntu1
Ign:31 http://archive.ubuntu.com/ubuntu noble/main amd64 liblsan0 amd64 14-20240
412-0ubuntu1
Ign:32 http://archive.ubuntu.com/ubuntu noble/main amd64 libtsan2 amd64 14-20240
412-0ubuntu1
Ign:33 http://archive.ubuntu.com/ubuntu noble/main amd64 libubsan1 amd64 14-2024
0412-0ubuntu1
Ign:34 http://archive.ubuntu.com/ubuntu noble/main amd64 libhwasan0 amd64 14-202
40412-0ubuntu1
Ign:35 http://archive.ubuntu.com/ubuntu noble/main amd64 libquadmath0 amd64 14-2
0240412-0ubuntu1
Ign:36 http://archive.ubuntu.com/ubuntu noble/main amd64 libgcc-13-dev amd64 13.
2.0-23ubuntu4
Ign:37 http://archive.ubuntu.com/ubuntu noble/main amd64 gcc-13-x86-64-linux-gnu
 amd64 13.2.0-23ubuntu4
Ign:38 http://archive.ubuntu.com/ubuntu noble/main amd64 gcc-13 amd64 13.2.0-23u
buntu4
Ign:39 http://archive.ubuntu.com/ubuntu noble/main amd64 gcc-x86-64-linux-gnu am
d64 4:13.2.0-7ubuntu1
Ign:40 http://archive.ubuntu.com/ubuntu noble/main amd64 gcc amd64 4:13.2.0-7ubu
ntu1
Ign:41 http://archive.ubuntu.com/ubuntu noble/main amd64 libstdc++-13-dev amd64
13.2.0-23ubuntu4
Ign:42 http://archive.ubuntu.com/ubuntu noble/main amd64 g++-13-x86-64-linux-gnu
 amd64 13.2.0-23ubuntu4
Ign:43 http://archive.ubuntu.com/ubuntu noble/main amd64 g++-13 amd64 13.2.0-23u
buntu4
Ign:44 http://archive.ubuntu.com/ubuntu noble/main amd64 g++-x86-64-linux-gnu am
d64 4:13.2.0-7ubuntu1
Ign:45 http://archive.ubuntu.com/ubuntu noble/main amd64 g++ amd64 4:13.2.0-7ubu
ntu1
Ign:46 http://archive.ubuntu.com/ubuntu noble/main amd64 make amd64 4.3-4.1build
2
Ign:47 http://archive.ubuntu.com/ubuntu noble/main amd64 libdpkg-perl all 1.22.6
ubuntu6
Ign:48 http://archive.ubuntu.com/ubuntu noble/main amd64 bzip2 amd64 1.0.8-5.1
Ign:49 http://archive.ubuntu.com/ubuntu noble/main amd64 patch amd64 2.7.6-7buil
d3
Ign:50 http://archive.ubuntu.com/ubuntu noble/main amd64 lto-disabled-list all 4
7
Ign:51 http://archive.ubuntu.com/ubuntu noble/main amd64 dpkg-dev all 1.22.6ubun
tu6
Ign:52 http://archive.ubuntu.com/ubuntu noble/main amd64 build-essential amd64 1
2.10ubuntu1
Ign:53 http://archive.ubuntu.com/ubuntu noble/main amd64 gpgconf amd64 2.4.4-2ub
untu17
Ign:54 http://archive.ubuntu.com/ubuntu noble/main amd64 libksba8 amd64 1.6.6-1b
uild1
Ign:55 http://archive.ubuntu.com/ubuntu noble/main amd64 libldap2 amd64 2.6.7+df
sg-1~exp1ubuntu8
Ign:56 http://archive.ubuntu.com/ubuntu noble/main amd64 dirmngr amd64 2.4.4-2ub
untu17
Ign:57 http://archive.ubuntu.com/ubuntu noble/main amd64 libfakeroot amd64 1.33-
1
Ign:58 http://archive.ubuntu.com/ubuntu noble/main amd64 fakeroot amd64 1.33-1
Ign:59 http://archive.ubuntu.com/ubuntu noble/ma
Ign:59 http://archive.ubuntu.com/ubuntu noble/main amd64 fonts-dejavu-mono all 2
.37-8
Ign:60 http://archive.ubuntu.com/ubuntu noble/main amd64 fonts-dejavu-core all 2
.37-8
Ign:61 http://archive.ubuntu.com/ubuntu noble/main amd64 fontconfig-config amd64
 2.15.0-1.1ubuntu2
Ign:62 http://archive.ubuntu.com/ubuntu noble/main amd64 libbrotli1 amd64 1.1.0-
2build2
Ign:63 http://archive.ubuntu.com/ubuntu noble/main amd64 librtmp1 amd64 2.4+2015
1223.gitfa8646d.1-2build7
Ign:64 http://archive.ubuntu.com/ubuntu noble/main amd64 libssh-4 amd64 0.10.6-2
build2
Ign:65 http://archive.ubuntu.com/ubuntu noble-updates/main amd64 libcurl3t64-gnu
tls amd64 8.5.0-2ubuntu10.1
Ign:66 http://archive.ubuntu.com/ubuntu noble/main amd64 liberror-perl all 0.170
29-2
Ign:67 http://archive.ubuntu.com/ubuntu noble/main amd64 git-man all 1:2.43.0-1u
buntu7
Ign:68 http://archive.ubuntu.com/ubuntu noble/main amd64 git amd64 1:2.43.0-1ubu
ntu7
Ign:69 http://archive.ubuntu.com/ubuntu noble/main amd64 gnupg-utils amd64 2.4.4
-2ubuntu17
Ign:70 http://archive.ubuntu.com/ubuntu noble/main amd64 gpg amd64 2.4.4-2ubuntu
17
Ign:71 http://archive.ubuntu.com/ubuntu noble/main amd64 pinentry-curses amd64 1
.2.1-3ubuntu5
Ign:72 http://archive.ubuntu.com/ubuntu noble/main amd64 gpg-agent amd64 2.4.4-2
ubuntu17
Ign:73 http://archive.ubuntu.com/ubuntu noble/main amd64 gpgsm amd64 2.4.4-2ubun
tu17
Ign:74 http://archive.ubuntu.com/ubuntu noble/main amd64 keyboxd amd64 2.4.4-2ub
untu17
Ign:75 http://archive.ubuntu.com/ubuntu noble/main amd64 gnupg all 2.4.4-2ubuntu
17
Ign:76 http://archive.ubuntu.com/ubuntu noble/main amd64 gnupg-l10n all 2.4.4-2u
buntu17
Ign:77 http://archive.ubuntu.com/ubuntu noble/main amd64 gpg-wks-client amd64 2.
4.4-2ubuntu17
Ign:78 http://archive.ubuntu.com/ubuntu noble/main amd64 javascript-common all 1
1+nmu1
Ign:79 http://archive.ubuntu.com/ubuntu noble/main amd64 libalgorithm-diff-perl
all 1.201-1
Ign:80 http://archive.ubuntu.com/ubuntu noble/main amd64 libalgorithm-diff-xs-pe
rl amd64 0.04-8build3
Ign:81 http://archive.ubuntu.com/ubuntu noble/main amd64 libalgorithm-merge-perl
 all 0.08-5
Ign:82 http://archive.ubuntu.com/ubuntu noble/main amd64 libaom3 amd64 3.8.2-2bu
ild1
Ign:83 http://archive.ubuntu.com/ubuntu noble/main amd64 libfreetype6 amd64 2.13
.2+dfsg-1build3
Ign:84 http://archive.ubuntu.com/ubuntu noble/main amd64 libfontconfig1 amd64 2.
15.0-1.1ubuntu2
Ign:85 http://archive.ubuntu.com/ubuntu noble/main amd64 libsharpyuv0 amd64 1.3.
2-0.4build3
Ign:86 http://archive.ubuntu.com/ubuntu noble/main amd64 libheif-plugin-aomdec a
md64 1.17.6-1ubuntu4
Ign:87 http://archive.ubuntu.com/ubuntu noble/main amd64 libde265-0 amd64 1.0.15
-1build3
Ign:88 http://archive.ubuntu.com/ubuntu noble/main amd64 libheif-plugin-libde265
 amd64 1.17.6-1ubuntu4
Ign:89 http://archive.ubuntu.com/ubuntu noble/main amd64 libheif1 amd64 1.17.6-1
ubuntu4
Ign:90 http://archive.ubuntu.com/ubuntu noble/main amd64 libjpeg-turbo8 amd64 2.
1.5-2ubuntu2
Ign:91 http://archive.ubuntu.com/ubuntu noble/main amd64 libjpeg8 amd64 8c-2ubun
tu11
Ign:92 http://archive.ubuntu.com/ubuntu noble/main amd64 libdeflate0 amd64 1.19-
1build1
Ign:93 http://archive.ubuntu.com/ubuntu noble/main amd64 libjbig0 amd64 2.1-6.1u
buntu2
Ign:94 http://archive.ubuntu.com/ubuntu noble/main amd64 liblerc4 amd64 4.0.0+ds
-4ubuntu2
Ign:95 http://archive.ubuntu.com/ubuntu noble/main amd64 libwebp7 amd64 1.3.2-0.
4build3
Ign:96 http://archive.ubuntu.com/ubuntu noble/main amd64 libtiff6 amd64 4.5.1+gi
t230720-4ubuntu2
Ign:97 http://archive.ubuntu.com/ubuntu noble/main amd64 libxpm4 amd64 1:3.5.17-
1build2
Ign:98 http://archive.ubuntu.com/ubuntu noble/main amd64 libgd3 amd64 2.3.3-9ubu
ntu5
Ign:99 http://archive.ubuntu.com/ubuntu noble-updates/main amd64 libc-devtools a
md64 2.39-0ubuntu8.1
Ign:100 http://archive.ubuntu.com/ubuntu noble/main amd64 libexpat1-dev amd64 2.
6.1-2build1
Ign:101 http://archive.ubuntu.com/ubuntu noble/main amd64 libfile-fcntllock-perl
 amd64 0.22-4ubuntu5
Ign:102 http://archive.ubuntu.com/ubuntu noble/main amd64 libheif-plugin-aomenc
amd64 1.17.6-1ubuntu4
Ign:103 http://archive.ubuntu.com/ubuntu noble/main amd64 libjs-jque
Ign:103 http://archive.ubuntu.com/ubuntu noble/main amd64 libjs-jquery all 3.6.1
+dfsg+~3.5.14-1
Ign:104 http://archive.ubuntu.com/ubuntu noble/main amd64 libjs-underscore all 1
.13.4~dfsg+~1.11.4-3
Ign:105 http://archive.ubuntu.com/ubuntu noble/main amd64 libjs-sphinxdoc all 7.
2.6-6
Ign:106 http://archive.ubuntu.com/ubuntu noble/main amd64 libldap-common all 2.6
.7+dfsg-1~exp1ubuntu8
Ign:107 http://archive.ubuntu.com/ubuntu noble/main amd64 libpython3.12t64 amd64
 3.12.3-1
Ign:108 http://archive.ubuntu.com/ubuntu noble/main amd64 zlib1g-dev amd64 1:1.3
.dfsg-3.1ubuntu2
Ign:109 http://archive.ubuntu.com/ubuntu noble/main amd64 libpython3.12-dev amd6
4 3.12.3-1
Ign:110 http://archive.ubuntu.com/ubuntu noble/main amd64 libpython3-dev amd64 3
.12.3-0ubuntu1
Ign:111 http://archive.ubuntu.com/ubuntu noble/main amd64 manpages-dev all 6.7-2
Ign:112 http://archive.ubuntu.com/ubuntu noble/main amd64 python3.12-dev amd64 3
.12.3-1
Ign:113 http://archive.ubuntu.com/ubuntu noble/main amd64 python3-dev amd64 3.12
.3-0ubuntu1
Ign:114 http://archive.ubuntu.com/ubuntu noble/main amd64 python3-setuptools all
 68.1.2-2ubuntu1
Ign:115 http://archive.ubuntu.com/ubuntu noble/universe amd64 python3-wheel all
0.42.0-2
Ign:116 http://archive.ubuntu.com/ubuntu noble/universe amd64 python3-pip all 24
.0+dfsg-1ubuntu1
Ign:1 http://archive.ubuntu.com/ubuntu noble/main amd64 perl-modules-5.38 all 5.
38.2-3.2build2
Ign:2 http://archive.ubuntu.com/ubuntu noble/main amd64 libgdbm-compat4t64 amd64
 1.23-5.1build1
Ign:3 http://archive.ubuntu.com/ubuntu noble/main amd64 libperl5.38t64 amd64 5.3
8.2-3.2build2
Ign:4 http://archive.ubuntu.com/ubuntu noble/main amd64 perl amd64 5.38.2-3.2bui
ld2
Ign:5 http://archive.ubuntu.com/ubuntu noble/main amd64 binutils-common amd64 2.
42-4ubuntu2
Ign:6 http://archive.ubuntu.com/ubuntu noble/main amd64 libsframe1 amd64 2.42-4u
buntu2
Ign:7 http://archive.ubuntu.com/ubuntu noble/main amd64 libbinutils amd64 2.42-4
ubuntu2
Ign:8 http://archive.ubuntu.com/ubuntu noble/main amd64 libctf-nobfd0 amd64 2.42
-4ubuntu2
Ign:9 http://archive.ubuntu.com/ubuntu noble/main amd64 libctf0 amd64 2.42-4ubun
tu2
Ign:10 http://archive.ubuntu.com/ubuntu noble/main amd64 libgprofng0 amd64 2.42-
4ubuntu2
Ign:11 http://archive.ubuntu.com/ubuntu noble/main amd64 binutils-x86-64-linux-g
nu amd64 2.42-4ubuntu2
Ign:12 http://archive.ubuntu.com/ubuntu noble/main amd64 binutils amd64 2.42-4ub
untu2
Ign:13 http://archive.ubuntu.com/ubuntu noble-updates/main amd64 libc-dev-bin am
d64 2.39-0ubuntu8.1
Ign:14 http://archive.ubuntu.com/ubuntu noble/main amd64 linux-libc-dev amd64 6.
8.0-31.31
Ign:15 http://archive.ubuntu.com/ubuntu noble/main amd64 libcrypt-dev amd64 1:4.
4.36-4build1
Ign:16 http://archive.ubuntu.com/ubuntu noble/main amd64 rpcsvc-proto amd64 1.4.
2-0ubuntu7
Ign:17 http://archive.ubuntu.com/ubuntu noble-updates/main amd64 libc6-dev amd64
 2.39-0ubuntu8.1
Ign:18 http://archive.ubuntu.com/ubuntu noble/main amd64 gcc-13-base amd64 13.2.
0-23ubuntu4
Ign:19 http://archive.ubuntu.com/ubuntu noble/main amd64 libisl23 amd64 0.26-3bu
ild1
Ign:20 http://archive.ubuntu.com/ubuntu noble/main amd64 libmpfr6 amd64 4.2.1-1b
uild1
Ign:21 http://archive.ubuntu.com/ubuntu noble/main amd64 libmpc3 amd64 1.3.1-1bu
ild1
Ign:22 http://archive.ubuntu.com/ubuntu noble/main amd64 cpp-13-x86-64-linux-gnu
 amd64 13.2.0-23ubuntu4
Ign:23 http://archive.ubuntu.com/ubuntu noble/main amd64 cpp-13 amd64 13.2.0-23u
buntu4
Ign:24 http://archive.ubuntu.com/ubuntu noble/main amd64 cpp-x86-64-linux-gnu am
d64 4:13.2.0-7ubuntu1
Ign:25 http://archive.ubuntu.com/ubuntu noble/main amd64 cpp amd64 4:13.2.0-7ubu
ntu1
Ign:26 http://archive.ubuntu.com/ubuntu noble/main amd64 libcc1-0 amd64 14-20240
412-0ubuntu1
Ign:27 http://archive.ubuntu.com/ubuntu noble/main amd64 libgomp1 amd64 14-20240
412-0ubuntu1
Ign:28 http://archive.ubuntu.com/ubuntu noble/main amd64 libitm1 amd64 14-202404
12-0ubuntu1
Ign:29 http://archive.ubuntu.com/ubuntu noble/main amd64 libatomic1 amd64 14-202
40412-0ubuntu1
Ign:30 http://archive.ubuntu.com/ubuntu noble/main amd64 libasan8 amd64 14-20240
412-0ubuntu1
Ign:31 http://archive.ubuntu.com/ubuntu noble/main amd64 liblsan0
Ign:31 http://archive.ubuntu.com/ubuntu noble/main amd64 liblsan0 amd64 14-20240
412-0ubuntu1
Ign:32 http://archive.ubuntu.com/ubuntu noble/main amd64 libtsan2 amd64 14-20240
412-0ubuntu1
Ign:33 http://archive.ubuntu.com/ubuntu noble/main amd64 libubsan1 amd64 14-2024
0412-0ubuntu1
Ign:34 http://archive.ubuntu.com/ubuntu noble/main amd64 libhwasan0 amd64 14-202
40412-0ubuntu1
Ign:35 http://archive.ubuntu.com/ubuntu noble/main amd64 libquadmath0 amd64 14-2
0240412-0ubuntu1
Ign:36 http://archive.ubuntu.com/ubuntu noble/main amd64 libgcc-13-dev amd64 13.
2.0-23ubuntu4
Ign:37 http://archive.ubuntu.com/ubuntu noble/main amd64 gcc-13-x86-64-linux-gnu
 amd64 13.2.0-23ubuntu4
Ign:38 http://archive.ubuntu.com/ubuntu noble/main amd64 gcc-13 amd64 13.2.0-23u
buntu4
Ign:39 http://archive.ubuntu.com/ubuntu noble/main amd64 gcc-x86-64-linux-gnu am
d64 4:13.2.0-7ubuntu1
Ign:40 http://archive.ubuntu.com/ubuntu noble/main amd64 gcc amd64 4:13.2.0-7ubu
ntu1
Ign:41 http://archive.ubuntu.com/ubuntu noble/main amd64 libstdc++-13-dev amd64
13.2.0-23ubuntu4
Ign:42 http://archive.ubuntu.com/ubuntu noble/main amd64 g++-13-x86-64-linux-gnu
 amd64 13.2.0-23ubuntu4
Ign:43 http://archive.ubuntu.com/ubuntu noble/main amd64 g++-13 amd64 13.2.0-23u
buntu4
Ign:44 http://archive.ubuntu.com/ubuntu noble/main amd64 g++-x86-64-linux-gnu am
d64 4:13.2.0-7ubuntu1
Ign:45 http://archive.ubuntu.com/ubuntu noble/main amd64 g++ amd64 4:13.2.0-7ubu
ntu1
Ign:46 http://archive.ubuntu.com/ubuntu noble/main amd64 make amd64 4.3-4.1build
2
Ign:47 http://archive.ubuntu.com/ubuntu noble/main amd64 libdpkg-perl all 1.22.6
ubuntu6
Ign:48 http://archive.ubuntu.com/ubuntu noble/main amd64 bzip2 amd64 1.0.8-5.1
Ign:49 http://archive.ubuntu.com/ubuntu noble/main amd64 patch amd64 2.7.6-7buil
d3
Ign:50 http://archive.ubuntu.com/ubuntu noble/main amd64 lto-disabled-list all 4
7
Ign:51 http://archive.ubuntu.com/ubuntu noble/main amd64 dpkg-dev all 1.22.6ubun
tu6
Ign:52 http://archive.ubuntu.com/ubuntu noble/main amd64 build-essential amd64 1
2.10ubuntu1
Ign:53 http://archive.ubuntu.com/ubuntu noble/main amd64 gpgconf amd64 2.4.4-2ub
untu17
Ign:54 http://archive.ubuntu.com/ubuntu noble/main amd64 libksba8 amd64 1.6.6-1b
uild1
Ign:55 http://archive.ubuntu.com/ubuntu noble/main amd64 libldap2 amd64 2.6.7+df
sg-1~exp1ubuntu8
Ign:56 http://archive.ubuntu.com/ubuntu noble/main amd64 dirmngr amd64 2.4.4-2ub
untu17
Ign:57 http://archive.ubuntu.com/ubuntu noble/main amd64 libfakeroot amd64 1.33-
1
Ign:58 http://archive.ubuntu.com/ubuntu noble/main amd64 fakeroot amd64 1.33-1
Ign:59 http://archive.ubuntu.com/ubuntu noble/main amd64 fonts-dejavu-mono all 2
.37-8
Ign:60 http://archive.ubuntu.com/ubuntu noble/main amd64 fonts-dejavu-core all 2
.37-8
Ign:61 http://archive.ubuntu.com/ubuntu noble/main amd64 fontconfig-config amd64
 2.15.0-1.1ubuntu2
Ign:62 http://archive.ubuntu.com/ubuntu noble/main amd64 libbrotli1 amd64 1.1.0-
2build2
Ign:63 http://archive.ubuntu.com/ubuntu noble/main amd64 librtmp1 amd64 2.4+2015
1223.gitfa8646d.1-2build7
Ign:64 http://archive.ubuntu.com/ubuntu noble/main amd64 libssh-4 amd64 0.10.6-2
build2
Ign:65 http://archive.ubuntu.com/ubuntu noble-updates/main amd64 libcurl3t64-gnu
tls amd64 8.5.0-2ubuntu10.1
Ign:66 http://archive.ubuntu.com/ubuntu noble/main amd64 liberror-perl all 0.170
29-2
Ign:67 http://archive.ubuntu.com/ubuntu noble/main amd64 git-man all 1:2.43.0-1u
buntu7
Ign:68 http://archive.ubuntu.com/ubuntu noble/main amd64 git amd64 1:2.43.0-1ubu
ntu7
Ign:69 http://archive.ubuntu.com/ubuntu noble/main amd64 gnupg-utils amd64 2.4.4
-2ubuntu17
Ign:70 http://archive.ubuntu.com/ubuntu noble/main amd64 gpg amd64 2.4.4-2ubuntu
17
Ign:71 http://archive.ubuntu.com/ubuntu noble/main amd64 pinentry-curses amd64 1
.2.1-3ubuntu5
Ign:72 http://archive.ubuntu.com/ubuntu noble/main amd64 gpg-agent amd64 2.4.4-2
ubuntu17
Ign:73 http://archive.ubuntu.com/ubuntu noble/main amd64 gpgsm amd64 2.4.4-2ubun
tu17
Ign:74 http://archive.ubuntu.com/ubuntu noble/main amd64 keyboxd amd64 2.4.4-2ub
untu17
Ign:75 http://archive.ubuntu.com/ubuntu noble/main amd64 gnupg all 2.4.4-2ubuntu
17
Ign:76 http://archive.ubuntu.com/ubuntu noble/main amd64 gnu
Ign:76 http://archive.ubuntu.com/ubuntu noble/main amd64 gnupg-l10n all 2.4.4-2u
buntu17
Ign:77 http://archive.ubuntu.com/ubuntu noble/main amd64 gpg-wks-client amd64 2.
4.4-2ubuntu17
Ign:78 http://archive.ubuntu.com/ubuntu noble/main amd64 javascript-common all 1
1+nmu1
Ign:79 http://archive.ubuntu.com/ubuntu noble/main amd64 libalgorithm-diff-perl
all 1.201-1
Ign:80 http://archive.ubuntu.com/ubuntu noble/main amd64 libalgorithm-diff-xs-pe
rl amd64 0.04-8build3
Ign:81 http://archive.ubuntu.com/ubuntu noble/main amd64 libalgorithm-merge-perl
 all 0.08-5
Ign:82 http://archive.ubuntu.com/ubuntu noble/main amd64 libaom3 amd64 3.8.2-2bu
ild1
Ign:83 http://archive.ubuntu.com/ubuntu noble/main amd64 libfreetype6 amd64 2.13
.2+dfsg-1build3
Ign:84 http://archive.ubuntu.com/ubuntu noble/main amd64 libfontconfig1 amd64 2.
15.0-1.1ubuntu2
Ign:85 http://archive.ubuntu.com/ubuntu noble/main amd64 libsharpyuv0 amd64 1.3.
2-0.4build3
Ign:86 http://archive.ubuntu.com/ubuntu noble/main amd64 libheif-plugin-aomdec a
md64 1.17.6-1ubuntu4
Ign:87 http://archive.ubuntu.com/ubuntu noble/main amd64 libde265-0 amd64 1.0.15
-1build3
Ign:88 http://archive.ubuntu.com/ubuntu noble/main amd64 libheif-plugin-libde265
 amd64 1.17.6-1ubuntu4
Ign:89 http://archive.ubuntu.com/ubuntu noble/main amd64 libheif1 amd64 1.17.6-1
ubuntu4
Ign:90 http://archive.ubuntu.com/ubuntu noble/main amd64 libjpeg-turbo8 amd64 2.
1.5-2ubuntu2
Ign:91 http://archive.ubuntu.com/ubuntu noble/main amd64 libjpeg8 amd64 8c-2ubun
tu11
Ign:92 http://archive.ubuntu.com/ubuntu noble/main amd64 libdeflate0 amd64 1.19-
1build1
Ign:93 http://archive.ubuntu.com/ubuntu noble/main amd64 libjbig0 amd64 2.1-6.1u
buntu2
Ign:94 http://archive.ubuntu.com/ubuntu noble/main amd64 liblerc4 amd64 4.0.0+ds
-4ubuntu2
Ign:95 http://archive.ubuntu.com/ubuntu noble/main amd64 libwebp7 amd64 1.3.2-0.
4build3
Ign:96 http://archive.ubuntu.com/ubuntu noble/main amd64 libtiff6 amd64 4.5.1+gi
t230720-4ubuntu2
Ign:97 http://archive.ubuntu.com/ubuntu noble/main amd64 libxpm4 amd64 1:3.5.17-
1build2
Ign:98 http://archive.ubuntu.com/ubuntu noble/main amd64 libgd3 amd64 2.3.3-9ubu
ntu5
Ign:99 http://archive.ubuntu.com/ubuntu noble-updates/main amd64 libc-devtools a
md64 2.39-0ubuntu8.1
Ign:100 http://archive.ubuntu.com/ubuntu noble/main amd64 libexpat1-dev amd64 2.
6.1-2build1
Ign:101 http://archive.ubuntu.com/ubuntu noble/main amd64 libfile-fcntllock-perl
 amd64 0.22-4ubuntu5
Ign:102 http://archive.ubuntu.com/ubuntu noble/main amd64 libheif-plugin-aomenc
amd64 1.17.6-1ubuntu4
Ign:103 http://archive.ubuntu.com/ubuntu noble/main amd64 libjs-jquery all 3.6.1
+dfsg+~3.5.14-1
Ign:104 http://archive.ubuntu.com/ubuntu noble/main amd64 libjs-underscore all 1
.13.4~dfsg+~1.11.4-3
Ign:105 http://archive.ubuntu.com/ubuntu noble/main amd64 libjs-sphinxdoc all 7.
2.6-6
Ign:106 http://archive.ubuntu.com/ubuntu noble/main amd64 libldap-common all 2.6
.7+dfsg-1~exp1ubuntu8
Ign:107 http://archive.ubuntu.com/ubuntu noble/main amd64 libpython3.12t64 amd64
 3.12.3-1
Ign:108 http://archive.ubuntu.com/ubuntu noble/main amd64 zlib1g-dev amd64 1:1.3
.dfsg-3.1ubuntu2
Ign:109 http://archive.ubuntu.com/ubuntu noble/main amd64 libpython3.12-dev amd6
4 3.12.3-1
Ign:110 http://archive.ubuntu.com/ubuntu noble/main amd64 libpython3-dev amd64 3
.12.3-0ubuntu1
Ign:111 http://archive.ubuntu.com/ubuntu noble/main amd64 manpages-dev all 6.7-2
Ign:112 http://archive.ubuntu.com/ubuntu noble/main amd64 python3.12-dev amd64 3
.12.3-1
Ign:113 http://archive.ubuntu.com/ubuntu noble/main amd64 python3-dev amd64 3.12
.3-0ubuntu1
Ign:114 http://archive.ubuntu.com/ubuntu noble/main amd64 python3-setuptools all
 68.1.2-2ubuntu1
Ign:115 http://archive.ubuntu.com/ubuntu noble/universe amd64 python3-wheel all
0.42.0-2
Ign:116 http://archive.ubuntu.com/ubuntu noble/universe amd64 python3-pip all 24
.0+dfsg-1ubuntu1
Err:1 http://archive.ubuntu.com/ubuntu noble/main amd64 perl-modules-5.38 all 5.
38.2-3.2build2
  Temporary failure resolving 'archive.ubuntu.com'
Err:2 http://archive.ubuntu.com/ubuntu noble/main amd64 libgdbm-compat4t64 amd64
 1.23-5.1build1
  Temporary failure resolving 'archive.ubuntu.com'
Err:3 http://
Err:3 http://archive.ubuntu.com/ubuntu noble/main amd64 libperl5.38t64 amd64 5.3
8.2-3.2build2
  Temporary failure resolving 'archive.ubuntu.com'
Err:4 http://archive.ubuntu.com/ubuntu noble/main amd64 perl amd64 5.38.2-3.2bui
ld2
  Temporary failure resolving 'archive.ubuntu.com'
Err:5 http://archive.ubuntu.com/ubuntu noble/main amd64 binutils-common amd64 2.
42-4ubuntu2
  Temporary failure resolving 'archive.ubuntu.com'
Err:6 http://archive.ubuntu.com/ubuntu noble/main amd64 libsframe1 amd64 2.42-4u
buntu2
  Temporary failure resolving 'archive.ubuntu.com'
Err:7 http://archive.ubuntu.com/ubuntu noble/main amd64 libbinutils amd64 2.42-4
ubuntu2
  Temporary failure resolving 'archive.ubuntu.com'
Err:8 http://archive.ubuntu.com/ubuntu noble/main amd64 libctf-nobfd0 amd64 2.42
-4ubuntu2
  Temporary failure resolving 'archive.ubuntu.com'
Err:9 http://archive.ubuntu.com/ubuntu noble/main amd64 libctf0 amd64 2.42-4ubun
tu2
  Temporary failure resolving 'archive.ubuntu.com'
Err:10 http://archive.ubuntu.com/ubuntu noble/main amd64 libgprofng0 amd64 2.42-
4ubuntu2
  Temporary failure resolving 'archive.ubuntu.com'
Err:11 http://archive.ubuntu.com/ubuntu noble/main amd64 binutils-x86-64-linux-g
nu amd64 2.42-4ubuntu2
  Temporary failure resolving 'archive.ubuntu.com'
Err:12 http://archive.ubuntu.com/ubuntu noble/main amd64 binutils amd64 2.42-4ub
untu2
  Temporary failure resolving 'archive.ubuntu.com'
Ign:13 http://archive.ubuntu.com/ubuntu noble-updates/main amd64 libc-dev-bin am
d64 2.39-0ubuntu8.1
Err:14 http://archive.ubuntu.com/ubuntu noble/main amd64 linux-libc-dev amd64 6.
8.0-31.31
  Temporary failure resolving 'archive.ubuntu.com'
Err:15 http://archive.ubuntu.com/ubuntu noble/main amd64 libcrypt-dev amd64 1:4.
4.36-4build1
  Temporary failure resolving 'archive.ubuntu.com'
Err:16 http://archive.ubuntu.com/ubuntu noble/main amd64 rpcsvc-proto amd64 1.4.
2-0ubuntu7
  Temporary failure resolving 'archive.ubuntu.com'
Ign:17 http://archive.ubuntu.com/ubuntu noble-updates/main amd64 libc6-dev amd64
 2.39-0ubuntu8.1
Err:13 http://archive.ubuntu.com/ubuntu noble-updates/main amd64 libc-dev-bin am
d64 2.39-0ubuntu8.1
  Temporary failure resolving 'archive.ubuntu.com'
Err:18 http://archive.ubuntu.com/ubuntu noble/main amd64 gcc-13-base amd64 13.2.
0-23ubuntu4
  Temporary failure resolving 'archive.ubuntu.com'
Err:19 http://archive.ubuntu.com/ubuntu noble/main amd64 libisl23 amd64 0.26-3bu
ild1
  Temporary failure resolving 'archive.ubuntu.com'
Err:20 http://archive.ubuntu.com/ubuntu noble/main amd64 libmpfr6 amd64 4.2.1-1b
uild1
  Temporary failure resolving 'archive.ubuntu.com'
Err:21 http://archive.ubuntu.com/ubuntu noble/main amd64 libmpc3 amd64 1.3.1-1bu
ild1
  Temporary failure resolving 'archive.ubuntu.com'
Err:22 http://archive.ubuntu.com/ubuntu noble/main amd64 cpp-13-x86-64-linux-gnu
 amd64 13.2.0-23ubuntu4
  Temporary failure resolving 'archive.ubuntu.com'
Err:23 http://archive.ubuntu.com/ubuntu noble/main amd64 cpp-13 amd64 13.2.0-23u
buntu4
  Temporary failure resolving 'archive.ubuntu.com'
Err:24 http://archive.ubuntu.com/ubuntu noble/main amd64 cpp-x86-64-linux-gnu am
d64 4:13.2.0-7ubuntu1
  Temporary failure resolving 'archive.ubuntu.com'
Err:25 http://archive.ubuntu.com/ubuntu noble/main amd64 cpp amd64 4:13.2.0-7ubu
ntu1
  Temporary failure resolving 'archive.ubuntu.com'
Err:17 http://archive.ubuntu.com/ubuntu noble-updates/main amd64 libc6-dev amd64
 2.39-0ubuntu8.1
  Temporary failure resolving 'archive.ubuntu.com'
Err:26 http://archive.ubuntu.com/ubuntu noble/main amd64 libcc1-0 amd64 14-20240
412-0ubuntu1
  Temporary failure resolving 'archive.ubuntu.com'
Err:27 http://archive.ubuntu.com/ubuntu noble/main amd64 libgomp1 amd64 14-20240
412-0ubuntu1
  Temporary failure resolving 'archive.ubuntu.com'
Err:28 http://archive.ubuntu.com/ubuntu noble/main amd64 libitm1 amd64 14-202404
12-0ubuntu1
  Temporary failure resolving 'archive.ubuntu.com'
Err:29 http://archive.ubuntu.com/ubuntu noble/main amd64 libatomic1 amd64 14-202
40412-0ubuntu1
  Temporary failure resolving 'archive.ubuntu.com'
Err:30 http
Err:30 http://archive.ubuntu.com/ubuntu noble/main amd64 libasan8 amd64 14-20240
412-0ubuntu1
  Temporary failure resolving 'archive.ubuntu.com'
Err:31 http://archive.ubuntu.com/ubuntu noble/main amd64 liblsan0 amd64 14-20240
412-0ubuntu1
  Temporary failure resolving 'archive.ubuntu.com'
Err:32 http://archive.ubuntu.com/ubuntu noble/main amd64 libtsan2 amd64 14-20240
412-0ubuntu1
  Temporary failure resolving 'archive.ubuntu.com'
Err:33 http://archive.ubuntu.com/ubuntu noble/main amd64 libubsan1 amd64 14-2024
0412-0ubuntu1
  Temporary failure resolving 'archive.ubuntu.com'
Err:34 http://archive.ubuntu.com/ubuntu noble/main amd64 libhwasan0 amd64 14-202
40412-0ubuntu1
  Temporary failure resolving 'archive.ubuntu.com'
Err:35 http://archive.ubuntu.com/ubuntu noble/main amd64 libquadmath0 amd64 14-2
0240412-0ubuntu1
  Temporary failure resolving 'archive.ubuntu.com'
Err:36 http://archive.ubuntu.com/ubuntu noble/main amd64 libgcc-13-dev amd64 13.
2.0-23ubuntu4
  Temporary failure resolving 'archive.ubuntu.com'
Err:37 http://archive.ubuntu.com/ubuntu noble/main amd64 gcc-13-x86-64-linux-gnu
 amd64 13.2.0-23ubuntu4
  Temporary failure resolving 'archive.ubuntu.com'
Err:38 http://archive.ubuntu.com/ubuntu noble/main amd64 gcc-13 amd64 13.2.0-23u
buntu4
  Temporary failure resolving 'archive.ubuntu.com'
Err:39 http://archive.ubuntu.com/ubuntu noble/main amd64 gcc-x86-64-linux-gnu am
d64 4:13.2.0-7ubuntu1
  Temporary failure resolving 'archive.ubuntu.com'
Err:40 http://archive.ubuntu.com/ubuntu noble/main amd64 gcc amd64 4:13.2.0-7ubu
ntu1
  Temporary failure resolving 'archive.ubuntu.com'
Err:41 http://archive.ubuntu.com/ubuntu noble/main amd64 libstdc++-13-dev amd64
13.2.0-23ubuntu4
  Temporary failure resolving 'archive.ubuntu.com'
Err:42 http://archive.ubuntu.com/ubuntu noble/main amd64 g++-13-x86-64-linux-gnu
 amd64 13.2.0-23ubuntu4
  Temporary failure resolving 'archive.ubuntu.com'
Err:43 http://archive.ubuntu.com/ubuntu noble/main amd64 g++-13 amd64 13.2.0-23u
buntu4
  Temporary failure resolving 'archive.ubuntu.com'
Err:44 http://archive.ubuntu.com/ubuntu noble/main amd64 g++-x86-64-linux-gnu am
d64 4:13.2.0-7ubuntu1
  Temporary failure resolving 'archive.ubuntu.com'
Err:45 http://archive.ubuntu.com/ubuntu noble/main amd64 g++ amd64 4:13.2.0-7ubu
ntu1
  Temporary failure resolving 'archive.ubuntu.com'
Err:46 http://archive.ubuntu.com/ubuntu noble/main amd64 make amd64 4.3-4.1build
2
  Temporary failure resolving 'archive.ubuntu.com'
Err:47 http://archive.ubuntu.com/ubuntu noble/main amd64 libdpkg-perl all 1.22.6
ubuntu6
  Temporary failure resolving 'archive.ubuntu.com'
Err:48 http://archive.ubuntu.com/ubuntu noble/main amd64 bzip2 amd64 1.0.8-5.1
  Temporary failure resolving 'archive.ubuntu.com'
Err:49 http://archive.ubuntu.com/ubuntu noble/main amd64 patch amd64 2.7.6-7buil
d3
  Temporary failure resolving 'archive.ubuntu.com'
Err:50 http://archive.ubuntu.com/ubuntu noble/main amd64 lto-disabled-list all 4
7
  Temporary failure resolving 'archive.ubuntu.com'
Err:51 http://archive.ubuntu.com/ubuntu noble/main amd64 dpkg-dev all 1.22.6ubun
tu6
  Temporary failure resolving 'archive.ubuntu.com'
Err:52 http://archive.ubuntu.com/ubuntu noble/main amd64 build-essential amd64 1
2.10ubuntu1
  Temporary failure resolving 'archive.ubuntu.com'
Err:53 http://archive.ubuntu.com/ubuntu noble/main amd64 gpgconf amd64 2.4.4-2ub
untu17
  Temporary failure resolving 'archive.ubuntu.com'
Err:54 http://archive.ubuntu.com/ubuntu noble/main amd64 libksba8 amd64 1.6.6-1b
uild1
  Temporary failure resolving 'archive.ubuntu.com'
Err:55 http://archive.ubuntu.com/ubuntu noble/main amd64 libldap2 amd64 2.6.7+df
sg-1~exp1ubuntu8
  Temporary failure resolving 'archive.ubuntu.com'
Err:56 http://archive.ubuntu.com/ubuntu noble/main amd64 dirmngr amd64 2.4.4-2ub
untu17
  Temporary failure resolving 'archive.ubuntu.com'
Err:57 http://archive.ubuntu.com/ubuntu noble/main amd64 libfakeroot amd64 1.33-
1
  Temporary failure resolving 'archive.ubuntu.com'
Err:58 http://archive.ubuntu.com/ubuntu noble/main amd64 fakeroot amd64 1.33-1

  Temporary failure resolving 'archive.ubuntu.com'
Err:59 http://archive.ubuntu.com/ubuntu noble/main amd64 fonts-dejavu-mono all 2
.37-8
  Temporary failure resolving 'archive.ubuntu.com'
Err:60 http://archive.ubuntu.com/ubuntu noble/main amd64 fonts-dejavu-core all 2
.37-8
  Temporary failure resolving 'archive.ubuntu.com'
Err:61 http://archive.ubuntu.com/ubuntu noble/main amd64 fontconfig-config amd64
 2.15.0-1.1ubuntu2
  Temporary failure resolving 'archive.ubuntu.com'
Err:62 http://archive.ubuntu.com/ubuntu noble/main amd64 libbrotli1 amd64 1.1.0-
2build2
  Temporary failure resolving 'archive.ubuntu.com'
Err:63 http://archive.ubuntu.com/ubuntu noble/main amd64 librtmp1 amd64 2.4+2015
1223.gitfa8646d.1-2build7
  Temporary failure resolving 'archive.ubuntu.com'
Err:64 http://archive.ubuntu.com/ubuntu noble/main amd64 libssh-4 amd64 0.10.6-2
build2
  Temporary failure resolving 'archive.ubuntu.com'
Ign:65 http://archive.ubuntu.com/ubuntu noble-updates/main amd64 libcurl3t64-gnu
tls amd64 8.5.0-2ubuntu10.1
Err:66 http://archive.ubuntu.com/ubuntu noble/main amd64 liberror-perl all 0.170
29-2
  Temporary failure resolving 'archive.ubuntu.com'
Err:67 http://archive.ubuntu.com/ubuntu noble/main amd64 git-man all 1:2.43.0-1u
buntu7
  Temporary failure resolving 'archive.ubuntu.com'
Err:68 http://archive.ubuntu.com/ubuntu noble/main amd64 git amd64 1:2.43.0-1ubu
ntu7
  Temporary failure resolving 'archive.ubuntu.com'
Err:65 http://archive.ubuntu.com/ubuntu noble-updates/main amd64 libcurl3t64-gnu
tls amd64 8.5.0-2ubuntu10.1
  Temporary failure resolving 'archive.ubuntu.com'
Err:69 http://archive.ubuntu.com/ubuntu noble/main amd64 gnupg-utils amd64 2.4.4
-2ubuntu17
  Temporary failure resolving 'archive.ubuntu.com'
Err:70 http://archive.ubuntu.com/ubuntu noble/main amd64 gpg amd64 2.4.4-2ubuntu
17
  Temporary failure resolving 'archive.ubuntu.com'
Err:71 http://archive.ubuntu.com/ubuntu noble/main amd64 pinentry-curses amd64 1
.2.1-3ubuntu5
  Temporary failure resolving 'archive.ubuntu.com'
Err:72 http://archive.ubuntu.com/ubuntu noble/main amd64 gpg-agent amd64 2.4.4-2
ubuntu17
  Temporary failure resolving 'archive.ubuntu.com'
Err:73 http://archive.ubuntu.com/ubuntu noble/main amd64 gpgsm amd64 2.4.4-2ubun
tu17
  Temporary failure resolving 'archive.ubuntu.com'
Err:74 http://archive.ubuntu.com/ubuntu noble/main amd64 keyboxd amd64 2.4.4-2ub
untu17
  Temporary failure resolving 'archive.ubuntu.com'
Err:75 http://archive.ubuntu.com/ubuntu noble/main amd64 gnupg all 2.4.4-2ubuntu
17
  Temporary failure resolving 'archive.ubuntu.com'
Err:76 http://archive.ubuntu.com/ubuntu noble/main amd64 gnupg-l10n all 2.4.4-2u
buntu17
  Temporary failure resolving 'archive.ubuntu.com'
Err:77 http://archive.ubuntu.com/ubuntu noble/main amd64 gpg-wks-client amd64 2.
4.4-2ubuntu17
  Temporary failure resolving 'archive.ubuntu.com'
Err:78 http://archive.ubuntu.com/ubuntu noble/main amd64 javascript-common all 1
1+nmu1
  Temporary failure resolving 'archive.ubuntu.com'
Err:79 http://archive.ubuntu.com/ubuntu noble/main amd64 libalgorithm-diff-perl
all 1.201-1
  Temporary failure resolving 'archive.ubuntu.com'
Err:80 http://archive.ubuntu.com/ubuntu noble/main amd64 libalgorithm-diff-xs-pe
rl amd64 0.04-8build3
  Temporary failure resolving 'archive.ubuntu.com'
Err:81 http://archive.ubuntu.com/ubuntu noble/main amd64 libalgorithm-merge-perl
 all 0.08-5
  Temporary failure resolving 'archive.ubuntu.com'
Err:82 http://archive.ubuntu.com/ubuntu noble/main amd64 libaom3 amd64 3.8.2-2bu
ild1
  Temporary failure resolving 'archive.ubuntu.com'
Err:83 http://archive.ubuntu.com/ubuntu noble/main amd64 libfreetype6 amd64 2.13
.2+dfsg-1build3
  Temporary failure resolving 'archive.ubuntu.com'
Err:84 http://archive.ubuntu.com/ubuntu noble/main amd64 libfontconfig1 amd64 2.
15.0-1.1ubuntu2
  Temporary failure resolving 'archive.ubuntu.com'
Err:85 http://archive.ubuntu.com/ubuntu noble/main amd64 libsharpyuv0 amd64 1.3.
2-0.4build3
  Temporary failure resolving 'archive.ubuntu.com'
Err:86 http://archive.ubuntu.com/ubuntu noble/main
Err:86 http://archive.ubuntu.com/ubuntu noble/main amd64 libheif-plugin-aomdec a
md64 1.17.6-1ubuntu4
  Temporary failure resolving 'archive.ubuntu.com'
Err:87 http://archive.ubuntu.com/ubuntu noble/main amd64 libde265-0 amd64 1.0.15
-1build3
  Temporary failure resolving 'archive.ubuntu.com'
Err:88 http://archive.ubuntu.com/ubuntu noble/main amd64 libheif-plugin-libde265
 amd64 1.17.6-1ubuntu4
  Temporary failure resolving 'archive.ubuntu.com'
Err:89 http://archive.ubuntu.com/ubuntu noble/main amd64 libheif1 amd64 1.17.6-1
ubuntu4
  Temporary failure resolving 'archive.ubuntu.com'
Err:90 http://archive.ubuntu.com/ubuntu noble/main amd64 libjpeg-turbo8 amd64 2.
1.5-2ubuntu2
  Temporary failure resolving 'archive.ubuntu.com'
Err:91 http://archive.ubuntu.com/ubuntu noble/main amd64 libjpeg8 amd64 8c-2ubun
tu11
  Temporary failure resolving 'archive.ubuntu.com'
Err:92 http://archive.ubuntu.com/ubuntu noble/main amd64 libdeflate0 amd64 1.19-
1build1
  Temporary failure resolving 'archive.ubuntu.com'
Err:93 http://archive.ubuntu.com/ubuntu noble/main amd64 libjbig0 amd64 2.1-6.1u
buntu2
  Temporary failure resolving 'archive.ubuntu.com'
Err:94 http://archive.ubuntu.com/ubuntu noble/main amd64 liblerc4 amd64 4.0.0+ds
-4ubuntu2
  Temporary failure resolving 'archive.ubuntu.com'
Err:95 http://archive.ubuntu.com/ubuntu noble/main amd64 libwebp7 amd64 1.3.2-0.
4build3
  Temporary failure resolving 'archive.ubuntu.com'
Err:96 http://archive.ubuntu.com/ubuntu noble/main amd64 libtiff6 amd64 4.5.1+gi
t230720-4ubuntu2
  Temporary failure resolving 'archive.ubuntu.com'
Err:97 http://archive.ubuntu.com/ubuntu noble/main amd64 libxpm4 amd64 1:3.5.17-
1build2
  Temporary failure resolving 'archive.ubuntu.com'
Err:98 http://archive.ubuntu.com/ubuntu noble/main amd64 libgd3 amd64 2.3.3-9ubu
ntu5
  Temporary failure resolving 'archive.ubuntu.com'
Ign:99 http://archive.ubuntu.com/ubuntu noble-updates/main amd64 libc-devtools a
md64 2.39-0ubuntu8.1
Err:100 http://archive.ubuntu.com/ubuntu noble/main amd64 libexpat1-dev amd64 2.
6.1-2build1
  Temporary failure resolving 'archive.ubuntu.com'
Err:101 http://archive.ubuntu.com/ubuntu noble/main amd64 libfile-fcntllock-perl
 amd64 0.22-4ubuntu5
  Temporary failure resolving 'archive.ubuntu.com'
Err:102 http://archive.ubuntu.com/ubuntu noble/main amd64 libheif-plugin-aomenc
amd64 1.17.6-1ubuntu4
  Temporary failure resolving 'archive.ubuntu.com'
Err:103 http://archive.ubuntu.com/ubuntu noble/main amd64 libjs-jquery all 3.6.1
+dfsg+~3.5.14-1
  Temporary failure resolving 'archive.ubuntu.com'
Err:104 http://archive.ubuntu.com/ubuntu noble/main amd64 libjs-underscore all 1
.13.4~dfsg+~1.11.4-3
  Temporary failure resolving 'archive.ubuntu.com'
Err:105 http://archive.ubuntu.com/ubuntu noble/main amd64 libjs-sphinxdoc all 7.
2.6-6
  Temporary failure resolving 'archive.ubuntu.com'
Err:106 http://archive.ubuntu.com/ubuntu noble/main amd64 libldap-common all 2.6
.7+dfsg-1~exp1ubuntu8
  Temporary failure resolving 'archive.ubuntu.com'
Err:107 http://archive.ubuntu.com/ubuntu noble/main amd64 libpython3.12t64 amd64
 3.12.3-1
  Temporary failure resolving 'archive.ubuntu.com'
Err:108 http://archive.ubuntu.com/ubuntu noble/main amd64 zlib1g-dev amd64 1:1.3
.dfsg-3.1ubuntu2
  Temporary failure resolving 'archive.ubuntu.com'
Err:109 http://archive.ubuntu.com/ubuntu noble/main amd64 libpython3.12-dev amd6
4 3.12.3-1
  Temporary failure resolving 'archive.ubuntu.com'
Err:99 http://archive.ubuntu.com/ubuntu noble-updates/main amd64 libc-devtools a
md64 2.39-0ubuntu8.1
  Temporary failure resolving 'archive.ubuntu.com'
Err:110 http://archive.ubuntu.com/ubuntu noble/main amd64 libpython3-dev amd64 3
.12.3-0ubuntu1
  Temporary failure resolving 'archive.ubuntu.com'
Err:111 http://archive.ubuntu.com/ubuntu noble/main amd64 manpages-dev all 6.7-2
  Temporary failure resolving 'archive.ubuntu.com'
Err:112 http://archive.ubuntu.com/ubuntu noble/main amd64 python3.12-dev amd64 3
.12.3-1
  Temporary failure resolving 'archive.ubuntu.com'
Err:113 http://archive.ubuntu.com/ubuntu noble/main amd64 python3-dev amd64 3.12
.3-0ubuntu1
  Temporary fai
  Temporary failure resolving 'archive.ubuntu.com'
Err:114 http://archive.ubuntu.com/ubuntu noble/main amd64 python3-setuptools all
 68.1.2-2ubuntu1
  Temporary failure resolving 'archive.ubuntu.com'
Err:115 http://archive.ubuntu.com/ubuntu noble/universe amd64 python3-wheel all
0.42.0-2
  Temporary failure resolving 'archive.ubuntu.com'
Err:116 http://archive.ubuntu.com/ubuntu noble/universe amd64 python3-pip all 24
.0+dfsg-1ubuntu1
  Temporary failure resolving 'archive.ubuntu.com'

ERR:

WARNING: apt does not have a stable CLI interface. Use with caution in scripts.

W: Tried to start delayed item http://archive.ubuntu.com/ubuntu noble-updates/ma
in amd64 libc-devtools amd64 2.39-0ubuntu8.1, but failed
W: Tried to start delayed item http://archive.ubuntu.com/ubuntu noble-updates/ma
in amd64 libc-devtools amd64 2.39-0ubuntu8.1, but failed
W: Tried to start delayed item http://archive.ubuntu.com/ubuntu noble-updates/ma
in amd64 libc-devtools amd64 2.39-0ubuntu8.1, but failed
W: Tried to start delayed item http://archive.ubuntu.com/ubuntu noble-updates/ma
in amd64 libc-devtools amd64 2.39-0ubuntu8.1, but failed
W: Tried to start delayed item http://archive.ubuntu.com/ubuntu noble-updates/ma
in amd64 libc-devtools amd64 2.39-0ubuntu8.1, but failed
W: Tried to start delayed item http://archive.ubuntu.com/ubuntu noble-updates/ma
in amd64 libc-devtools amd64 2.39-0ubuntu8.1, but failed
W: Tried to start delayed item http://archive.ubuntu.com/ubuntu noble-updates/ma
in amd64 libc-devtools amd64 2.39-0ubuntu8.1, but failed
W: Tried to start delayed item http://archive.ubuntu.com/ubuntu noble-updates/ma
in amd64 libc-devtools amd64 2.39-0ubuntu8.1, but failed
W: Tried to start delayed item http://archive.ubuntu.com/ubuntu noble-updates/ma
in amd64 libc-devtools amd64 2.39-0ubuntu8.1, but failed
W: Tried to start delayed item http://archive.ubuntu.com/ubuntu noble-updates/ma
in amd64 libc-devtools amd64 2.39-0ubuntu8.1, but failed
W: Tried to start delayed item http://archive.ubuntu.com/ubuntu noble-updates/ma
in amd64 libc-devtools amd64 2.39-0ubuntu8.1, but failed
W: Tried to start delayed item http://archive.ubuntu.com/ubuntu noble-updates/ma
in amd64 libc-devtools amd64 2.39-0ubuntu8.1, but failed
W: Tried to start delayed item http://archive.ubuntu.com/ubuntu noble-updates/ma
in amd64 libc-devtools amd64 2.39-0ubuntu8.1, but failed
W: Tried to start delayed item http://archive.ubuntu.com/ubuntu noble-updates/ma
in amd64 libc-devtools amd64 2.39-0ubuntu8.1, but failed
W: Tried to start delayed item http://archive.ubuntu.com/ubuntu noble-updates/ma
in amd64 libc-devtools amd64 2.39-0ubuntu8.1, but failed
W: Tried to start delayed item http://archive.ubuntu.com/ubuntu noble-updates/ma
in amd64 libc-devtools amd64 2.39-0ubuntu8.1, but failed
W: Tried to start delayed item http://archive.ubuntu.com/ubuntu noble-updates/ma
in amd64 libc-devtools amd64 2.39-0ubuntu8.1, but failed
W: Tried to start delayed item http://archive.ubuntu.com/ubuntu noble-updates/ma
in amd64 libc-devtools amd64 2.39-0ubuntu8.1, but failed
W: Tried to start delayed item http://archive.ubuntu.com/ubuntu noble-updates/ma
in amd64 libc-devtools amd64 2.39-0ubuntu8.1, but failed
W: Tried to start delayed item http://archive.ubuntu.com/ubuntu noble-updates/ma
in amd64 libc-devtools amd64 2.39-0ubuntu8.1, but failed
W: Tried to start delayed item http://archive.ubuntu.com/ubuntu noble-updates/ma
in amd64 libc-devtools amd64 2.39-0ubuntu8.1, but failed
W: Tried to start delayed item http://archive.ubuntu.com/ubuntu noble-updates/ma
in amd64 libc-devtools amd64 2.39-0ubuntu8.1, but failed
W: Tried to start delayed item http://archive.ubuntu.com/ubuntu noble-updates/ma
in amd64 libc-devtools amd64 2.39-0ubuntu8.1, but failed
W: Tried to start delayed item http://archive.ubuntu.com/ubuntu noble-updates/ma
in amd64 libc-devtools amd64 2.39-0ubuntu8.1, but failed
W: Tried to start delayed item http://archive.ubuntu.com/ubuntu noble-updates/ma
in amd64 libc-devtools amd64 2.39-0ubuntu8.1, but failed
W: Tried to start delayed item http://archive.ubuntu.com/ubuntu noble-upd
W: Tried to start delayed item http://archive.ubuntu.com/ubuntu noble-updates/ma
in amd64 libc-devtools amd64 2.39-0ubuntu8.1, but failed
W: Tried to start delayed item http://archive.ubuntu.com/ubuntu noble-updates/ma
in amd64 libc-devtools amd64 2.39-0ubuntu8.1, but failed
W: Tried to start delayed item http://archive.ubuntu.com/ubuntu noble-updates/ma
in amd64 libc-devtools amd64 2.39-0ubuntu8.1, but failed
W: Tried to start delayed item http://archive.ubuntu.com/ubuntu noble-updates/ma
in amd64 libc-devtools amd64 2.39-0ubuntu8.1, but failed
W: Tried to start delayed item http://archive.ubuntu.com/ubuntu noble-updates/ma
in amd64 libc-devtools amd64 2.39-0ubuntu8.1, but failed
W: Tried to start delayed item http://archive.ubuntu.com/ubuntu noble-updates/ma
in amd64 libc-devtools amd64 2.39-0ubuntu8.1, but failed
W: Tried to start delayed item http://archive.ubuntu.com/ubuntu noble-updates/ma
in amd64 libc-devtools amd64 2.39-0ubuntu8.1, but failed
W: Tried to start delayed item http://archive.ubuntu.com/ubuntu noble-updates/ma
in amd64 libc-devtools amd64 2.39-0ubuntu8.1, but failed
W: Tried to start delayed item http://archive.ubuntu.com/ubuntu noble-updates/ma
in amd64 libc-devtools amd64 2.39-0ubuntu8.1, but failed
W: Tried to start delayed item http://archive.ubuntu.com/ubuntu noble-updates/ma
in amd64 libc-devtools amd64 2.39-0ubuntu8.1, but failed
W: Tried to start delayed item http://archive.ubuntu.com/ubuntu noble-updates/ma
in amd64 libc-devtools amd64 2.39-0ubuntu8.1, but failed
W: Tried to start delayed item http://archive.ubuntu.com/ubuntu noble-updates/ma
in amd64 libc-devtools amd64 2.39-0ubuntu8.1, but failed
W: Tried to start delayed item http://archive.ubuntu.com/ubuntu noble-updates/ma
in amd64 libc-devtools amd64 2.39-0ubuntu8.1, but failed
W: Tried to start delayed item http://archive.ubuntu.com/ubuntu noble-updates/ma
in amd64 libc-devtools amd64 2.39-0ubuntu8.1, but failed
W: Tried to start delayed item http://archive.ubuntu.com/ubuntu noble-updates/ma
in amd64 libc-devtools amd64 2.39-0ubuntu8.1, but failed
W: Tried to start delayed item http://archive.ubuntu.com/ubuntu noble-updates/ma
in amd64 libc-devtools amd64 2.39-0ubuntu8.1, but failed
W: Tried to start delayed item http://archive.ubuntu.com/ubuntu noble-updates/ma
in amd64 libc-devtools amd64 2.39-0ubuntu8.1, but failed
W: Tried to start delayed item http://archive.ubuntu.com/ubuntu noble-updates/ma
in amd64 libc-devtools amd64 2.39-0ubuntu8.1, but failed
W: Tried to start delayed item http://archive.ubuntu.com/ubuntu noble-updates/ma
in amd64 libc-devtools amd64 2.39-0ubuntu8.1, but failed
W: Tried to start delayed item http://archive.ubuntu.com/ubuntu noble-updates/ma
in amd64 libc-devtools amd64 2.39-0ubuntu8.1, but failed
W: Tried to start delayed item http://archive.ubuntu.com/ubuntu noble-updates/ma
in amd64 libc-devtools amd64 2.39-0ubuntu8.1, but failed
W: Tried to start delayed item http://archive.ubuntu.com/ubuntu noble-updates/ma
in amd64 libc-devtools amd64 2.39-0ubuntu8.1, but failed
W: Tried to start delayed item http://archive.ubuntu.com/ubuntu noble-updates/ma
in amd64 libc-devtools amd64 2.39-0ubuntu8.1, but failed
W: Tried to start delayed item http://archive.ubuntu.com/ubuntu noble-updates/ma
in amd64 libc-devtools amd64 2.39-0ubuntu8.1, but failed
W: Tried to start delayed item http://archive.ubuntu.com/ubuntu noble-updates/ma
in amd64 libc-devtools amd64 2.39-0ubuntu8.1, but failed
W: Tried to start delayed item http://archive.ubuntu.com/ubuntu noble-updates/ma
in amd64 libc-devtools amd64 2.39-0ubuntu8.1, but failed
W: Tried to start delayed item http://archive.ubuntu.com/ubuntu noble-updates/ma
in amd64 libc-devtools amd64 2.39-0ubuntu8.1, but failed
W: Tried to start delayed item http://archive.ubuntu.com/ubuntu noble-updates/ma
in amd64 libc-devtools amd64 2.39-0ubuntu8.1, but failed
W: Tried to start delayed item http://archive.ubuntu.com/ubuntu noble-updates/ma
in amd64 libc-devtools amd64 2.39-0ubuntu8.1, but failed
W: Tried to start delayed item http://archive.ubuntu.com/ubuntu noble-updates/ma
in amd64 libc-devtools amd64 2.39-0ubuntu8.1, but failed
W: Tried to start delayed it
W: Tried to start delayed item http://archive.ubuntu.com/ubuntu noble-updates/ma
in amd64 libc-devtools amd64 2.39-0ubuntu8.1, but failed
W: Tried to start delayed item http://archive.ubuntu.com/ubuntu noble-updates/ma
in amd64 libc-devtools amd64 2.39-0ubuntu8.1, but failed
W: Tried to start delayed item http://archive.ubuntu.com/ubuntu noble-updates/ma
in amd64 libc-devtools amd64 2.39-0ubuntu8.1, but failed
W: Tried to start delayed item http://archive.ubuntu.com/ubuntu noble-updates/ma
in amd64 libc-devtools amd64 2.39-0ubuntu8.1, but failed
W: Tried to start delayed item http://archive.ubuntu.com/ubuntu noble-updates/ma
in amd64 libc-devtools amd64 2.39-0ubuntu8.1, but failed
W: Tried to start delayed item http://archive.ubuntu.com/ubuntu noble-updates/ma
in amd64 libc-devtools amd64 2.39-0ubuntu8.1, but failed
W: Tried to start delayed item http://archive.ubuntu.com/ubuntu noble-updates/ma
in amd64 libc-devtools amd64 2.39-0ubuntu8.1, but failed
W: Tried to start delayed item http://archive.ubuntu.com/ubuntu noble-updates/ma
in amd64 libc-devtools amd64 2.39-0ubuntu8.1, but failed
W: Tried to start delayed item http://archive.ubuntu.com/ubuntu noble-updates/ma
in amd64 libc-devtools amd64 2.39-0ubuntu8.1, but failed
W: Tried to start delayed item http://archive.ubuntu.com/ubuntu noble-updates/ma
in amd64 libc-devtools amd64 2.39-0ubuntu8.1, but failed
W: Tried to start delayed item http://archive.ubuntu.com/ubuntu noble-updates/ma
in amd64 libc-devtools amd64 2.39-0ubuntu8.1, but failed
W: Tried to start delayed item http://archive.ubuntu.com/ubuntu noble-updates/ma
in amd64 libc-devtools amd64 2.39-0ubuntu8.1, but failed
W: Tried to start delayed item http://archive.ubuntu.com/ubuntu noble-updates/ma
in amd64 libc-devtools amd64 2.39-0ubuntu8.1, but failed
W: Tried to start delayed item http://archive.ubuntu.com/ubuntu noble-updates/ma
in amd64 libc-devtools amd64 2.39-0ubuntu8.1, but failed
W: Tried to start delayed item http://archive.ubuntu.com/ubuntu noble-updates/ma
in amd64 libc-devtools amd64 2.39-0ubuntu8.1, but failed
W: Tried to start delayed item http://archive.ubuntu.com/ubuntu noble-updates/ma
in amd64 libc-devtools amd64 2.39-0ubuntu8.1, but failed
W: Tried to start delayed item http://archive.ubuntu.com/ubuntu noble-updates/ma
in amd64 libc-devtools amd64 2.39-0ubuntu8.1, but failed
W: Tried to start delayed item http://archive.ubuntu.com/ubuntu noble-updates/ma
in amd64 libc-devtools amd64 2.39-0ubuntu8.1, but failed
W: Tried to start delayed item http://archive.ubuntu.com/ubuntu noble-updates/ma
in amd64 libc-devtools amd64 2.39-0ubuntu8.1, but failed
W: Tried to start delayed item http://archive.ubuntu.com/ubuntu noble-updates/ma
in amd64 libc-devtools amd64 2.39-0ubuntu8.1, but failed
W: Tried to start delayed item http://archive.ubuntu.com/ubuntu noble-updates/ma
in amd64 libc-devtools amd64 2.39-0ubuntu8.1, but failed
W: Tried to start delayed item http://archive.ubuntu.com/ubuntu noble-updates/ma
in amd64 libc-devtools amd64 2.39-0ubuntu8.1, but failed
W: Tried to start delayed item http://archive.ubuntu.com/ubuntu noble-updates/ma
in amd64 libc-devtools amd64 2.39-0ubuntu8.1, but failed
W: Tried to start delayed item http://archive.ubuntu.com/ubuntu noble-updates/ma
in amd64 libc-devtools amd64 2.39-0ubuntu8.1, but failed
W: Tried to start delayed item http://archive.ubuntu.com/ubuntu noble-updates/ma
in amd64 libc-devtools amd64 2.39-0ubuntu8.1, but failed
W: Tried to start delayed item http://archive.ubuntu.com/ubuntu noble-updates/ma
in amd64 libc-devtools amd64 2.39-0ubuntu8.1, but failed
W: Tried to start delayed item http://archive.ubuntu.com/ubuntu noble-updates/ma
in amd64 libc-devtools amd64 2.39-0ubuntu8.1, but failed
W: Tried to start delayed item http://archive.ubuntu.com/ubuntu noble-updates/ma
in amd64 libc-devtools amd64 2.39-0ubuntu8.1, but failed
W: Tried to start delayed item http://archive.ubuntu.com/ubuntu noble-updates/ma
in amd64 libc-devtools amd64 2.39-0ubuntu8.1, but failed
W: Tried to start delayed item http://archive.ubuntu.com/ubuntu noble-updates/ma
in amd64 libc-devtools amd64 2.39-0ubuntu
in amd64 libc-devtools amd64 2.39-0ubuntu8.1, but failed
W: Tried to start delayed item http://archive.ubuntu.com/ubuntu noble-updates/ma
in amd64 libc-devtools amd64 2.39-0ubuntu8.1, but failed
W: Tried to start delayed item http://archive.ubuntu.com/ubuntu noble-updates/ma
in amd64 libc-devtools amd64 2.39-0ubuntu8.1, but failed
W: Tried to start delayed item http://archive.ubuntu.com/ubuntu noble-updates/ma
in amd64 libc-devtools amd64 2.39-0ubuntu8.1, but failed
W: Tried to start delayed item http://archive.ubuntu.com/ubuntu noble-updates/ma
in amd64 libc-devtools amd64 2.39-0ubuntu8.1, but failed
W: Tried to start delayed item http://archive.ubuntu.com/ubuntu noble-updates/ma
in amd64 libc-devtools amd64 2.39-0ubuntu8.1, but failed
W: Tried to start delayed item http://archive.ubuntu.com/ubuntu noble-updates/ma
in amd64 libc-devtools amd64 2.39-0ubuntu8.1, but failed
W: Tried to start delayed item http://archive.ubuntu.com/ubuntu noble-updates/ma
in amd64 libc-devtools amd64 2.39-0ubuntu8.1, but failed
W: Tried to start delayed item http://archive.ubuntu.com/ubuntu noble-updates/ma
in amd64 libc-devtools amd64 2.39-0ubuntu8.1, but failed
W: Tried to start delayed item http://archive.ubuntu.com/ubuntu noble-updates/ma
in amd64 libc-devtools amd64 2.39-0ubuntu8.1, but failed
W: Tried to start delayed item http://archive.ubuntu.com/ubuntu noble-updates/ma
in amd64 libc-devtools amd64 2.39-0ubuntu8.1, but failed
W: Tried to start delayed item http://archive.ubuntu.com/ubuntu noble-updates/ma
in amd64 libc-devtools amd64 2.39-0ubuntu8.1, but failed
W: Tried to start delayed item http://archive.ubuntu.com/ubuntu noble-updates/ma
in amd64 libc-devtools amd64 2.39-0ubuntu8.1, but failed
W: Tried to start delayed item http://archive.ubuntu.com/ubuntu noble-updates/ma
in amd64 libc-devtools amd64 2.39-0ubuntu8.1, but failed
W: Tried to start delayed item http://archive.ubuntu.com/ubuntu noble-updates/ma
in amd64 libc-devtools amd64 2.39-0ubuntu8.1, but failed
W: Tried to start delayed item http://archive.ubuntu.com/ubuntu noble-updates/ma
in amd64 libc-devtools amd64 2.39-0ubuntu8.1, but failed
W: Tried to start delayed item http://archive.ubuntu.com/ubuntu noble-updates/ma
in amd64 libc-devtools amd64 2.39-0ubuntu8.1, but failed
W: Tried to start delayed item http://archive.ubuntu.com/ubuntu noble-updates/ma
in amd64 libc-devtools amd64 2.39-0ubuntu8.1, but failed
W: Tried to start delayed item http://archive.ubuntu.com/ubuntu noble-updates/ma
in amd64 libc-devtools amd64 2.39-0ubuntu8.1, but failed
W: Tried to start delayed item http://archive.ubuntu.com/ubuntu noble-updates/ma
in amd64 libc-devtools amd64 2.39-0ubuntu8.1, but failed
W: Tried to start delayed item http://archive.ubuntu.com/ubuntu noble-updates/ma
in amd64 libc-devtools amd64 2.39-0ubuntu8.1, but failed
W: Tried to start delayed item http://archive.ubuntu.com/ubuntu noble-updates/ma
in amd64 libc-devtools amd64 2.39-0ubuntu8.1, but failed
W: Tried to start delayed item http://archive.ubuntu.com/ubuntu noble-updates/ma
in amd64 libc-devtools amd64 2.39-0ubuntu8.1, but failed
W: Tried to start delayed item http://archive.ubuntu.com/ubuntu noble-updates/ma
in amd64 libc-devtools amd64 2.39-0ubuntu8.1, but failed
W: Tried to start delayed item http://archive.ubuntu.com/ubuntu noble-updates/ma
in amd64 libc-devtools amd64 2.39-0ubuntu8.1, but failed
W: Tried to start delayed item http://archive.ubuntu.com/ubuntu noble-updates/ma
in amd64 libc-devtools amd64 2.39-0ubuntu8.1, but failed
W: Tried to start delayed item http://archive.ubuntu.com/ubuntu noble-updates/ma
in amd64 libc-devtools amd64 2.39-0ubuntu8.1, but failed
W: Tried to start delayed item http://archive.ubuntu.com/ubuntu noble-updates/ma
in amd64 libc-devtools amd64 2.39-0ubuntu8.1, but failed
W: Tried to start delayed item http://archive.ubuntu.com/ubuntu noble-updates/ma
in amd64 libc-devtools amd64 2.39-0ubuntu8.1, but failed
W: Tried to start delayed item http://archive.ubuntu.com/ubuntu noble-updates/ma
in amd64 libc-devtools amd64 2.39-0ubuntu8.1, but failed
W: Tried to start delayed item http://archive.ubuntu.com/ubuntu noble-update
W: Tried to start delayed item http://archive.ubuntu.com/ubuntu noble-updates/ma
in amd64 libc-devtools amd64 2.39-0ubuntu8.1, but failed
W: Tried to start delayed item http://archive.ubuntu.com/ubuntu noble-updates/ma
in amd64 libc-devtools amd64 2.39-0ubuntu8.1, but failed
W: Tried to start delayed item http://archive.ubuntu.com/ubuntu noble-updates/ma
in amd64 libc-devtools amd64 2.39-0ubuntu8.1, but failed
W: Tried to start delayed item http://archive.ubuntu.com/ubuntu noble-updates/ma
in amd64 libc-devtools amd64 2.39-0ubuntu8.1, but failed
W: Tried to start delayed item http://archive.ubuntu.com/ubuntu noble-updates/ma
in amd64 libc-devtools amd64 2.39-0ubuntu8.1, but failed
W: Tried to start delayed item http://archive.ubuntu.com/ubuntu noble-updates/ma
in amd64 libc-devtools amd64 2.39-0ubuntu8.1, but failed
W: Tried to start delayed item http://archive.ubuntu.com/ubuntu noble-updates/ma
in amd64 libc-devtools amd64 2.39-0ubuntu8.1, but failed
W: Tried to start delayed item http://archive.ubuntu.com/ubuntu noble-updates/ma
in amd64 libc-devtools amd64 2.39-0ubuntu8.1, but failed
W: Tried to start delayed item http://archive.ubuntu.com/ubuntu noble-updates/ma
in amd64 libc-devtools amd64 2.39-0ubuntu8.1, but failed
W: Tried to start delayed item http://archive.ubuntu.com/ubuntu noble-updates/ma
in amd64 libc-devtools amd64 2.39-0ubuntu8.1, but failed
W: Tried to start delayed item http://archive.ubuntu.com/ubuntu noble-updates/ma
in amd64 libc-devtools amd64 2.39-0ubuntu8.1, but failed
W: Tried to start delayed item http://archive.ubuntu.com/ubuntu noble-updates/ma
in amd64 libc-devtools amd64 2.39-0ubuntu8.1, but failed
W: Tried to start delayed item http://archive.ubuntu.com/ubuntu noble-updates/ma
in amd64 libc-devtools amd64 2.39-0ubuntu8.1, but failed
W: Tried to start delayed item http://archive.ubuntu.com/ubuntu noble-updates/ma
in amd64 libc-devtools amd64 2.39-0ubuntu8.1, but failed
W: Tried to start delayed item http://archive.ubuntu.com/ubuntu noble-updates/ma
in amd64 libc-devtools amd64 2.39-0ubuntu8.1, but failed
W: Tried to start delayed item http://archive.ubuntu.com/ubuntu noble-updates/ma
in amd64 libc-devtools amd64 2.39-0ubuntu8.1, but failed
W: Tried to start delayed item http://archive.ubuntu.com/ubuntu noble-updates/ma
in amd64 libc-devtools amd64 2.39-0ubuntu8.1, but failed
W: Tried to start delayed item http://archive.ubuntu.com/ubuntu noble-updates/ma
in amd64 libc-devtools amd64 2.39-0ubuntu8.1, but failed
W: Tried to start delayed item http://archive.ubuntu.com/ubuntu noble-updates/ma
in amd64 libc-devtools amd64 2.39-0ubuntu8.1, but failed
W: Tried to start delayed item http://archive.ubuntu.com/ubuntu noble-updates/ma
in amd64 libc-devtools amd64 2.39-0ubuntu8.1, but failed
W: Tried to start delayed item http://archive.ubuntu.com/ubuntu noble-updates/ma
in amd64 libc-devtools amd64 2.39-0ubuntu8.1, but failed
W: Tried to start delayed item http://archive.ubuntu.com/ubuntu noble-updates/ma
in amd64 libc-devtools amd64 2.39-0ubuntu8.1, but failed
W: Tried to start delayed item http://archive.ubuntu.com/ubuntu noble-updates/ma
in amd64 libc-devtools amd64 2.39-0ubuntu8.1, but failed
W: Tried to start delayed item http://archive.ubuntu.com/ubuntu noble-updates/ma
in amd64 libc-devtools amd64 2.39-0ubuntu8.1, but failed
W: Tried to start delayed item http://archive.ubuntu.com/ubuntu noble-updates/ma
in amd64 libc-devtools amd64 2.39-0ubuntu8.1, but failed
W: Tried to start delayed item http://archive.ubuntu.com/ubuntu noble-updates/ma
in amd64 libc-devtools amd64 2.39-0ubuntu8.1, but failed
W: Tried to start delayed item http://archive.ubuntu.com/ubuntu noble-updates/ma
in amd64 libc-devtools amd64 2.39-0ubuntu8.1, but failed
W: Tried to start delayed item http://archive.ubuntu.com/ubuntu noble-updates/ma
in amd64 libc-devtools amd64 2.39-0ubuntu8.1, but failed
W: Tried to start delayed item http://archive.ubuntu.com/ubuntu noble-updates/ma
in amd64 libc-devtools amd64 2.39-0ubuntu8.1, but failed
W: Tried to start delayed item http://archive.ubuntu.com/ubuntu noble-updates/ma
in amd64 libc-devtools amd64 2.39-0ubuntu8.1, but failed
W: Tried to start delayed item
W: Tried to start delayed item http://archive.ubuntu.com/ubuntu noble-updates/ma
in amd64 libc-devtools amd64 2.39-0ubuntu8.1, but failed
W: Tried to start delayed item http://archive.ubuntu.com/ubuntu noble-updates/ma
in amd64 libc-devtools amd64 2.39-0ubuntu8.1, but failed
W: Tried to start delayed item http://archive.ubuntu.com/ubuntu noble-updates/ma
in amd64 libc-devtools amd64 2.39-0ubuntu8.1, but failed
W: Tried to start delayed item http://archive.ubuntu.com/ubuntu noble-updates/ma
in amd64 libc-devtools amd64 2.39-0ubuntu8.1, but failed
W: Tried to start delayed item http://archive.ubuntu.com/ubuntu noble-updates/ma
in amd64 libc-devtools amd64 2.39-0ubuntu8.1, but failed
W: Tried to start delayed item http://archive.ubuntu.com/ubuntu noble-updates/ma
in amd64 libc-devtools amd64 2.39-0ubuntu8.1, but failed
W: Tried to start delayed item http://archive.ubuntu.com/ubuntu noble-updates/ma
in amd64 libc-devtools amd64 2.39-0ubuntu8.1, but failed
W: Tried to start delayed item http://archive.ubuntu.com/ubuntu noble-updates/ma
in amd64 libc-devtools amd64 2.39-0ubuntu8.1, but failed
W: Tried to start delayed item http://archive.ubuntu.com/ubuntu noble-updates/ma
in amd64 libc-devtools amd64 2.39-0ubuntu8.1, but failed
W: Tried to start delayed item http://archive.ubuntu.com/ubuntu noble-updates/ma
in amd64 libc-devtools amd64 2.39-0ubuntu8.1, but failed
W: Tried to start delayed item http://archive.ubuntu.com/ubuntu noble-updates/ma
in amd64 libc-devtools amd64 2.39-0ubuntu8.1, but failed
W: Tried to start delayed item http://archive.ubuntu.com/ubuntu noble-updates/ma
in amd64 libc-devtools amd64 2.39-0ubuntu8.1, but failed
W: Tried to start delayed item http://archive.ubuntu.com/ubuntu noble-updates/ma
in amd64 libc-devtools amd64 2.39-0ubuntu8.1, but failed
W: Tried to start delayed item http://archive.ubuntu.com/ubuntu noble-updates/ma
in amd64 libc-devtools amd64 2.39-0ubuntu8.1, but failed
W: Tried to start delayed item http://archive.ubuntu.com/ubuntu noble-updates/ma
in amd64 libc-devtools amd64 2.39-0ubuntu8.1, but failed
W: Tried to start delayed item http://archive.ubuntu.com/ubuntu noble-updates/ma
in amd64 libc-devtools amd64 2.39-0ubuntu8.1, but failed
W: Tried to start delayed item http://archive.ubuntu.com/ubuntu noble-updates/ma
in amd64 libc-devtools amd64 2.39-0ubuntu8.1, but failed
W: Tried to start delayed item http://archive.ubuntu.com/ubuntu noble-updates/ma
in amd64 libc-devtools amd64 2.39-0ubuntu8.1, but failed
W: Tried to start delayed item http://archive.ubuntu.com/ubuntu noble-updates/ma
in amd64 libc-devtools amd64 2.39-0ubuntu8.1, but failed
W: Tried to start delayed item http://archive.ubuntu.com/ubuntu noble-updates/ma
in amd64 libc-devtools amd64 2.39-0ubuntu8.1, but failed
W: Tried to start delayed item http://archive.ubuntu.com/ubuntu noble-updates/ma
in amd64 libc-devtools amd64 2.39-0ubuntu8.1, but failed
W: Tried to start delayed item http://archive.ubuntu.com/ubuntu noble-updates/ma
in amd64 libc-devtools amd64 2.39-0ubuntu8.1, but failed
W: Tried to start delayed item http://archive.ubuntu.com/ubuntu noble-updates/ma
in amd64 libc-devtools amd64 2.39-0ubuntu8.1, but failed
W: Tried to start delayed item http://archive.ubuntu.com/ubuntu noble-updates/ma
in amd64 libc-devtools amd64 2.39-0ubuntu8.1, but failed
W: Tried to start delayed item http://archive.ubuntu.com/ubuntu noble-updates/ma
in amd64 libc-devtools amd64 2.39-0ubuntu8.1, but failed
W: Tried to start delayed item http://archive.ubuntu.com/ubuntu noble-updates/ma
in amd64 libc-devtools amd64 2.39-0ubuntu8.1, but failed
W: Tried to start delayed item http://archive.ubuntu.com/ubuntu noble-updates/ma
in amd64 libc-devtools amd64 2.39-0ubuntu8.1, but failed
W: Tried to start delayed item http://archive.ubuntu.com/ubuntu noble-updates/ma
in amd64 libc-devtools amd64 2.39-0ubuntu8.1, but failed
W: Tried to start delayed item http://archive.ubuntu.com/ubuntu noble-updates/ma
in amd64 libc-devtools amd64 2.39-0ubuntu8.1, but failed
W: Tried to start delayed item http://archive.ubuntu.com/ubuntu noble-updates/ma
in amd64 libc-devtools amd64 2.39-0ubuntu8.1
in amd64 libc-devtools amd64 2.39-0ubuntu8.1, but failed
W: Tried to start delayed item http://archive.ubuntu.com/ubuntu noble-updates/ma
in amd64 libc-devtools amd64 2.39-0ubuntu8.1, but failed
W: Tried to start delayed item http://archive.ubuntu.com/ubuntu noble-updates/ma
in amd64 libc-devtools amd64 2.39-0ubuntu8.1, but failed
W: Tried to start delayed item http://archive.ubuntu.com/ubuntu noble-updates/ma
in amd64 libc-devtools amd64 2.39-0ubuntu8.1, but failed
W: Tried to start delayed item http://archive.ubuntu.com/ubuntu noble-updates/ma
in amd64 libc-devtools amd64 2.39-0ubuntu8.1, but failed
W: Tried to start delayed item http://archive.ubuntu.com/ubuntu noble-updates/ma
in amd64 libc-devtools amd64 2.39-0ubuntu8.1, but failed
W: Tried to start delayed item http://archive.ubuntu.com/ubuntu noble-updates/ma
in amd64 libc-devtools amd64 2.39-0ubuntu8.1, but failed
W: Tried to start delayed item http://archive.ubuntu.com/ubuntu noble-updates/ma
in amd64 libc-devtools amd64 2.39-0ubuntu8.1, but failed
W: Tried to start delayed item http://archive.ubuntu.com/ubuntu noble-updates/ma
in amd64 libc-devtools amd64 2.39-0ubuntu8.1, but failed
W: Tried to start delayed item http://archive.ubuntu.com/ubuntu noble-updates/ma
in amd64 libc-devtools amd64 2.39-0ubuntu8.1, but failed
W: Tried to start delayed item http://archive.ubuntu.com/ubuntu noble-updates/ma
in amd64 libc-devtools amd64 2.39-0ubuntu8.1, but failed
W: Tried to start delayed item http://archive.ubuntu.com/ubuntu noble-updates/ma
in amd64 libc-devtools amd64 2.39-0ubuntu8.1, but failed
W: Tried to start delayed item http://archive.ubuntu.com/ubuntu noble-updates/ma
in amd64 libc-devtools amd64 2.39-0ubuntu8.1, but failed
W: Tried to start delayed item http://archive.ubuntu.com/ubuntu noble-updates/ma
in amd64 libc-devtools amd64 2.39-0ubuntu8.1, but failed
W: Tried to start delayed item http://archive.ubuntu.com/ubuntu noble-updates/ma
in amd64 libc-devtools amd64 2.39-0ubuntu8.1, but failed
W: Tried to start delayed item http://archive.ubuntu.com/ubuntu noble-updates/ma
in amd64 libc-devtools amd64 2.39-0ubuntu8.1, but failed
W: Tried to start delayed item http://archive.ubuntu.com/ubuntu noble-updates/ma
in amd64 libc-devtools amd64 2.39-0ubuntu8.1, but failed
W: Tried to start delayed item http://archive.ubuntu.com/ubuntu noble-updates/ma
in amd64 libc-devtools amd64 2.39-0ubuntu8.1, but failed
W: Tried to start delayed item http://archive.ubuntu.com/ubuntu noble-updates/ma
in amd64 libc-devtools amd64 2.39-0ubuntu8.1, but failed
W: Tried to start delayed item http://archive.ubuntu.com/ubuntu noble-updates/ma
in amd64 libc-devtools amd64 2.39-0ubuntu8.1, but failed
W: Tried to start delayed item http://archive.ubuntu.com/ubuntu noble-updates/ma
in amd64 libc-devtools amd64 2.39-0ubuntu8.1, but failed
W: Tried to start delayed item http://archive.ubuntu.com/ubuntu noble-updates/ma
in amd64 libc-devtools amd64 2.39-0ubuntu8.1, but failed
W: Tried to start delayed item http://archive.ubuntu.com/ubuntu noble-updates/ma
in amd64 libc-devtools amd64 2.39-0ubuntu8.1, but failed
W: Tried to start delayed item http://archive.ubuntu.com/ubuntu noble-updates/ma
in amd64 libc-devtools amd64 2.39-0ubuntu8.1, but failed
W: Tried to start delayed item http://archive.ubuntu.com/ubuntu noble-updates/ma
in amd64 libc-devtools amd64 2.39-0ubuntu8.1, but failed
W: Tried to start delayed item http://archive.ubuntu.com/ubuntu noble-updates/ma
in amd64 libc-devtools amd64 2.39-0ubuntu8.1, but failed
W: Tried to start delayed item http://archive.ubuntu.com/ubuntu noble-updates/ma
in amd64 libc-devtools amd64 2.39-0ubuntu8.1, but failed
W: Tried to start delayed item http://archive.ubuntu.com/ubuntu noble-updates/ma
in amd64 libc-devtools amd64 2.39-0ubuntu8.1, but failed
W: Tried to start delayed item http://archive.ubuntu.com/ubuntu noble-updates/ma
in amd64 libc-devtools amd64 2.39-0ubuntu8.1, but failed
W: Tried to start delayed item http://archive.ubuntu.com/ubuntu noble-updates/ma
in amd64 libc-devtools amd64 2.39-0ubuntu8.1, but failed
W: Tried to start delayed item http://archive.ubuntu.com/ubuntu noble-updates/m
W: Tried to start delayed item http://archive.ubuntu.com/ubuntu noble-updates/ma
in amd64 libc-devtools amd64 2.39-0ubuntu8.1, but failed
W: Tried to start delayed item http://archive.ubuntu.com/ubuntu noble-updates/ma
in amd64 libc-devtools amd64 2.39-0ubuntu8.1, but failed
W: Tried to start delayed item http://archive.ubuntu.com/ubuntu noble-updates/ma
in amd64 libc-devtools amd64 2.39-0ubuntu8.1, but failed
W: Tried to start delayed item http://archive.ubuntu.com/ubuntu noble-updates/ma
in amd64 libc-devtools amd64 2.39-0ubuntu8.1, but failed
W: Tried to start delayed item http://archive.ubuntu.com/ubuntu noble-updates/ma
in amd64 libc-devtools amd64 2.39-0ubuntu8.1, but failed
W: Tried to start delayed item http://archive.ubuntu.com/ubuntu noble-updates/ma
in amd64 libc-devtools amd64 2.39-0ubuntu8.1, but failed
W: Tried to start delayed item http://archive.ubuntu.com/ubuntu noble-updates/ma
in amd64 libc-devtools amd64 2.39-0ubuntu8.1, but failed
W: Tried to start delayed item http://archive.ubuntu.com/ubuntu noble-updates/ma
in amd64 libc-devtools amd64 2.39-0ubuntu8.1, but failed
W: Tried to start delayed item http://archive.ubuntu.com/ubuntu noble-updates/ma
in amd64 libc-devtools amd64 2.39-0ubuntu8.1, but failed
W: Tried to start delayed item http://archive.ubuntu.com/ubuntu noble-updates/ma
in amd64 libc-devtools amd64 2.39-0ubuntu8.1, but failed
W: Tried to start delayed item http://archive.ubuntu.com/ubuntu noble-updates/ma
in amd64 libc-devtools amd64 2.39-0ubuntu8.1, but failed
W: Tried to start delayed item http://archive.ubuntu.com/ubuntu noble-updates/ma
in amd64 libc-devtools amd64 2.39-0ubuntu8.1, but failed
W: Tried to start delayed item http://archive.ubuntu.com/ubuntu noble-updates/ma
in amd64 libc-devtools amd64 2.39-0ubuntu8.1, but failed
W: Tried to start delayed item http://archive.ubuntu.com/ubuntu noble-updates/ma
in amd64 libc-devtools amd64 2.39-0ubuntu8.1, but failed
W: Tried to start delayed item http://archive.ubuntu.com/ubuntu noble-updates/ma
in amd64 libc-devtools amd64 2.39-0ubuntu8.1, but failed
W: Tried to start delayed item http://archive.ubuntu.com/ubuntu noble-updates/ma
in amd64 libc-devtools amd64 2.39-0ubuntu8.1, but failed
W: Tried to start delayed item http://archive.ubuntu.com/ubuntu noble-updates/ma
in amd64 libc-devtools amd64 2.39-0ubuntu8.1, but failed
W: Tried to start delayed item http://archive.ubuntu.com/ubuntu noble-updates/ma
in amd64 libc-devtools amd64 2.39-0ubuntu8.1, but failed
W: Tried to start delayed item http://archive.ubuntu.com/ubuntu noble-updates/ma
in amd64 libc-devtools amd64 2.39-0ubuntu8.1, but failed
W: Tried to start delayed item http://archive.ubuntu.com/ubuntu noble-updates/ma
in amd64 libc-devtools amd64 2.39-0ubuntu8.1, but failed
W: Tried to start delayed item http://archive.ubuntu.com/ubuntu noble-updates/ma
in amd64 libc-devtools amd64 2.39-0ubuntu8.1, but failed
W: Tried to start delayed item http://archive.ubuntu.com/ubuntu noble-updates/ma
in amd64 libc-devtools amd64 2.39-0ubuntu8.1, but failed
W: Tried to start delayed item http://archive.ubuntu.com/ubuntu noble-updates/ma
in amd64 libc-devtools amd64 2.39-0ubuntu8.1, but failed
W: Tried to start delayed item http://archive.ubuntu.com/ubuntu noble-updates/ma
in amd64 libc-devtools amd64 2.39-0ubuntu8.1, but failed
W: Tried to start delayed item http://archive.ubuntu.com/ubuntu noble-updates/ma
in amd64 libc-devtools amd64 2.39-0ubuntu8.1, but failed
W: Tried to start delayed item http://archive.ubuntu.com/ubuntu noble-updates/ma
in amd64 libc-devtools amd64 2.39-0ubuntu8.1, but failed
W: Tried to start delayed item http://archive.ubuntu.com/ubuntu noble-updates/ma
in amd64 libc-devtools amd64 2.39-0ubuntu8.1, but failed
W: Tried to start delayed item http://archive.ubuntu.com/ubuntu noble-updates/ma
in amd64 libc-devtools amd64 2.39-0ubuntu8.1, but failed
W: Tried to start delayed item http://archive.ubuntu.com/ubuntu noble-updates/ma
in amd64 libc-devtools amd64 2.39-0ubuntu8.1, but failed
W: Tried to start delayed item http://archive.ubuntu.com/ubuntu noble-updates/ma
in amd64 libc-devtools amd64 2.39-0ubuntu8.1, but failed
W: Tried to start delayed item htt
W: Tried to start delayed item http://archive.ubuntu.com/ubuntu noble-updates/ma
in amd64 libc-devtools amd64 2.39-0ubuntu8.1, but failed
W: Tried to start delayed item http://archive.ubuntu.com/ubuntu noble-updates/ma
in amd64 libc-devtools amd64 2.39-0ubuntu8.1, but failed
W: Tried to start delayed item http://archive.ubuntu.com/ubuntu noble-updates/ma
in amd64 libc-devtools amd64 2.39-0ubuntu8.1, but failed
W: Tried to start delayed item http://archive.ubuntu.com/ubuntu noble-updates/ma
in amd64 libc-devtools amd64 2.39-0ubuntu8.1, but failed
W: Tried to start delayed item http://archive.ubuntu.com/ubuntu noble-updates/ma
in amd64 libc-devtools amd64 2.39-0ubuntu8.1, but failed
W: Tried to start delayed item http://archive.ubuntu.com/ubuntu noble-updates/ma
in amd64 libc-devtools amd64 2.39-0ubuntu8.1, but failed
W: Tried to start delayed item http://archive.ubuntu.com/ubuntu noble-updates/ma
in amd64 libc-devtools amd64 2.39-0ubuntu8.1, but failed
W: Tried to start delayed item http://archive.ubuntu.com/ubuntu noble-updates/ma
in amd64 libc-devtools amd64 2.39-0ubuntu8.1, but failed
W: Tried to start delayed item http://archive.ubuntu.com/ubuntu noble-updates/ma
in amd64 libc-devtools amd64 2.39-0ubuntu8.1, but failed
W: Tried to start delayed item http://archive.ubuntu.com/ubuntu noble-updates/ma
in amd64 libc-devtools amd64 2.39-0ubuntu8.1, but failed
W: Tried to start delayed item http://archive.ubuntu.com/ubuntu noble-updates/ma
in amd64 libc-devtools amd64 2.39-0ubuntu8.1, but failed
W: Tried to start delayed item http://archive.ubuntu.com/ubuntu noble-updates/ma
in amd64 libc-devtools amd64 2.39-0ubuntu8.1, but failed
W: Tried to start delayed item http://archive.ubuntu.com/ubuntu noble-updates/ma
in amd64 libc-devtools amd64 2.39-0ubuntu8.1, but failed
W: Tried to start delayed item http://archive.ubuntu.com/ubuntu noble-updates/ma
in amd64 libc-devtools amd64 2.39-0ubuntu8.1, but failed
W: Tried to start delayed item http://archive.ubuntu.com/ubuntu noble-updates/ma
in amd64 libc-devtools amd64 2.39-0ubuntu8.1, but failed
W: Tried to start delayed item http://archive.ubuntu.com/ubuntu noble-updates/ma
in amd64 libc-devtools amd64 2.39-0ubuntu8.1, but failed
W: Tried to start delayed item http://archive.ubuntu.com/ubuntu noble-updates/ma
in amd64 libc-devtools amd64 2.39-0ubuntu8.1, but failed
W: Tried to start delayed item http://archive.ubuntu.com/ubuntu noble-updates/ma
in amd64 libc-devtools amd64 2.39-0ubuntu8.1, but failed
W: Tried to start delayed item http://archive.ubuntu.com/ubuntu noble-updates/ma
in amd64 libc-devtools amd64 2.39-0ubuntu8.1, but failed
W: Tried to start delayed item http://archive.ubuntu.com/ubuntu noble-updates/ma
in amd64 libc-devtools amd64 2.39-0ubuntu8.1, but failed
W: Tried to start delayed item http://archive.ubuntu.com/ubuntu noble-updates/ma
in amd64 libc-devtools amd64 2.39-0ubuntu8.1, but failed
W: Tried to start delayed item http://archive.ubuntu.com/ubuntu noble-updates/ma
in amd64 libc-devtools amd64 2.39-0ubuntu8.1, but failed
W: Tried to start delayed item http://archive.ubuntu.com/ubuntu noble-updates/ma
in amd64 libc-devtools amd64 2.39-0ubuntu8.1, but failed
W: Tried to start delayed item http://archive.ubuntu.com/ubuntu noble-updates/ma
in amd64 libc-devtools amd64 2.39-0ubuntu8.1, but failed
W: Tried to start delayed item http://archive.ubuntu.com/ubuntu noble-updates/ma
in amd64 libc-devtools amd64 2.39-0ubuntu8.1, but failed
W: Tried to start delayed item http://archive.ubuntu.com/ubuntu noble-updates/ma
in amd64 libc-devtools amd64 2.39-0ubuntu8.1, but failed
W: Tried to start delayed item http://archive.ubuntu.com/ubuntu noble-updates/ma
in amd64 libc-devtools amd64 2.39-0ubuntu8.1, but failed
W: Tried to start delayed item http://archive.ubuntu.com/ubuntu noble-updates/ma
in amd64 libc-devtools amd64 2.39-0ubuntu8.1, but failed
W: Tried to start delayed item http://archive.ubuntu.com/ubuntu noble-updates/ma
in amd64 libc-devtools amd64 2.39-0ubuntu8.1, but failed
W: Tried to start delayed item http://archive.ubuntu.com/ubuntu noble-updates/ma
in amd64 libc-devtools amd64 2.39-0ubuntu8.1, b
in amd64 libc-devtools amd64 2.39-0ubuntu8.1, but failed
W: Tried to start delayed item http://archive.ubuntu.com/ubuntu noble-updates/ma
in amd64 libc-devtools amd64 2.39-0ubuntu8.1, but failed
W: Tried to start delayed item http://archive.ubuntu.com/ubuntu noble-updates/ma
in amd64 libc-devtools amd64 2.39-0ubuntu8.1, but failed
W: Tried to start delayed item http://archive.ubuntu.com/ubuntu noble-updates/ma
in amd64 libc-devtools amd64 2.39-0ubuntu8.1, but failed
W: Tried to start delayed item http://archive.ubuntu.com/ubuntu noble-updates/ma
in amd64 libc-devtools amd64 2.39-0ubuntu8.1, but failed
W: Tried to start delayed item http://archive.ubuntu.com/ubuntu noble-updates/ma
in amd64 libc-devtools amd64 2.39-0ubuntu8.1, but failed
W: Tried to start delayed item http://archive.ubuntu.com/ubuntu noble-updates/ma
in amd64 libc-devtools amd64 2.39-0ubuntu8.1, but failed
W: Tried to start delayed item http://archive.ubuntu.com/ubuntu noble-updates/ma
in amd64 libc-devtools amd64 2.39-0ubuntu8.1, but failed
W: Tried to start delayed item http://archive.ubuntu.com/ubuntu noble-updates/ma
in amd64 libc-devtools amd64 2.39-0ubuntu8.1, but failed
W: Tried to start delayed item http://archive.ubuntu.com/ubuntu noble-updates/ma
in amd64 libc-devtools amd64 2.39-0ubuntu8.1, but failed
W: Tried to start delayed item http://archive.ubuntu.com/ubuntu noble-updates/ma
in amd64 libc-devtools amd64 2.39-0ubuntu8.1, but failed
W: Tried to start delayed item http://archive.ubuntu.com/ubuntu noble-updates/ma
in amd64 libc-devtools amd64 2.39-0ubuntu8.1, but failed
W: Tried to start delayed item http://archive.ubuntu.com/ubuntu noble-updates/ma
in amd64 libc-devtools amd64 2.39-0ubuntu8.1, but failed
W: Tried to start delayed item http://archive.ubuntu.com/ubuntu noble-updates/ma
in amd64 libc-devtools amd64 2.39-0ubuntu8.1, but failed
W: Tried to start delayed item http://archive.ubuntu.com/ubuntu noble-updates/ma
in amd64 libc-devtools amd64 2.39-0ubuntu8.1, but failed
W: Tried to start delayed item http://archive.ubuntu.com/ubuntu noble-updates/ma
in amd64 libc-devtools amd64 2.39-0ubuntu8.1, but failed
W: Tried to start delayed item http://archive.ubuntu.com/ubuntu noble-updates/ma
in amd64 libc-devtools amd64 2.39-0ubuntu8.1, but failed
W: Tried to start delayed item http://archive.ubuntu.com/ubuntu noble-updates/ma
in amd64 libc-devtools amd64 2.39-0ubuntu8.1, but failed
W: Tried to start delayed item http://archive.ubuntu.com/ubuntu noble-updates/ma
in amd64 libc-devtools amd64 2.39-0ubuntu8.1, but failed
W: Tried to start delayed item http://archive.ubuntu.com/ubuntu noble-updates/ma
in amd64 libc-devtools amd64 2.39-0ubuntu8.1, but failed
W: Tried to start delayed item http://archive.ubuntu.com/ubuntu noble-updates/ma
in amd64 libc-devtools amd64 2.39-0ubuntu8.1, but failed
W: Tried to start delayed item http://archive.ubuntu.com/ubuntu noble-updates/ma
in amd64 libc-devtools amd64 2.39-0ubuntu8.1, but failed
W: Tried to start delayed item http://archive.ubuntu.com/ubuntu noble-updates/ma
in amd64 libc-devtools amd64 2.39-0ubuntu8.1, but failed
W: Tried to start delayed item http://archive.ubuntu.com/ubuntu noble-updates/ma
in amd64 libc-devtools amd64 2.39-0ubuntu8.1, but failed
W: Tried to start delayed item http://archive.ubuntu.com/ubuntu noble-updates/ma
in amd64 libc-devtools amd64 2.39-0ubuntu8.1, but failed
W: Tried to start delayed item http://archive.ubuntu.com/ubuntu noble-updates/ma
in amd64 libc-devtools amd64 2.39-0ubuntu8.1, but failed
W: Tried to start delayed item http://archive.ubuntu.com/ubuntu noble-updates/ma
in amd64 libc-devtools amd64 2.39-0ubuntu8.1, but failed
W: Tried to start delayed item http://archive.ubuntu.com/ubuntu noble-updates/ma
in amd64 libc-devtools amd64 2.39-0ubuntu8.1, but failed
W: Tried to start delayed item http://archive.ubuntu.com/ubuntu noble-updates/ma
in amd64 libc-devtools amd64 2.39-0ubuntu8.1, but failed
W: Tried to start delayed item http://archive.ubuntu.com/ubuntu noble-updates/ma
in amd64 libc-devtools amd64 2.39-0ubuntu8.1, but failed
W: Tried to start delayed item http://archive.ubuntu.com/ubuntu noble-updates/ma
in
in amd64 libc-devtools amd64 2.39-0ubuntu8.1, but failed
W: Tried to start delayed item http://archive.ubuntu.com/ubuntu noble-updates/ma
in amd64 libc-devtools amd64 2.39-0ubuntu8.1, but failed
W: Tried to start delayed item http://archive.ubuntu.com/ubuntu noble-updates/ma
in amd64 libc-devtools amd64 2.39-0ubuntu8.1, but failed
W: Tried to start delayed item http://archive.ubuntu.com/ubuntu noble-updates/ma
in amd64 libc-devtools amd64 2.39-0ubuntu8.1, but failed
W: Tried to start delayed item http://archive.ubuntu.com/ubuntu noble-updates/ma
in amd64 libc-devtools amd64 2.39-0ubuntu8.1, but failed
W: Tried to start delayed item http://archive.ubuntu.com/ubuntu noble-updates/ma
in amd64 libc-devtools amd64 2.39-0ubuntu8.1, but failed
W: Tried to start delayed item http://archive.ubuntu.com/ubuntu noble-updates/ma
in amd64 libc-devtools amd64 2.39-0ubuntu8.1, but failed
W: Tried to start delayed item http://archive.ubuntu.com/ubuntu noble-updates/ma
in amd64 libc-devtools amd64 2.39-0ubuntu8.1, but failed
W: Tried to start delayed item http://archive.ubuntu.com/ubuntu noble-updates/ma
in amd64 libc-devtools amd64 2.39-0ubuntu8.1, but failed
W: Tried to start delayed item http://archive.ubuntu.com/ubuntu noble-updates/ma
in amd64 libc-devtools amd64 2.39-0ubuntu8.1, but failed
W: Tried to start delayed item http://archive.ubuntu.com/ubuntu noble-updates/ma
in amd64 libc-devtools amd64 2.39-0ubuntu8.1, but failed
W: Tried to start delayed item http://archive.ubuntu.com/ubuntu noble-updates/ma
in amd64 libc-devtools amd64 2.39-0ubuntu8.1, but failed
W: Tried to start delayed item http://archive.ubuntu.com/ubuntu noble-updates/ma
in amd64 libc-devtools amd64 2.39-0ubuntu8.1, but failed
W: Tried to start delayed item http://archive.ubuntu.com/ubuntu noble-updates/ma
in amd64 libc-devtools amd64 2.39-0ubuntu8.1, but failed
W: Tried to start delayed item http://archive.ubuntu.com/ubuntu noble-updates/ma
in amd64 libc-devtools amd64 2.39-0ubuntu8.1, but failed
W: Tried to start delayed item http://archive.ubuntu.com/ubuntu noble-updates/ma
in amd64 libc-devtools amd64 2.39-0ubuntu8.1, but failed
W: Tried to start delayed item http://archive.ubuntu.com/ubuntu noble-updates/ma
in amd64 libc-devtools amd64 2.39-0ubuntu8.1, but failed
W: Tried to start delayed item http://archive.ubuntu.com/ubuntu noble-updates/ma
in amd64 libc-devtools amd64 2.39-0ubuntu8.1, but failed
W: Tried to start delayed item http://archive.ubuntu.com/ubuntu noble-updates/ma
in amd64 libc-devtools amd64 2.39-0ubuntu8.1, but failed
W: Tried to start delayed item http://archive.ubuntu.com/ubuntu noble-updates/ma
in amd64 libc-devtools amd64 2.39-0ubuntu8.1, but failed
W: Tried to start delayed item http://archive.ubuntu.com/ubuntu noble-updates/ma
in amd64 libc-devtools amd64 2.39-0ubuntu8.1, but failed
W: Tried to start delayed item http://archive.ubuntu.com/ubuntu noble-updates/ma
in amd64 libc-devtools amd64 2.39-0ubuntu8.1, but failed
W: Tried to start delayed item http://archive.ubuntu.com/ubuntu noble-updates/ma
in amd64 libc-devtools amd64 2.39-0ubuntu8.1, but failed
W: Tried to start delayed item http://archive.ubuntu.com/ubuntu noble-updates/ma
in amd64 libc-devtools amd64 2.39-0ubuntu8.1, but failed
W: Tried to start delayed item http://archive.ubuntu.com/ubuntu noble-updates/ma
in amd64 libc-devtools amd64 2.39-0ubuntu8.1, but failed
W: Tried to start delayed item http://archive.ubuntu.com/ubuntu noble-updates/ma
in amd64 libc-devtools amd64 2.39-0ubuntu8.1, but failed
W: Tried to start delayed item http://archive.ubuntu.com/ubuntu noble-updates/ma
in amd64 libc-devtools amd64 2.39-0ubuntu8.1, but failed
W: Tried to start delayed item http://archive.ubuntu.com/ubuntu noble-updates/ma
in amd64 libc-devtools amd64 2.39-0ubuntu8.1, but failed
W: Tried to start delayed item http://archive.ubuntu.com/ubuntu noble-updates/ma
in amd64 libc-devtools amd64 2.39-0ubuntu8.1, but failed
W: Tried to start delayed item http://archive.ubuntu.com/ubuntu noble-updates/ma
in amd64 libc-devtools amd64 2.39-0ubuntu8.1, but failed
W: Tried to start delayed item http:/
W: Tried to start delayed item http://archive.ubuntu.com/ubuntu noble-updates/ma
in amd64 libc-devtools amd64 2.39-0ubuntu8.1, but failed
W: Tried to start delayed item http://archive.ubuntu.com/ubuntu noble-updates/ma
in amd64 libc-devtools amd64 2.39-0ubuntu8.1, but failed
W: Tried to start delayed item http://archive.ubuntu.com/ubuntu noble-updates/ma
in amd64 libc-devtools amd64 2.39-0ubuntu8.1, but failed
W: Tried to start delayed item http://archive.ubuntu.com/ubuntu noble-updates/ma
in amd64 libc-devtools amd64 2.39-0ubuntu8.1, but failed
W: Tried to start delayed item http://archive.ubuntu.com/ubuntu noble-updates/ma
in amd64 libc-devtools amd64 2.39-0ubuntu8.1, but failed
W: Tried to start delayed item http://archive.ubuntu.com/ubuntu noble-updates/ma
in amd64 libc-devtools amd64 2.39-0ubuntu8.1, but failed
W: Tried to start delayed item http://archive.ubuntu.com/ubuntu noble-updates/ma
in amd64 libc-devtools amd64 2.39-0ubuntu8.1, but failed
W: Tried to start delayed item http://archive.ubuntu.com/ubuntu noble-updates/ma
in amd64 libc-devtools amd64 2.39-0ubuntu8.1, but failed
W: Tried to start delayed item http://archive.ubuntu.com/ubuntu noble-updates/ma
in amd64 libc-devtools amd64 2.39-0ubuntu8.1, but failed
W: Tried to start delayed item http://archive.ubuntu.com/ubuntu noble-updates/ma
in amd64 libc-devtools amd64 2.39-0ubuntu8.1, but failed
W: Tried to start delayed item http://archive.ubuntu.com/ubuntu noble-updates/ma
in amd64 libc-devtools amd64 2.39-0ubuntu8.1, but failed
W: Tried to start delayed item http://archive.ubuntu.com/ubuntu noble-updates/ma
in amd64 libc-devtools amd64 2.39-0ubuntu8.1, but failed
W: Tried to start delayed item http://archive.ubuntu.com/ubuntu noble-updates/ma
in amd64 libc-devtools amd64 2.39-0ubuntu8.1, but failed
W: Tried to start delayed item http://archive.ubuntu.com/ubuntu noble-updates/ma
in amd64 libc-devtools amd64 2.39-0ubuntu8.1, but failed
W: Tried to start delayed item http://archive.ubuntu.com/ubuntu noble-updates/ma
in amd64 libc-devtools amd64 2.39-0ubuntu8.1, but failed
W: Tried to start delayed item http://archive.ubuntu.com/ubuntu noble-updates/ma
in amd64 libc-devtools amd64 2.39-0ubuntu8.1, but failed
W: Tried to start delayed item http://archive.ubuntu.com/ubuntu noble-updates/ma
in amd64 libc-devtools amd64 2.39-0ubuntu8.1, but failed
W: Tried to start delayed item http://archive.ubuntu.com/ubuntu noble-updates/ma
in amd64 libc-devtools amd64 2.39-0ubuntu8.1, but failed
W: Tried to start delayed item http://archive.ubuntu.com/ubuntu noble-updates/ma
in amd64 libc-devtools amd64 2.39-0ubuntu8.1, but failed
E: Failed to fetch http://archive.ubuntu.com/ubuntu/pool/main/p/perl/perl-module
s-5.38_5.38.2-3.2build2_all.deb  Temporary failure resolving 'archive.ubuntu.com
'
E: Failed to fetch http://archive.ubuntu.com/ubuntu/pool/main/g/gdbm/libgdbm-com
pat4t64_1.23-5.1build1_amd64.deb  Temporary failure resolving 'archive.ubuntu.co
m'
E: Failed to fetch http://archive.ubuntu.com/ubuntu/pool/main/p/perl/libperl5.38
t64_5.38.2-3.2build2_amd64.deb  Temporary failure resolving 'archive.ubuntu.com'
E: Failed to fetch http://archive.ubuntu.com/ubuntu/pool/main/p/perl/perl_5.38.2
-3.2build2_amd64.deb  Temporary failure resolving 'archive.ubuntu.com'
E: Failed to fetch http://archive.ubuntu.com/ubuntu/pool/main/b/binutils/binutil
s-common_2.42-4ubuntu2_amd64.deb  Temporary failure resolving 'archive.ubuntu.co
m'
E: Failed to fetch http://archive.ubuntu.com/ubuntu/pool/main/b/binutils/libsfra
me1_2.42-4ubuntu2_amd64.deb  Temporary failure resolving 'archive.ubuntu.com'
E: Failed to fetch http://archive.ubuntu.com/ubuntu/pool/main/b/binutils/libbinu
tils_2.42-4ubuntu2_amd64.deb  Temporary failure resolving 'archive.ubuntu.com'
E: Failed to fetch http://archive.ubuntu.com/ubuntu/pool/main/b/binutils/libctf-
nobfd0_2.42-4ubuntu2_amd64.deb  Temporary failure resolving 'archive.ubuntu.com'
E: Failed to fetch http://archive.ubuntu.com/ubuntu/pool/main/b/binutils/libctf0
_2.42-4ubuntu2_amd64.deb  Temporary failure resolving 'archive.ubuntu.com'
E: Failed to fetch http://archive.ubuntu.com/ubuntu/pool/main/b/binu
E: Failed to fetch http://archive.ubuntu.com/ubuntu/pool/main/b/binutils/libgpro
fng0_2.42-4ubuntu2_amd64.deb  Temporary failure resolving 'archive.ubuntu.com'
E: Failed to fetch http://archive.ubuntu.com/ubuntu/pool/main/b/binutils/binutil
s-x86-64-linux-gnu_2.42-4ubuntu2_amd64.deb  Temporary failure resolving 'archive
.ubuntu.com'
E: Failed to fetch http://archive.ubuntu.com/ubuntu/pool/main/b/binutils/binutil
s_2.42-4ubuntu2_amd64.deb  Temporary failure resolving 'archive.ubuntu.com'
E: Failed to fetch http://archive.ubuntu.com/ubuntu/pool/main/g/glibc/libc-dev-b
in_2.39-0ubuntu8.1_amd64.deb  Temporary failure resolving 'archive.ubuntu.com'
E: Failed to fetch http://archive.ubuntu.com/ubuntu/pool/main/l/linux/linux-libc
-dev_6.8.0-31.31_amd64.deb  Temporary failure resolving 'archive.ubuntu.com'
E: Failed to fetch http://archive.ubuntu.com/ubuntu/pool/main/libx/libxcrypt/lib
crypt-dev_4.4.36-4build1_amd64.deb  Temporary failure resolving 'archive.ubuntu.
com'
E: Failed to fetch http://archive.ubuntu.com/ubuntu/pool/main/r/rpcsvc-proto/rpc
svc-proto_1.4.2-0ubuntu7_amd64.deb  Temporary failure resolving 'archive.ubuntu.
com'
E: Failed to fetch http://archive.ubuntu.com/ubuntu/pool/main/g/glibc/libc6-dev_
2.39-0ubuntu8.1_amd64.deb  Temporary failure resolving 'archive.ubuntu.com'
E: Failed to fetch http://archive.ubuntu.com/ubuntu/pool/main/g/gcc-13/gcc-13-ba
se_13.2.0-23ubuntu4_amd64.deb  Temporary failure resolving 'archive.ubuntu.com'
E: Failed to fetch http://archive.ubuntu.com/ubuntu/pool/main/i/isl/libisl23_0.2
6-3build1_amd64.deb  Temporary failure resolving 'archive.ubuntu.com'
E: Failed to fetch http://archive.ubuntu.com/ubuntu/pool/main/m/mpfr4/libmpfr6_4
.2.1-1build1_amd64.deb  Temporary failure resolving 'archive.ubuntu.com'
E: Failed to fetch http://archive.ubuntu.com/ubuntu/pool/main/m/mpclib3/libmpc3_
1.3.1-1build1_amd64.deb  Temporary failure resolving 'archive.ubuntu.com'
E: Failed to fetch http://archive.ubuntu.com/ubuntu/pool/main/g/gcc-13/cpp-13-x8
6-64-linux-gnu_13.2.0-23ubuntu4_amd64.deb  Temporary failure resolving 'archive.
ubuntu.com'
E: Failed to fetch http://archive.ubuntu.com/ubuntu/pool/main/g/gcc-13/cpp-13_13
.2.0-23ubuntu4_amd64.deb  Temporary failure resolving 'archive.ubuntu.com'
E: Failed to fetch http://archive.ubuntu.com/ubuntu/pool/main/g/gcc-defaults/cpp
-x86-64-linux-gnu_13.2.0-7ubuntu1_amd64.deb  Temporary failure resolving 'archiv
e.ubuntu.com'
E: Failed to fetch http://archive.ubuntu.com/ubuntu/pool/main/g/gcc-defaults/cpp
_13.2.0-7ubuntu1_amd64.deb  Temporary failure resolving 'archive.ubuntu.com'
E: Failed to fetch http://archive.ubuntu.com/ubuntu/pool/main/g/gcc-14/libcc1-0_
14-20240412-0ubuntu1_amd64.deb  Temporary failure resolving 'archive.ubuntu.com'
E: Failed to fetch http://archive.ubuntu.com/ubuntu/pool/main/g/gcc-14/libgomp1_
14-20240412-0ubuntu1_amd64.deb  Temporary failure resolving 'archive.ubuntu.com'
E: Failed to fetch http://archive.ubuntu.com/ubuntu/pool/main/g/gcc-14/libitm1_1
4-20240412-0ubuntu1_amd64.deb  Temporary failure resolving 'archive.ubuntu.com'
E: Failed to fetch http://archive.ubuntu.com/ubuntu/pool/main/g/gcc-14/libatomic
1_14-20240412-0ubuntu1_amd64.deb  Temporary failure resolving 'archive.ubuntu.co
m'
E: Failed to fetch http://archive.ubuntu.com/ubuntu/pool/main/g/gcc-14/libasan8_
14-20240412-0ubuntu1_amd64.deb  Temporary failure resolving 'archive.ubuntu.com'
E: Failed to fetch http://archive.ubuntu.com/ubuntu/pool/main/g/gcc-14/liblsan0_
14-20240412-0ubuntu1_amd64.deb  Temporary failure resolving 'archive.ubuntu.com'
E: Failed to fetch http://archive.ubuntu.com/ubuntu/pool/main/g/gcc-14/libtsan2_
14-20240412-0ubuntu1_amd64.deb  Temporary failure resolving 'archive.ubuntu.com'
E: Failed to fetch http://archive.ubuntu.com/ubuntu/pool/main/g/gcc-14/libubsan1
_14-20240412-0ubuntu1_amd64.deb  Temporary failure resolving 'archive.ubuntu.com
'
E: Failed to fetch http://archive.ubuntu.com/ubuntu/pool/main/g/gcc-14/libhwasan
0_14-20240412-0ubuntu1_amd64.deb  Temporary failure resolving 'archive.ubuntu.co
m'
E: Failed to fetch http://archive.ubuntu.com/ubuntu/pool/main/g/gcc-14/libquadma
th0_14-20240412-0ubuntu1_amd64.deb  Temp
th0_14-20240412-0ubuntu1_amd64.deb  Temporary failure resolving 'archive.ubuntu.
com'
E: Failed to fetch http://archive.ubuntu.com/ubuntu/pool/main/g/gcc-13/libgcc-13
-dev_13.2.0-23ubuntu4_amd64.deb  Temporary failure resolving 'archive.ubuntu.com
'
E: Failed to fetch http://archive.ubuntu.com/ubuntu/pool/main/g/gcc-13/gcc-13-x8
6-64-linux-gnu_13.2.0-23ubuntu4_amd64.deb  Temporary failure resolving 'archive.
ubuntu.com'
E: Failed to fetch http://archive.ubuntu.com/ubuntu/pool/main/g/gcc-13/gcc-13_13
.2.0-23ubuntu4_amd64.deb  Temporary failure resolving 'archive.ubuntu.com'
E: Failed to fetch http://archive.ubuntu.com/ubuntu/pool/main/g/gcc-defaults/gcc
-x86-64-linux-gnu_13.2.0-7ubuntu1_amd64.deb  Temporary failure resolving 'archiv
e.ubuntu.com'
E: Failed to fetch http://archive.ubuntu.com/ubuntu/pool/main/g/gcc-defaults/gcc
_13.2.0-7ubuntu1_amd64.deb  Temporary failure resolving 'archive.ubuntu.com'
E: Failed to fetch http://archive.ubuntu.com/ubuntu/pool/main/g/gcc-13/libstdc%2
b%2b-13-dev_13.2.0-23ubuntu4_amd64.deb  Temporary failure resolving 'archive.ubu
ntu.com'
E: Failed to fetch http://archive.ubuntu.com/ubuntu/pool/main/g/gcc-13/g%2b%2b-1
3-x86-64-linux-gnu_13.2.0-23ubuntu4_amd64.deb  Temporary failure resolving 'arch
ive.ubuntu.com'
E: Failed to fetch http://archive.ubuntu.com/ubuntu/pool/main/g/gcc-13/g%2b%2b-1
3_13.2.0-23ubuntu4_amd64.deb  Temporary failure resolving 'archive.ubuntu.com'
E: Failed to fetch http://archive.ubuntu.com/ubuntu/pool/main/g/gcc-defaults/g%2
b%2b-x86-64-linux-gnu_13.2.0-7ubuntu1_amd64.deb  Temporary failure resolving 'ar
chive.ubuntu.com'
E: Failed to fetch http://archive.ubuntu.com/ubuntu/pool/main/g/gcc-defaults/g%2
b%2b_13.2.0-7ubuntu1_amd64.deb  Temporary failure resolving 'archive.ubuntu.com'
E: Failed to fetch http://archive.ubuntu.com/ubuntu/pool/main/m/make-dfsg/make_4
.3-4.1build2_amd64.deb  Temporary failure resolving 'archive.ubuntu.com'
E: Failed to fetch http://archive.ubuntu.com/ubuntu/pool/main/d/dpkg/libdpkg-per
l_1.22.6ubuntu6_all.deb  Temporary failure resolving 'archive.ubuntu.com'
E: Failed to fetch http://archive.ubuntu.com/ubuntu/pool/main/b/bzip2/bzip2_1.0.
8-5.1_amd64.deb  Temporary failure resolving 'archive.ubuntu.com'
E: Failed to fetch http://archive.ubuntu.com/ubuntu/pool/main/p/patch/patch_2.7.
6-7build3_amd64.deb  Temporary failure resolving 'archive.ubuntu.com'
E: Failed to fetch http://archive.ubuntu.com/ubuntu/pool/main/l/lto-disabled-lis
t/lto-disabled-list_47_all.deb  Temporary failure resolving 'archive.ubuntu.com'
E: Failed to fetch http://archive.ubuntu.com/ubuntu/pool/main/d/dpkg/dpkg-dev_1.
22.6ubuntu6_all.deb  Temporary failure resolving 'archive.ubuntu.com'
E: Failed to fetch http://archive.ubuntu.com/ubuntu/pool/main/b/build-essential/
build-essential_12.10ubuntu1_amd64.deb  Temporary failure resolving 'archive.ubu
ntu.com'
E: Failed to fetch http://archive.ubuntu.com/ubuntu/pool/main/g/gnupg2/gpgconf_2
.4.4-2ubuntu17_amd64.deb  Temporary failure resolving 'archive.ubuntu.com'
E: Failed to fetch http://archive.ubuntu.com/ubuntu/pool/main/libk/libksba/libks
ba8_1.6.6-1build1_amd64.deb  Temporary failure resolving 'archive.ubuntu.com'
E: Failed to fetch http://archive.ubuntu.com/ubuntu/pool/main/o/openldap/libldap
2_2.6.7%2bdfsg-1%7eexp1ubuntu8_amd64.deb  Temporary failure resolving 'archive.u
buntu.com'
E: Failed to fetch http://archive.ubuntu.com/ubuntu/pool/main/g/gnupg2/dirmngr_2
.4.4-2ubuntu17_amd64.deb  Temporary failure resolving 'archive.ubuntu.com'
E: Failed to fetch http://archive.ubuntu.com/ubuntu/pool/main/f/fakeroot/libfake
root_1.33-1_amd64.deb  Temporary failure resolving 'archive.ubuntu.com'
E: Failed to fetch http://archive.ubuntu.com/ubuntu/pool/main/f/fakeroot/fakeroo
t_1.33-1_amd64.deb  Temporary failure resolving 'archive.ubuntu.com'
E: Failed to fetch http://archive.ubuntu.com/ubuntu/pool/main/f/fonts-dejavu/fon
ts-dejavu-mono_2.37-8_all.deb  Temporary failure resolving 'archive.ubuntu.com'
E: Failed to fetch http://archive.ubuntu.com/ubuntu/pool/main/f/fonts-dejavu/fon
ts-dejavu-core_2.37-8_all.deb  Temporary failure resolving 'archive.ubuntu.com'
E: Failed to fetch
E: Failed to fetch http://archive.ubuntu.com/ubuntu/pool/main/f/fontconfig/fontc
onfig-config_2.15.0-1.1ubuntu2_amd64.deb  Temporary failure resolving 'archive.u
buntu.com'
E: Failed to fetch http://archive.ubuntu.com/ubuntu/pool/main/b/brotli/libbrotli
1_1.1.0-2build2_amd64.deb  Temporary failure resolving 'archive.ubuntu.com'
E: Failed to fetch http://archive.ubuntu.com/ubuntu/pool/main/r/rtmpdump/librtmp
1_2.4%2b20151223.gitfa8646d.1-2build7_amd64.deb  Temporary failure resolving 'ar
chive.ubuntu.com'
E: Failed to fetch http://archive.ubuntu.com/ubuntu/pool/main/libs/libssh/libssh
-4_0.10.6-2build2_amd64.deb  Temporary failure resolving 'archive.ubuntu.com'
E: Failed to fetch http://archive.ubuntu.com/ubuntu/pool/main/c/curl/libcurl3t64
-gnutls_8.5.0-2ubuntu10.1_amd64.deb  Temporary failure resolving 'archive.ubuntu
.com'
E: Failed to fetch http://archive.ubuntu.com/ubuntu/pool/main/libe/liberror-perl
/liberror-perl_0.17029-2_all.deb  Temporary failure resolving 'archive.ubuntu.co
m'
E: Failed to fetch http://archive.ubuntu.com/ubuntu/pool/main/g/git/git-man_2.43
.0-1ubuntu7_all.deb  Temporary failure resolving 'archive.ubuntu.com'
E: Failed to fetch http://archive.ubuntu.com/ubuntu/pool/main/g/git/git_2.43.0-1
ubuntu7_amd64.deb  Temporary failure resolving 'archive.ubuntu.com'
E: Failed to fetch http://archive.ubuntu.com/ubuntu/pool/main/g/gnupg2/gnupg-uti
ls_2.4.4-2ubuntu17_amd64.deb  Temporary failure resolving 'archive.ubuntu.com'
E: Failed to fetch http://archive.ubuntu.com/ubuntu/pool/main/g/gnupg2/gpg_2.4.4
-2ubuntu17_amd64.deb  Temporary failure resolving 'archive.ubuntu.com'
E: Failed to fetch http://archive.ubuntu.com/ubuntu/pool/main/p/pinentry/pinentr
y-curses_1.2.1-3ubuntu5_amd64.deb  Temporary failure resolving 'archive.ubuntu.c
om'
E: Failed to fetch http://archive.ubuntu.com/ubuntu/pool/main/g/gnupg2/gpg-agent
_2.4.4-2ubuntu17_amd64.deb  Temporary failure resolving 'archive.ubuntu.com'
E: Failed to fetch http://archive.ubuntu.com/ubuntu/pool/main/g/gnupg2/gpgsm_2.4
.4-2ubuntu17_amd64.deb  Temporary failure resolving 'archive.ubuntu.com'
E: Failed to fetch http://archive.ubuntu.com/ubuntu/pool/main/g/gnupg2/keyboxd_2
.4.4-2ubuntu17_amd64.deb  Temporary failure resolving 'archive.ubuntu.com'
E: Failed to fetch http://archive.ubuntu.com/ubuntu/pool/main/g/gnupg2/gnupg_2.4
.4-2ubuntu17_all.deb  Temporary failure resolving 'archive.ubuntu.com'
E: Failed to fetch http://archive.ubuntu.com/ubuntu/pool/main/g/gnupg2/gnupg-l10
n_2.4.4-2ubuntu17_all.deb  Temporary failure resolving 'archive.ubuntu.com'
E: Failed to fetch http://archive.ubuntu.com/ubuntu/pool/main/g/gnupg2/gpg-wks-c
lient_2.4.4-2ubuntu17_amd64.deb  Temporary failure resolving 'archive.ubuntu.com
'
E: Failed to fetch http://archive.ubuntu.com/ubuntu/pool/main/j/javascript-commo
n/javascript-common_11%2bnmu1_all.deb  Temporary failure resolving 'archive.ubun
tu.com'
E: Failed to fetch http://archive.ubuntu.com/ubuntu/pool/main/liba/libalgorithm-
diff-perl/libalgorithm-diff-perl_1.201-1_all.deb  Temporary failure resolving 'a
rchive.ubuntu.com'
E: Failed to fetch http://archive.ubuntu.com/ubuntu/pool/main/liba/libalgorithm-
diff-xs-perl/libalgorithm-diff-xs-perl_0.04-8build3_amd64.deb  Temporary failure
 resolving 'archive.ubuntu.com'
E: Failed to fetch http://archive.ubuntu.com/ubuntu/pool/main/liba/libalgorithm-
merge-perl/libalgorithm-merge-perl_0.08-5_all.deb  Temporary failure resolving '
archive.ubuntu.com'
E: Failed to fetch http://archive.ubuntu.com/ubuntu/pool/main/a/aom/libaom3_3.8.
2-2build1_amd64.deb  Temporary failure resolving 'archive.ubuntu.com'
E: Failed to fetch http://archive.ubuntu.com/ubuntu/pool/main/f/freetype/libfree
type6_2.13.2%2bdfsg-1build3_amd64.deb  Temporary failure resolving 'archive.ubun
tu.com'
E: Failed to fetch http://archive.ubuntu.com/ubuntu/pool/main/f/fontconfig/libfo
ntconfig1_2.15.0-1.1ubuntu2_amd64.deb  Temporary failure resolving 'archive.ubun
tu.com'
E: Failed to fetch http://archive.ubuntu.com/ubuntu/pool/main/libw/libwebp/libsh
arpyuv0_1.3.2-0.4build3_amd64.deb  Temporary failure resolving 'archive.ubuntu.c
om'
E: Failed to fetch ht
E: Failed to fetch http://archive.ubuntu.com/ubuntu/pool/main/libh/libheif/libhe
if-plugin-aomdec_1.17.6-1ubuntu4_amd64.deb  Temporary failure resolving 'archive
.ubuntu.com'
E: Failed to fetch http://archive.ubuntu.com/ubuntu/pool/main/libd/libde265/libd
e265-0_1.0.15-1build3_amd64.deb  Temporary failure resolving 'archive.ubuntu.com
'
E: Failed to fetch http://archive.ubuntu.com/ubuntu/pool/main/libh/libheif/libhe
if-plugin-libde265_1.17.6-1ubuntu4_amd64.deb  Temporary failure resolving 'archi
ve.ubuntu.com'
E: Failed to fetch http://archive.ubuntu.com/ubuntu/pool/main/libh/libheif/libhe
if1_1.17.6-1ubuntu4_amd64.deb  Temporary failure resolving 'archive.ubuntu.com'
E: Failed to fetch http://archive.ubuntu.com/ubuntu/pool/main/libj/libjpeg-turbo
/libjpeg-turbo8_2.1.5-2ubuntu2_amd64.deb  Temporary failure resolving 'archive.u
buntu.com'
E: Failed to fetch http://archive.ubuntu.com/ubuntu/pool/main/libj/libjpeg8-empt
y/libjpeg8_8c-2ubuntu11_amd64.deb  Temporary failure resolving 'archive.ubuntu.c
om'
E: Failed to fetch http://archive.ubuntu.com/ubuntu/pool/main/libd/libdeflate/li
bdeflate0_1.19-1build1_amd64.deb  Temporary failure resolving 'archive.ubuntu.co
m'
E: Failed to fetch http://archive.ubuntu.com/ubuntu/pool/main/j/jbigkit/libjbig0
_2.1-6.1ubuntu2_amd64.deb  Temporary failure resolving 'archive.ubuntu.com'
E: Failed to fetch http://archive.ubuntu.com/ubuntu/pool/main/l/lerc/liblerc4_4.
0.0%2bds-4ubuntu2_amd64.deb  Temporary failure resolving 'archive.ubuntu.com'
E: Failed to fetch http://archive.ubuntu.com/ubuntu/pool/main/libw/libwebp/libwe
bp7_1.3.2-0.4build3_amd64.deb  Temporary failure resolving 'archive.ubuntu.com'
E: Failed to fetch http://archive.ubuntu.com/ubuntu/pool/main/t/tiff/libtiff6_4.
5.1%2bgit230720-4ubuntu2_amd64.deb  Temporary failure resolving 'archive.ubuntu.
com'
E: Failed to fetch http://archive.ubuntu.com/ubuntu/pool/main/libx/libxpm/libxpm
4_3.5.17-1build2_amd64.deb  Temporary failure resolving 'archive.ubuntu.com'
E: Failed to fetch http://archive.ubuntu.com/ubuntu/pool/main/libg/libgd2/libgd3
_2.3.3-9ubuntu5_amd64.deb  Temporary failure resolving 'archive.ubuntu.com'
E: Failed to fetch http://archive.ubuntu.com/ubuntu/pool/main/g/glibc/libc-devto
ols_2.39-0ubuntu8.1_amd64.deb  Temporary failure resolving 'archive.ubuntu.com'
E: Failed to fetch http://archive.ubuntu.com/ubuntu/pool/main/e/expat/libexpat1-
dev_2.6.1-2build1_amd64.deb  Temporary failure resolving 'archive.ubuntu.com'
E: Failed to fetch http://archive.ubuntu.com/ubuntu/pool/main/libf/libfile-fcntl
lock-perl/libfile-fcntllock-perl_0.22-4ubuntu5_amd64.deb  Temporary failure reso
lving 'archive.ubuntu.com'
E: Failed to fetch http://archive.ubuntu.com/ubuntu/pool/main/libh/libheif/libhe
if-plugin-aomenc_1.17.6-1ubuntu4_amd64.deb  Temporary failure resolving 'archive
.ubuntu.com'
E: Failed to fetch http://archive.ubuntu.com/ubuntu/pool/main/n/node-jquery/libj
s-jquery_3.6.1%2bdfsg%2b%7e3.5.14-1_all.deb  Temporary failure resolving 'archiv
e.ubuntu.com'
E: Failed to fetch http://archive.ubuntu.com/ubuntu/pool/main/u/underscore/libjs
-underscore_1.13.4%7edfsg%2b%7e1.11.4-3_all.deb  Temporary failure resolving 'ar
chive.ubuntu.com'
E: Failed to fetch http://archive.ubuntu.com/ubuntu/pool/main/s/sphinx/libjs-sph
inxdoc_7.2.6-6_all.deb  Temporary failure resolving 'archive.ubuntu.com'
E: Failed to fetch http://archive.ubuntu.com/ubuntu/pool/main/o/openldap/libldap
-common_2.6.7%2bdfsg-1%7eexp1ubuntu8_all.deb  Temporary failure resolving 'archi
ve.ubuntu.com'
E: Failed to fetch http://archive.ubuntu.com/ubuntu/pool/main/p/python3.12/libpy
thon3.12t64_3.12.3-1_amd64.deb  Temporary failure resolving 'archive.ubuntu.com'
E: Failed to fetch http://archive.ubuntu.com/ubuntu/pool/main/z/zlib/zlib1g-dev_
1.3.dfsg-3.1ubuntu2_amd64.deb  Temporary failure resolving 'archive.ubuntu.com'
E: Failed to fetch http://archive.ubuntu.com/ubuntu/pool/main/p/python3.12/libpy
thon3.12-dev_3.12.3-1_amd64.deb  Temporary failure resolving 'archive.ubuntu.com
'
E: Failed to fetch http://archive.ubuntu.com/ubuntu/pool/main/p/python3-defaults
/libpython3-dev_3.12.3-0ubuntu1_amd64.deb  Temporar
/libpython3-dev_3.12.3-0ubuntu1_amd64.deb  Temporary failure resolving 'archive.
ubuntu.com'
E: Failed to fetch http://archive.ubuntu.com/ubuntu/pool/main/m/manpages/manpage
s-dev_6.7-2_all.deb  Temporary failure resolving 'archive.ubuntu.com'
E: Failed to fetch http://archive.ubuntu.com/ubuntu/pool/main/p/python3.12/pytho
n3.12-dev_3.12.3-1_amd64.deb  Temporary failure resolving 'archive.ubuntu.com'
E: Failed to fetch http://archive.ubuntu.com/ubuntu/pool/main/p/python3-defaults
/python3-dev_3.12.3-0ubuntu1_amd64.deb  Temporary failure resolving 'archive.ubu
ntu.com'
E: Failed to fetch http://archive.ubuntu.com/ubuntu/pool/main/s/setuptools/pytho
n3-setuptools_68.1.2-2ubuntu1_all.deb  Temporary failure resolving 'archive.ubun
tu.com'
E: Failed to fetch http://archive.ubuntu.com/ubuntu/pool/universe/w/wheel/python
3-wheel_0.42.0-2_all.deb  Temporary failure resolving 'archive.ubuntu.com'
E: Failed to fetch http://archive.ubuntu.com/ubuntu/pool/universe/p/python-pip/p
ython3-pip_24.0%2bdfsg-1ubuntu1_all.deb  Temporary failure resolving 'archive.ub
untu.com'
E: Unable to fetch some archives, maybe run apt-get update or try with --fix-mis
sing?

Running: pct exec 107 -- apt install -y python3-venv
OUT:
Reading package lists...
Building dependency tree...
The following additional packages will be installed:
  python3-pip-whl python3-setuptools-whl python3.12-venv
The following NEW packages will be installed:
  python3-pip-whl python3-setuptools-whl python3-venv python3.12-venv
0 upgraded, 4 newly installed, 0 to remove and 0 not upgraded.
Need to get 2424 kB of archives.
After this operation, 2776 kB of additional disk space will be used.
Ign:1 http://archive.ubuntu.com/ubuntu noble/universe amd64 python3-pip-whl all
24.0+dfsg-1ubuntu1
Ign:2 http://archive.ubuntu.com/ubuntu noble/universe amd64 python3-setuptools-w
hl all 68.1.2-2ubuntu1
Ign:3 http://archive.ubuntu.com/ubuntu noble/universe amd64 python3.12-venv amd6
4 3.12.3-1
Ign:4 http://archive.ubuntu.com/ubuntu noble/universe amd64 python3-venv amd64 3
.12.3-0ubuntu1
Ign:1 http://archive.ubuntu.com/ubuntu noble/universe amd64 python3-pip-whl all
24.0+dfsg-1ubuntu1
Ign:2 http://archive.ubuntu.com/ubuntu noble/universe amd64 python3-setuptools-w
hl all 68.1.2-2ubuntu1
Ign:3 http://archive.ubuntu.com/ubuntu noble/universe amd64 python3.12-venv amd6
4 3.12.3-1
Ign:4 http://archive.ubuntu.com/ubuntu noble/universe amd64 python3-venv amd64 3
.12.3-0ubuntu1
Ign:1 http://archive.ubuntu.com/ubuntu noble/universe amd64 python3-pip-whl all
24.0+dfsg-1ubuntu1
Ign:2 http://archive.ubuntu.com/ubuntu noble/universe amd64 python3-setuptools-w
hl all 68.1.2-2ubuntu1
Ign:3 http://archive.ubuntu.com/ubuntu noble/universe amd64 python3.12-venv amd6
4 3.12.3-1
Ign:4 http://archive.ubuntu.com/ubuntu noble/universe amd64 python3-venv amd64 3
.12.3-0ubuntu1
Err:1 http://archive.ubuntu.com/ubuntu noble/universe amd64 python3-pip-whl all
24.0+dfsg-1ubuntu1
  Temporary failure resolving 'archive.ubuntu.com'
Err:2 http://archive.ubuntu.com/ubuntu noble/universe amd64 python3-setuptools-w
hl all 68.1.2-2ubuntu1
  Temporary failure resolving 'archive.ubuntu.com'
Err:3 http://archive.ubuntu.com/ubuntu noble/universe amd64 python3.12-venv amd6
4 3.12.3-1
  Temporary failure resolving 'archive.ubuntu.com'
Err:4 http://archive.ubuntu.com/ubuntu noble/universe amd64 python3-venv amd64 3
.12.3-0ubuntu1
  Temporary failure resolving 'archive.ubuntu.com'

ERR:

WARNING: apt does not have a stable CLI interface. Use with caution in scripts.

E: Failed to fetch http://archive.ubuntu.com/ubuntu/pool/universe/p/python-pip/p
ython3-pip-whl_24.0%2bdfsg-1ubuntu1_all.deb  Temporary failure resolving 'archiv
e.ubuntu.com'
E: Failed to fetch http://archive.ubuntu.com/ubuntu/pool/universe/s/setuptools/p
ython3-setuptools-whl_68.1.2-2ubuntu1_all.deb  Temporary failure resolving 'arch
ive.ubuntu.com'
E: Failed to fetch http://archive.ubuntu.com/ubuntu/pool/universe/p/python3.12/p
ython3.12-venv_3.12.3-1_amd64.deb  Temporary failure resolving 'archive.ubuntu.c
om'
E: Failed to fetch http://archive.ubuntu.com/ubuntu/pool/universe/p/python3-defa
ults/python3-venv_3.12.3-0ubuntu1_amd64.deb  Temporary failure resolving 'archiv
e.ubuntu.com'
E: Unable to fetch some archives, maybe run apt-get update or try with --fix-mis
sing?

Running: pct exec 107 -- python3 -m venv /opt/hf_env
OUT:
The virtual environment was not created successfully because ensurepip is not
available.  On Debian/Ubuntu systems, you need to install the python3-venv
package using the following command.

    apt install python3.12-venv

You may need to use sudo with that command.  After installing the python3-venv
package, recreate your virtual environment.

Failing command: /opt/hf_env/bin/python3


Running: pct exec 107 -- /opt/hf_env/bin/pip install huggingface_hub hf_transfer
ERR:
lxc-attach: 107: ../src/lxc/attach.c: lxc_attach_run_command: 1845 No such file
or directory - Failed to exec "/opt/hf_env/bin/pip"

--- 4. Downloading Models ---
Running: pct exec 107 -- bash -c "cat << 'EOF' > /models/download.sh
#!/bin/bash
export HF_HUB_ENABLE_HF_TRANSFER=1
echo "Downloading Whisper large-v3-turbo..."
/opt/hf_env/bin/huggingface-cli download openai/whisper-large-v3-turbo --local-d
ir /models/whisper-large-v3-turbo
echo "Downloading Qwen-2.5-72B-Instruct-AWQ..."
/opt/hf_env/bin/huggingface-cli download Qwen/Qwen2.5-72B-Instruct-AWQ --local-d
ir /models/qwen2.5-72b-instruct-awq
echo "Done!"
EOF
"
ERR:
Whisper: line 4: warning: here-document at line 1 delimited by end-of-file (want
ed `EOF')

Running: pct exec 107 -- chmod +x /models/download.sh
Running: pct exec 107 -- apt install -y screen
OUT:
Reading package lists...
Building dependency tree...
The following additional packages will be installed:
  libutempter0
Suggested packages:
  byobu | screenie | iselect ncurses-term
The following NEW packages will be installed:
  libutempter0 screen
0 upgraded, 2 newly installed, 0 to remove and 0 not upgraded.
Need to get 665 kB of archives.
After this operation, 1072 kB of additional disk space will be used.
Ign:1 http://archive.ubuntu.com/ubuntu noble/main amd64 libutempter0 amd64 1.2.1
-3build1
Ign:2 http://archive.ubuntu.com/ubuntu noble/main amd64 screen amd64 4.9.1-1buil
d1
Ign:1 http://archive.ubuntu.com/ubuntu noble/main amd64 libutempter0 amd64 1.2.1
-3build1
Ign:2 http://archive.ubuntu.com/ubuntu noble/main amd64 screen amd64 4.9.1-1buil
d1
Ign:1 http://archive.ubuntu.com/ubuntu noble/main amd64 libutempter0 amd64 1.2.1
-3build1
Ign:2 http://archive.ubuntu.com/ubuntu noble/main amd64 screen amd64 4.9.1-1buil
d1
Err:1 http://archive.ubuntu.com/ubuntu noble/main amd64 libutempter0 amd64 1.2.1
-3build1
  Temporary failure resolving 'archive.ubuntu.com'
Err:2 http://archive.ubuntu.com/ubuntu noble/main amd64 screen amd64 4.9.1-1buil
d1
  Temporary failure resolving 'archive.ubuntu.com'

ERR:

WARNING: apt does not have a stable CLI interface. Use with caution in scripts.

E: Failed to fetch http://archive.ubuntu.com/ubuntu/pool/main/libu/libutempter/l
ibutempter0_1.2.1-3build1_amd64.deb  Temporary failure resolving 'archive.ubuntu
.com'
E: Failed to fetch http://archive.ubuntu.com/ubuntu/pool/main/s/screen/screen_4.
9.1-1build1_amd64.deb  Temporary failure resolving 'archive.ubuntu.com'
E: Unable to fetch some archives, maybe run apt-get update or try with --fix-mis
sing?

Running: pct exec 107 -- screen -dmS download_session bash -c '/models/download.
sh > /models/download.log 2>&1'
ERR:
lxc-attach: 107: ../src/lxc/attach.c: lxc_attach_run_command: 1845 No such file
or directory - Failed to exec "screen"

Models download started in the background inside the LXC (screen session: downlo
ad_session).
Logs are available at /models/download.log inside the LXC.
