OUT:
ERR:  Image vaultwarden/server:latest Pulling
 2ae0ff59695b Pulling fs layer
 25b81c54c528 Pulling fs layer
 3516becc5459 Pulling fs layer
 062e450697fa Pulling fs layer
 5b334862de59 Pulling fs layer
 5c971be93c7d Download complete
 3516becc5459 Download complete
 2ae0ff59695b Downloading [===>                                               ]
 1.049MB/14.8MB
 2ae0ff59695b Downloading [===>                                               ]
 1.049MB/14.8MB
 2ae0ff59695b Downloading [===>                                               ]
 1.049MB/14.8MB
 2ae0ff59695b Downloading [===>                                               ]
 1.049MB/14.8MB
 2ae0ff59695b Downloading [=======>                                           ]
 2.097MB/14.8MB
 2ae0ff59695b Downloading [=======>                                           ]
 2.097MB/14.8MB
 2ae0ff59695b Downloading [=======>                                           ]
 2.097MB/14.8MB
 2ae0ff59695b Downloading [=======>                                           ]
 2.097MB/14.8MB
 2ae0ff59695b Downloading [=======>                                           ]
 2.097MB/14.8MB
 2ae0ff59695b Downloading [=======>                                           ]
 2.097MB/14.8MB
 2ae0ff59695b Downloading [==========>                                        ]
 3.146MB/14.8MB
 2ae0ff59695b Downloading [==========>                                        ]
 3.146MB/14.8MB
 2ae0ff59695b Downloading [==========>                                        ]
 3.146MB/14.8MB
 2ae0ff59695b Downloading [==========>                                        ]
 3.146MB/14.8MB
 2ae0ff59695b Downloading [==========>                                        ]
 3.146MB/14.8MB
 2ae0ff59695b Downloading [==========>                                        ]
 3.146MB/14.8MB
 25b81c54c528 Downloading [=======>                                           ]
 1.049MB/6.637MB
 2ae0ff59695b Downloading [==========>                                        ]
 3.146MB/14.8MB
 25b81c54c528 Downloading [=======>                                           ]
 1.049MB/6.637MB
 2ae0ff59695b Downloading [==============>                                    ]
 4.194MB/14.8MB
 25b81c54c528 Downloading [=======>                                           ]
 1.049MB/6.637MB
 2ae0ff59695b Downloading [==============>                                    ]
 4.194MB/14.8MB
 25b81c54c528 Downloading [=======>                                           ]
 1.049MB/6.637MB
 25b81c54c528 Downloading [=======>                                           ]
 1.049MB/6.637MB
 2ae0ff59695b Downloading [==============>                                    ]
 4.194MB/14.8MB
 2ae0ff59695b Downloading [==============>                                    ]
 4.194MB/14.8MB
 25b81c54c528 Downloading [=======>                                           ]
 1.049MB/6.637MB
 2ae0ff59695b Downloading [==============>                                    ]
 4.194MB/14.8MB
 25b81c54c528 Downloading [=======>                                           ]
 1.049MB/6.637MB
 2ae0ff59695b Downloading [==============>                                    ]
 4.194MB/14.8MB
 25b81c54c528 Downloading [=======>                                           ]
 1.049MB/6.637MB
 2ae0ff59695b Downloading [=================>                                 ]
 5.243MB/14.8MB
 25b81c54c528 Downloading [=======>                                           ]
 1.049MB/6.637MB
 2ae0ff59695b Downloading [=================>                                 ]
 5.243MB/14.8MB
 25b81c54c528 Downloading [=======>                                           ]
 1.049MB/6.637MB
 2ae0ff59695b Downloading [=================>                                 ]
 5.243MB/14.8MB
 25b81c54c528 Downloading [=======>                                           ]
 1.049MB/6.637MB
 2ae0ff59695b Downloading [=================>                                 ]
 5.243MB/14.8MB
 25b81c54c528 Downloading [=======>                                           ]
 1.049MB/6.637MB
 2ae0ff59695b Downloading [=================>                                 ]
 5.243MB/14.8MB
 25b81c54c528 Downloading [=======>                                           ]
 1.049MB/6.637MB
 062e450697fa Downloading [=>                                                 ]
 1.049MB/29.78MB
 2ae0ff59695b Downloading [=================>                                 ]
 5.243MB/14.8MB
 25b81c54c528 Downloading [=======>                                           ]
 1.049MB/6.637MB
 062e450697fa Downloading [=>                                                 ]
 1.049MB/29.78MB
 2ae0ff59695b Downloading [=====================>                             ]
 6.291MB/14.8MB
 25b81c54c528 Downloading [=======>                                           ]
 1.049MB/6.637MB
 062e450697fa Downloading [=>                                                 ]
 1.049MB/29.78MB
 2ae0ff59695b Downloading [=====================>                             ]
 6.291MB/14.8MB
 25b81c54c528 Downloading [=======>                                           ]
 1.049MB/6.637MB
 062e450697fa Downloading [=>                                                 ]
 1.049MB/29.78MB
 2ae0ff59695b Downloading [=====================>                             ]
 6.291MB/14.8MB
 25b81c54c528 Downloading [=======>                                           ]
 1.049MB/6.637MB
 062e450697fa Downloading [=>                                                 ]
 1.049MB/29.78MB
 2ae0ff59695b Downloading [=====================>                             ]
 6.291MB/14.8MB
 25b81c54c528 Downloading [=======>                                           ]
 1.049MB/6.637MB
 062e450697fa Downloading [=>                                                 ]
 1.049MB/29.78MB
 5b334862de59 Downloading [=>                                                 ]
 1.049MB/36.04MB
 2ae0ff59695b Downloading [=====================>                             ]
 6.291MB/14.8MB
 25b81c54c528 Downloading [=======>                                           ]
 1.049MB/6.637MB
 062e450697fa Downloading [=>                                                 ]
 1.049MB/29.78MB
 5b334862de59 Downloading [=>                                                 ]
 1.049MB/36.04MB
 2ae0ff59695b Downloading [=====================>                             ]
 6.291MB/14.8MB
 25b81c54c528 Downloading [=======>                                           ]
 1.049MB/6.637MB
 062e450697fa Downloading [=>                                                 ]
 1.049MB/29.78MB
 5b334862de59 Downloading [=>                                                 ]
 1.049MB/36.04MB
 062e450697fa Downloading [=>                                                 ]
 1.049MB/29.78MB
 5b334862de59 Downloading [=>                                                 ]
 1.049MB/36.04MB
 2ae0ff59695b Downloading [=====================>                             ]
 6.291MB/14.8MB
 25b81c54c528 Downloading [=======>                                           ]
 1.049MB/6.637MB
 2ae0ff59695b Downloading [=====================>                             ]
 6.291MB/14.8MB
 25b81c54c528 Downloading [=======>                                           ]
 1.049MB/6.637MB
 062e450697fa Downloading [=>                                                 ]
 1.049MB/29.78MB
 5b334862de59 Downloading [=>                                                 ]
 1.049MB/36.04MB
 2ae0ff59695b Downloading [========================>                          ]
  7.34MB/14.8MB
 25b81c54c528 Downloading [=======>                                           ]
 1.049MB/6.637MB
 062e450697fa Downloading [=>                                                 ]
 1.049MB/29.78MB
 5b334862de59 Downloading [=>                                                 ]
 1.049MB/36.04MB
 2ae0ff59695b Downloading [========================>                          ]
  7.34MB/14.8MB
 25b81c54c528 Downloading [=======>                                           ]
 1.049MB/6.637MB
 062e450697fa Downloading [=>                                                 ]
 1.049MB/29.78MB
 5b334862de59 Downloading [=>                                                 ]
 1.049MB/36.04MB
 062e450697fa Downloading [=>                                                 ]
 1.049MB/29.78MB
 5b334862de59 Downloading [=>                                                 ]
 1.049MB/36.04MB
 2ae0ff59695b Downloading [========================>                          ]
  7.34MB/14.8MB
 25b81c54c528 Downloading [=======>                                           ]
 1.049MB/6.637MB
 2ae0ff59695b Downloading [========================>                          ]
  7.34MB/14.8MB
 25b81c54c528 Downloading [=======>                                           ]
 1.049MB/6.637MB
 062e450697fa Downloading [=>                                                 ]
 1.049MB/29.78MB
 5b334862de59 Downloading [=>                                                 ]
 1.049MB/36.04MB
 2ae0ff59695b Downloading [========================>                          ]
  7.34MB/14.8MB
 25b81c54c528 Downloading [===============>                                   ]
 2.097MB/6.637MB
 062e450697fa Downloading [=>                                                 ]
 1.049MB/29.78MB
 5b334862de59 Downloading [=>                                                 ]
 1.049MB/36.04MB
 062e450697fa Downloading [=>                                                 ]
 1.049MB/29.78MB
 5b334862de59 Downloading [=>                                                 ]
 1.049MB/36.04MB
 2ae0ff59695b Downloading [========================>                          ]
  7.34MB/14.8MB
 25b81c54c528 Downloading [===============>                                   ]
 2.097MB/6.637MB
 2ae0ff59695b Downloading [========================>                          ]
  7.34MB/14.8MB
 25b81c54c528 Downloading [===============>                                   ]
 2.097MB/6.637MB
 062e450697fa Downloading [=>                                                 ]
 1.049MB/29.78MB
 5b334862de59 Downloading [=>                                                 ]
 1.049MB/36.04MB
 062e450697fa Downloading [=>                                                 ]
 1.049MB/29.78MB
 5b334862de59 Downloading [=>                                                 ]
 1.049MB/36.04MB
 2ae0ff59695b Downloading [========================>                          ]
  7.34MB/14.8MB
 25b81c54c528 Downloading [===============>                                   ]
 2.097MB/6.637MB
 5b334862de59 Downloading [=>                                                 ]
 1.049MB/36.04MB
 2ae0ff59695b Downloading [========================>                          ]
  7.34MB/14.8MB
 25b81c54c528 Downloading [===============>                                   ]
 2.097MB/6.637MB
 062e450697fa Downloading [=>                                                 ]
 1.049MB/29.78MB
 5b334862de59 Downloading [=>                                                 ]
 1.049MB/36.04MB
 2ae0ff59695b Downloading [========================>                          ]
  7.34MB/14.8MB
 25b81c54c528 Downloading [===============>                                   ]
 2.097MB/6.637MB
 062e450697fa Downloading [=>                                                 ]
 1.049MB/29.78MB
 2ae0ff59695b Downloading [============================>                      ]
 8.389MB/14.8MB
 25b81c54c528 Downloading [===============>                                   ]
 2.097MB/6.637MB
 062e450697fa Downloading [=>                                                 ]
 1.049MB/29.78MB
 5b334862de59 Downloading [=>                                                 ]
 1.049MB/36.04MB
 25b81c54c528 Downloading [===============>                                   ]
 2.097MB/6.637MB
 062e450697fa Downloading [=>                                                 ]
 1.049MB/29.78MB
 5b334862de59 Downloading [=>                                                 ]
 1.049MB/36.04MB
 2ae0ff59695b Downloading [============================>                      ]
 8.389MB/14.8MB
 2ae0ff59695b Downloading [============================>                      ]
 8.389MB/14.8MB
 25b81c54c528 Downloading [===============>                                   ]
 2.097MB/6.637MB
 062e450697fa Downloading [=>                                                 ]
 1.049MB/29.78MB
 5b334862de59 Downloading [=>                                                 ]
 1.049MB/36.04MB
 2ae0ff59695b Downloading [============================>                      ]
 8.389MB/14.8MB
 25b81c54c528 Downloading [===============>                                   ]
 2.097MB/6.637MB
 062e450697fa Downloading [=>                                                 ]
 1.049MB/29.78MB
 5b334862de59 Downloading [=>                                                 ]
 1.049MB/36.04MB
 2ae0ff59695b Downloading [============================>                      ]
 8.389MB/14.8MB
 25b81c54c528 Downloading [===============>                                   ]
 2.097MB/6.637MB
 062e450697fa Downloading [=>                                                 ]
 1.049MB/29.78MB
 5b334862de59 Downloading [=>                                                 ]
 1.049MB/36.04MB
 2ae0ff59695b Downloading [============================>                      ]
 8.389MB/14.8MB
 25b81c54c528 Downloading [===============>                                   ]
 2.097MB/6.637MB
 062e450697fa Downloading [=>                                                 ]
 1.049MB/29.78MB
 5b334862de59 Downloading [=>                                                 ]
 1.049MB/36.04MB
 062e450697fa Downloading [=>                                                 ]
 1.049MB/29.78MB
 5b334862de59 Downloading [=>                                                 ]
 1.049M
 1.049MB/36.04MB
 2ae0ff59695b Downloading [============================>                      ]
 8.389MB/14.8MB
 25b81c54c528 Downloading [===============>                                   ]
 2.097MB/6.637MB
 2ae0ff59695b Downloading [============================>                      ]
 8.389MB/14.8MB
 25b81c54c528 Downloading [===============>                                   ]
 2.097MB/6.637MB
 062e450697fa Downloading [=>                                                 ]
 1.049MB/29.78MB
 5b334862de59 Downloading [=>                                                 ]
 1.049MB/36.04MB
 5b334862de59 Downloading [=>                                                 ]
 1.049MB/36.04MB
 2ae0ff59695b Downloading [============================>                      ]
 8.389MB/14.8MB
 25b81c54c528 Downloading [===============>                                   ]
 2.097MB/6.637MB
 062e450697fa Downloading [=>                                                 ]
 1.049MB/29.78MB
 2ae0ff59695b Downloading [===============================>                   ]
 9.437MB/14.8MB
 25b81c54c528 Downloading [===============>                                   ]
 2.097MB/6.637MB
 062e450697fa Downloading [=>                                                 ]
 1.049MB/29.78MB
 5b334862de59 Downloading [=>                                                 ]
 1.049MB/36.04MB
 5b334862de59 Downloading [=>                                                 ]
 1.049MB/36.04MB
 2ae0ff59695b Downloading [===============================>                   ]
 9.437MB/14.8MB
 25b81c54c528 Downloading [===============>                                   ]
 2.097MB/6.637MB
 062e450697fa Downloading [=>                                                 ]
 1.049MB/29.78MB
 062e450697fa Downloading [===>                                               ]
 2.097MB/29.78MB
 5b334862de59 Downloading [=>                                                 ]
 1.049MB/36.04MB
 2ae0ff59695b Downloading [===============================>                   ]
 9.437MB/14.8MB
 25b81c54c528 Downloading [===============>                                   ]
 2.097MB/6.637MB
 25b81c54c528 Downloading [===============>                                   ]
 2.097MB/6.637MB
 062e450697fa Downloading [===>                                               ]
 2.097MB/29.78MB
 5b334862de59 Downloading [=>                                                 ]
 1.049MB/36.04MB
 2ae0ff59695b Downloading [===============================>                   ]
 9.437MB/14.8MB
 25b81c54c528 Downloading [===============>                                   ]
 2.097MB/6.637MB
 062e450697fa Downloading [===>                                               ]
 2.097MB/29.78MB
 5b334862de59 Downloading [=>                                                 ]
 1.049MB/36.04MB
 2ae0ff59695b Downloading [===============================>                   ]
 9.437MB/14.8MB
 062e450697fa Downloading [===>                                               ]
 2.097MB/29.78MB
 5b334862de59 Downloading [=>                                                 ]
 1.049MB/36.04MB
 2ae0ff59695b Downloading [===============================>                   ]
 9.437MB/14.8MB
 25b81c54c528 Downloading [===============>                                   ]
 2.097MB/6.637MB
 2ae0ff59695b Downloading [===============================>                   ]
 9.437MB/14.8MB
 25b81c54c528 Downloading [===============>                                   ]
 2.097MB/6.637MB
 062e450697fa Downloading [===>                                               ]
 2.097MB/29.78MB
 5b334862de59 Downloading [=>                                                 ]
 1.049MB/36.04MB
 062e450697fa Downloading [===>                                               ]
 2.097MB/29.78MB
 5b334862de59 Downloading [=>                                                 ]
 1.049MB/36.04MB
 2ae0ff59695b Downloading [===============================>                   ]
 9.437MB/14.8MB
 25b81c54c528 Downloading [===============>
 25b81c54c528 Downloading [===============>                                   ]
 2.097MB/6.637MB
 062e450697fa Downloading [===>                                               ]
 2.097MB/29.78MB
 5b334862de59 Downloading [=>                                                 ]
 1.049MB/36.04MB
 2ae0ff59695b Downloading [===============================>                   ]
 9.437MB/14.8MB
 25b81c54c528 Downloading [===============>                                   ]
 2.097MB/6.637MB
 5b334862de59 Downloading [=>                                                 ]
 1.049MB/36.04MB
 2ae0ff59695b Downloading [===============================>                   ]
 9.437MB/14.8MB
 25b81c54c528 Downloading [=======================>                           ]
 3.146MB/6.637MB
 062e450697fa Downloading [===>                                               ]
 2.097MB/29.78MB
 25b81c54c528 Downloading [=======================>                           ]
 3.146MB/6.637MB
 062e450697fa Downloading [===>                                               ]
 2.097MB/29.78MB
 5b334862de59 Downloading [=>                                                 ]
 1.049MB/36.04MB
 2ae0ff59695b Downloading [===============================>                   ]
 9.437MB/14.8MB
 2ae0ff59695b Downloading [===================================>               ]
 10.49MB/14.8MB
 25b81c54c528 Downloading [=======================>                           ]
 3.146MB/6.637MB
 062e450697fa Downloading [===>                                               ]
 2.097MB/29.78MB
 5b334862de59 Downloading [=>                                                 ]
 1.049MB/36.04MB
 2ae0ff59695b Downloading [===================================>               ]
 10.49MB/14.8MB
 25b81c54c528 Downloading [=======================>                           ]
 3.146MB/6.637MB
 062e450697fa Downloading [===>                                               ]
 2.097MB/29.78MB
 5b334862de59 Downloading [=>                                                 ]
 1.049MB/36.04MB
 2ae0ff59695b Downloading [===================================>               ]
 10.49MB/14.8MB
 25b81c54c528 Downloading [=======================>                           ]
 3.146MB/6.637MB
 062e450697fa Downloading [===>                                               ]
 2.097MB/29.78MB
 5b334862de59 Downloading [=>                                                 ]
 1.049MB/36.04MB
 062e450697fa Downloading [===>                                               ]
 2.097MB/29.78MB
 5b334862de59 Downloading [=>                                                 ]
 1.049MB/36.04MB
 2ae0ff59695b Downloading [===================================>               ]
 10.49MB/14.8MB
 25b81c54c528 Downloading [=======================>                           ]
 3.146MB/6.637MB
 2ae0ff59695b Downloading [===================================>               ]
 10.49MB/14.8MB
 25b81c54c528 Downloading [=======================>                           ]
 3.146MB/6.637MB
 062e450697fa Downloading [===>                                               ]
 2.097MB/29.78MB
 5b334862de59 Downloading [==>                                                ]
 2.097MB/36.04MB
 062e450697fa Downloading [===>                                               ]
 2.097MB/29.78MB
 5b334862de59 Downloading [==>                                                ]
 2.097MB/36.04MB
 2ae0ff59695b Downloading [===================================>               ]
 10.49MB/14.8MB
 25b81c54c528 Downloading [=======================>                           ]
 3.146MB/6.637MB
 2ae0ff59695b Downloading [===================================>               ]
 10.49MB/14.8MB
 25b81c54c528 Downloading [=======================>                           ]
 3.146MB/6.637MB
 062e450697fa Downloading [===>                                               ]
 2.097MB/29.78MB
 5b334862de59 Downloading [==>                                                ]
 2.097MB/36.04MB
 5b334862de59 Downloading [==>                                                ]
 2.097MB/36.04MB
 2ae0ff59695b Downloading [===================================>
 2ae0ff59695b Downloading [===================================>               ]
 10.49MB/14.8MB
 25b81c54c528 Downloading [=======================>                           ]
 3.146MB/6.637MB
 062e450697fa Downloading [===>                                               ]
 2.097MB/29.78MB
 2ae0ff59695b Downloading [===================================>               ]
 10.49MB/14.8MB
 25b81c54c528 Downloading [=======================>                           ]
 3.146MB/6.637MB
 062e450697fa Downloading [===>                                               ]
 2.097MB/29.78MB
 5b334862de59 Downloading [==>                                                ]
 2.097MB/36.04MB
 2ae0ff59695b Downloading [===================================>               ]
 10.49MB/14.8MB
 25b81c54c528 Downloading [=======================>                           ]
 3.146MB/6.637MB
 062e450697fa Downloading [===>                                               ]
 2.097MB/29.78MB
 5b334862de59 Downloading [==>                                                ]
 2.097MB/36.04MB
 062e450697fa Downloading [===>                                               ]
 2.097MB/29.78MB
 5b334862de59 Downloading [==>                                                ]
 2.097MB/36.04MB
 2ae0ff59695b Downloading [===================================>               ]
 10.49MB/14.8MB
 25b81c54c528 Downloading [=======================>                           ]
 3.146MB/6.637MB
 2ae0ff59695b Downloading [===================================>               ]
 10.49MB/14.8MB
 25b81c54c528 Downloading [=======================>                           ]
 3.146MB/6.637MB
 062e450697fa Downloading [===>                                               ]
 2.097MB/29.78MB
 5b334862de59 Downloading [==>                                                ]
 2.097MB/36.04MB
 062e450697fa Downloading [===>                                               ]
 2.097MB/29.78MB
 5b334862de59 Downloading [==>                                                ]
 2.097MB/36.04MB
 2ae0ff59695b Downloading [===================================>               ]
 10.49MB/14.8MB
 25b81c54c528 Downloading [=======================>                           ]
 3.146MB/6.637MB
 2ae0ff59695b Downloading [======================================>            ]
 11.53MB/14.8MB
 25b81c54c528 Downloading [=======================>                           ]
 3.146MB/6.637MB
 062e450697fa Downloading [===>                                               ]
 2.097MB/29.78MB
 5b334862de59 Downloading [==>                                                ]
 2.097MB/36.04MB
 2ae0ff59695b Downloading [======================================>            ]
 11.53MB/14.8MB
 25b81c54c528 Downloading [=======================>                           ]
 3.146MB/6.637MB
 062e450697fa Downloading [===>                                               ]
 2.097MB/29.78MB
 5b334862de59 Downloading [==>                                                ]
 2.097MB/36.04MB
 2ae0ff59695b Downloading [======================================>            ]
 11.53MB/14.8MB
 25b81c54c528 Downloading [=======================>                           ]
 3.146MB/6.637MB
 062e450697fa Downloading [===>                                               ]
 2.097MB/29.78MB
 5b334862de59 Downloading [==>                                                ]
 2.097MB/36.04MB
 2ae0ff59695b Downloading [======================================>            ]
 11.53MB/14.8MB
 25b81c54c528 Downloading [=======================>                           ]
 3.146MB/6.637MB
 062e450697fa Downloading [===>                                               ]
 2.097MB/29.78MB
 5b334862de59 Downloading [==>                                                ]
 2.097MB/36.04MB
 5b334862de59 Downloading [==>                                                ]
 2.097MB/36.04MB
 2ae0ff59695b Downloading [======================================>            ]
 11.53MB/14.8MB
 25b81c54c528 Downloading [=======================>                           ]
 3.146MB/6.637MB
 062e450697fa Downloading [===>
 062e450697fa Downloading [===>                                               ]
 2.097MB/29.78MB
 25b81c54c528 Downloading [=======================>                           ]
 3.146MB/6.637MB
 062e450697fa Downloading [===>                                               ]
 2.097MB/29.78MB
 5b334862de59 Downloading [==>                                                ]
 2.097MB/36.04MB
 2ae0ff59695b Downloading [======================================>            ]
 11.53MB/14.8MB
 2ae0ff59695b Downloading [======================================>            ]
 11.53MB/14.8MB
 25b81c54c528 Downloading [=======================>                           ]
 3.146MB/6.637MB
 062e450697fa Downloading [===>                                               ]
 2.097MB/29.78MB
 5b334862de59 Downloading [==>                                                ]
 2.097MB/36.04MB
 2ae0ff59695b Downloading [======================================>            ]
 11.53MB/14.8MB
 25b81c54c528 Downloading [=======================>                           ]
 3.146MB/6.637MB
 062e450697fa Downloading [===>                                               ]
 2.097MB/29.78MB
 5b334862de59 Downloading [==>                                                ]
 2.097MB/36.04MB
 2ae0ff59695b Downloading [======================================>            ]
 11.53MB/14.8MB
 25b81c54c528 Downloading [=======================>                           ]
 3.146MB/6.637MB
 062e450697fa Downloading [===>                                               ]
 2.097MB/29.78MB
 5b334862de59 Downloading [==>                                                ]
 2.097MB/36.04MB
 062e450697fa Downloading [===>                                               ]
 2.097MB/29.78MB
 5b334862de59 Downloading [==>                                                ]
 2.097MB/36.04MB
 2ae0ff59695b Downloading [======================================>            ]
 11.53MB/14.8MB
 25b81c54c528 Downloading [=======================>                           ]
 3.146MB/6.637MB
 062e450697fa Downloading [===>                                               ]
 2.097MB/29.78MB
 5b334862de59 Downloading [==>                                                ]
 2.097MB/36.04MB
 2ae0ff59695b Downloading [======================================>            ]
 11.53MB/14.8MB
 25b81c54c528 Downloading [=======================>                           ]
 3.146MB/6.637MB
 062e450697fa Downloading [===>                                               ]
 2.097MB/29.78MB
 5b334862de59 Downloading [==>                                                ]
 2.097MB/36.04MB
 2ae0ff59695b Downloading [======================================>            ]
 11.53MB/14.8MB
 25b81c54c528 Downloading [=======================>                           ]
 3.146MB/6.637MB
 2ae0ff59695b Downloading [======================================>            ]
 11.53MB/14.8MB
 25b81c54c528 Downloading [=======================>                           ]
 3.146MB/6.637MB
 062e450697fa Downloading [===>                                               ]
 2.097MB/29.78MB
 5b334862de59 Downloading [==>                                                ]
 2.097MB/36.04MB
 5b334862de59 Downloading [==>                                                ]
 2.097MB/36.04MB
 2ae0ff59695b Downloading [======================================>            ]
 11.53MB/14.8MB
 25b81c54c528 Downloading [=======================>                           ]
 3.146MB/6.637MB
 062e450697fa Downloading [===>                                               ]
 2.097MB/29.78MB
 2ae0ff59695b Downloading [==========================================>        ]
 12.58MB/14.8MB
 25b81c54c528 Downloading [=======================>                           ]
 3.146MB/6.637MB
 062e450697fa Downloading [===>                                               ]
 2.097MB/29.78MB
 5b334862de59 Downloading [==>                                                ]
 2.097MB/36.04MB
 5b334862de59 Downloading [==>                                                ]
 2.097MB/36.04MB
 2ae0ff59695b Downloading [==================
 2ae0ff59695b Downloading [==========================================>        ]
 12.58MB/14.8MB
 25b81c54c528 Downloading [===============================>                   ]
 4.194MB/6.637MB
 062e450697fa Downloading [=====>                                             ]
 3.146MB/29.78MB
 062e450697fa Downloading [=====>                                             ]
 3.146MB/29.78MB
 5b334862de59 Downloading [==>                                                ]
 2.097MB/36.04MB
 2ae0ff59695b Downloading [==========================================>        ]
 12.58MB/14.8MB
 25b81c54c528 Downloading [===============================>                   ]
 4.194MB/6.637MB
 062e450697fa Downloading [=====>                                             ]
 3.146MB/29.78MB
 5b334862de59 Downloading [==>                                                ]
 2.097MB/36.04MB
 2ae0ff59695b Downloading [==========================================>        ]
 12.58MB/14.8MB
 25b81c54c528 Downloading [===============================>                   ]
 4.194MB/6.637MB
 062e450697fa Downloading [=====>                                             ]
 3.146MB/29.78MB
 5b334862de59 Downloading [==>                                                ]
 2.097MB/36.04MB
 2ae0ff59695b Downloading [==========================================>        ]
 12.58MB/14.8MB
 25b81c54c528 Downloading [===============================>                   ]
 4.194MB/6.637MB
 062e450697fa Downloading [=====>                                             ]
 3.146MB/29.78MB
 5b334862de59 Downloading [==>                                                ]
 2.097MB/36.04MB
 2ae0ff59695b Downloading [==========================================>        ]
 12.58MB/14.8MB
 25b81c54c528 Downloading [===============================>                   ]
 4.194MB/6.637MB
 062e450697fa Downloading [=====>                                             ]
 3.146MB/29.78MB
 5b334862de59 Downloading [==>                                                ]
 2.097MB/36.04MB
 2ae0ff59695b Downloading [==========================================>        ]
 12.58MB/14.8MB
 25b81c54c528 Downloading [===============================>                   ]
 4.194MB/6.637MB
 25b81c54c528 Downloading [===============================>                   ]
 4.194MB/6.637MB
 062e450697fa Downloading [=====>                                             ]
 3.146MB/29.78MB
 5b334862de59 Downloading [==>                                                ]
 2.097MB/36.04MB
 2ae0ff59695b Downloading [==========================================>        ]
 12.58MB/14.8MB
 2ae0ff59695b Downloading [==========================================>        ]
 12.58MB/14.8MB
 25b81c54c528 Downloading [===============================>                   ]
 4.194MB/6.637MB
 062e450697fa Downloading [=====>                                             ]
 3.146MB/29.78MB
 5b334862de59 Downloading [==>                                                ]
 2.097MB/36.04MB
 2ae0ff59695b Downloading [==========================================>        ]
 12.58MB/14.8MB
 25b81c54c528 Downloading [===============================>                   ]
 4.194MB/6.637MB
 062e450697fa Downloading [=====>                                             ]
 3.146MB/29.78MB
 5b334862de59 Downloading [==>                                                ]
 2.097MB/36.04MB
 062e450697fa Downloading [=====>                                             ]
 3.146MB/29.78MB
 5b334862de59 Downloading [==>                                                ]
 2.097MB/36.04MB
 2ae0ff59695b Downloading [==========================================>        ]
 12.58MB/14.8MB
 25b81c54c528 Downloading [===============================>                   ]
 4.194MB/6.637MB
 062e450697fa Downloading [=====>                                             ]
 3.146MB/29.78MB
 5b334862de59 Downloading [==>                                                ]
 2.097MB/36.04MB
 2ae0ff59695b Downloading [==========================================>        ]
 12.58MB/14.8MB
 25b81c54c528 Downloading [========
 25b81c54c528 Downloading [===============================>                   ]
 4.194MB/6.637MB
 062e450697fa Downloading [=====>                                             ]
 3.146MB/29.78MB
 5b334862de59 Downloading [==>                                                ]
 2.097MB/36.04MB
 2ae0ff59695b Downloading [==========================================>        ]
 12.58MB/14.8MB
 25b81c54c528 Downloading [===============================>                   ]
 4.194MB/6.637MB
 2ae0ff59695b Downloading [==========================================>        ]
 12.58MB/14.8MB
 25b81c54c528 Downloading [===============================>                   ]
 4.194MB/6.637MB
 062e450697fa Downloading [=====>                                             ]
 3.146MB/29.78MB
 5b334862de59 Downloading [==>                                                ]
 2.097MB/36.04MB
 2ae0ff59695b Downloading [==========================================>        ]
 12.58MB/14.8MB
 25b81c54c528 Downloading [===============================>                   ]
 4.194MB/6.637MB
 062e450697fa Downloading [=====>                                             ]
 3.146MB/29.78MB
 5b334862de59 Downloading [==>                                                ]
 2.097MB/36.04MB
 2ae0ff59695b Downloading [==========================================>        ]
 12.58MB/14.8MB
 25b81c54c528 Downloading [===============================>                   ]
 4.194MB/6.637MB
 062e450697fa Downloading [=====>                                             ]
 3.146MB/29.78MB
 5b334862de59 Downloading [==>                                                ]
 2.097MB/36.04MB
 062e450697fa Downloading [=====>                                             ]
 3.146MB/29.78MB
 5b334862de59 Downloading [==>                                                ]
 2.097MB/36.04MB
 2ae0ff59695b Downloading [==========================================>        ]
 12.58MB/14.8MB
 25b81c54c528 Downloading [===============================>                   ]
 4.194MB/6.637MB
 2ae0ff59695b Downloading [==============================================>    ]
 13.63MB/14.8MB
 25b81c54c528 Downloading [===============================>                   ]
 4.194MB/6.637MB
 062e450697fa Downloading [=====>                                             ]
 3.146MB/29.78MB
 5b334862de59 Downloading [==>                                                ]
 2.097MB/36.04MB
 062e450697fa Downloading [=====>                                             ]
 3.146MB/29.78MB
 5b334862de59 Downloading [====>                                              ]
 3.146MB/36.04MB
 2ae0ff59695b Downloading [==============================================>    ]
 13.63MB/14.8MB
 25b81c54c528 Downloading [===============================>                   ]
 4.194MB/6.637MB
 2ae0ff59695b Downloading [==============================================>    ]
 13.63MB/14.8MB
 25b81c54c528 Downloading [===============================>                   ]
 4.194MB/6.637MB
 062e450697fa Downloading [=====>                                             ]
 3.146MB/29.78MB
 5b334862de59 Downloading [====>                                              ]
 3.146MB/36.04MB
 5b334862de59 Downloading [====>                                              ]
 3.146MB/36.04MB
 2ae0ff59695b Downloading [==============================================>    ]
 13.63MB/14.8MB
 25b81c54c528 Downloading [===============================>                   ]
 4.194MB/6.637MB
 062e450697fa Downloading [=====>                                             ]
 3.146MB/29.78MB
 062e450697fa Downloading [=====>                                             ]
 3.146MB/29.78MB
 5b334862de59 Downloading [====>                                              ]
 3.146MB/36.04MB
 2ae0ff59695b Downloading [==============================================>    ]
 13.63MB/14.8MB
 25b81c54c528 Downloading [===============================>                   ]
 4.194MB/6.637MB
 2ae0ff59695b Downloading [==============================================>    ]
 13.63MB/14.8MB
 25b81c54c528 Downloading
 25b81c54c528 Downloading [===============================>                   ]
 4.194MB/6.637MB
 062e450697fa Downloading [=====>                                             ]
 3.146MB/29.78MB
 5b334862de59 Downloading [====>                                              ]
 3.146MB/36.04MB
 062e450697fa Downloading [=====>                                             ]
 3.146MB/29.78MB
 5b334862de59 Downloading [====>                                              ]
 3.146MB/36.04MB
 2ae0ff59695b Downloading [==============================================>    ]
 13.63MB/14.8MB
 25b81c54c528 Downloading [===============================>                   ]
 4.194MB/6.637MB
 2ae0ff59695b Downloading [==============================================>    ]
 13.63MB/14.8MB
 25b81c54c528 Downloading [===============================>                   ]
 4.194MB/6.637MB
 062e450697fa Downloading [=====>                                             ]
 3.146MB/29.78MB
 5b334862de59 Downloading [====>                                              ]
 3.146MB/36.04MB
 2ae0ff59695b Downloading [==============================================>    ]
 13.63MB/14.8MB
 25b81c54c528 Downloading [===============================>                   ]
 4.194MB/6.637MB
 062e450697fa Downloading [=====>                                             ]
 3.146MB/29.78MB
 5b334862de59 Downloading [====>                                              ]
 3.146MB/36.04MB
 5b334862de59 Downloading [====>                                              ]
 3.146MB/36.04MB
 2ae0ff59695b Downloading [==============================================>    ]
 13.63MB/14.8MB
 25b81c54c528 Downloading [===============================>                   ]
 4.194MB/6.637MB
 062e450697fa Downloading [=====>                                             ]
 3.146MB/29.78MB
 062e450697fa Downloading [=====>                                             ]
 3.146MB/29.78MB
 5b334862de59 Downloading [====>                                              ]
 3.146MB/36.04MB
 2ae0ff59695b Downloading [==============================================>    ]
 13.63MB/14.8MB
 25b81c54c528 Downloading [===============================>                   ]
 4.194MB/6.637MB
 2ae0ff59695b Downloading [==============================================>    ]
 13.63MB/14.8MB
 25b81c54c528 Downloading [=======================================>           ]
 5.243MB/6.637MB
 062e450697fa Downloading [=====>                                             ]
 3.146MB/29.78MB
 5b334862de59 Downloading [====>                                              ]
 3.146MB/36.04MB
 5b334862de59 Downloading [====>                                              ]
 3.146MB/36.04MB
 2ae0ff59695b Downloading [==============================================>    ]
 13.63MB/14.8MB
 25b81c54c528 Downloading [=======================================>           ]
 5.243MB/6.637MB
 062e450697fa Downloading [=====>                                             ]
 3.146MB/29.78MB
 062e450697fa Downloading [=====>                                             ]
 3.146MB/29.78MB
 5b334862de59 Downloading [====>                                              ]
 3.146MB/36.04MB
 2ae0ff59695b Downloading [==============================================>    ]
 13.63MB/14.8MB
 25b81c54c528 Downloading [=======================================>           ]
 5.243MB/6.637MB
 2ae0ff59695b Downloading [==============================================>    ]
 13.63MB/14.8MB
 25b81c54c528 Downloading [=======================================>           ]
 5.243MB/6.637MB
 062e450697fa Downloading [=====>                                             ]
 3.146MB/29.78MB
 5b334862de59 Downloading [====>                                              ]
 3.146MB/36.04MB
 2ae0ff59695b Downloading [==============================================>    ]
 13.63MB/14.8MB
 25b81c54c528 Downloading [=======================================>           ]
 5.243MB/6.637MB
 062e450697fa Downloading [=====>                                             ]
 3.146MB/29.78MB
 5b334862de59
 5b334862de59 Downloading [====>                                              ]
 3.146MB/36.04MB
 062e450697fa Downloading [=====>                                             ]
 3.146MB/29.78MB
 5b334862de59 Downloading [====>                                              ]
 3.146MB/36.04MB
 2ae0ff59695b Downloading [==============================================>    ]
 13.63MB/14.8MB
 25b81c54c528 Downloading [=======================================>           ]
 5.243MB/6.637MB
 5b334862de59 Downloading [====>                                              ]
 3.146MB/36.04MB
 2ae0ff59695b Downloading [==============================================>    ]
 13.63MB/14.8MB
 25b81c54c528 Downloading [=======================================>           ]
 5.243MB/6.637MB
 062e450697fa Downloading [=====>                                             ]
 3.146MB/29.78MB
 062e450697fa Downloading [=====>                                             ]
 3.146MB/29.78MB
 5b334862de59 Downloading [====>                                              ]
 3.146MB/36.04MB
 2ae0ff59695b Downloading [==============================================>    ]
 13.63MB/14.8MB
 25b81c54c528 Downloading [=======================================>           ]
 5.243MB/6.637MB
 5b334862de59 Downloading [====>                                              ]
 3.146MB/36.04MB
 2ae0ff59695b Downloading [==============================================>    ]
 13.63MB/14.8MB
 25b81c54c528 Downloading [=======================================>           ]
 5.243MB/6.637MB
 062e450697fa Downloading [=====>                                             ]
 3.146MB/29.78MB
 5b334862de59 Downloading [====>                                              ]
 3.146MB/36.04MB
 2ae0ff59695b Downloading [=================================================> ]
 14.68MB/14.8MB
 25b81c54c528 Downloading [=======================================>           ]
 5.243MB/6.637MB
 062e450697fa Downloading [=====>                                             ]
 3.146MB/29.78MB
 062e450697fa Downloading [=====>                                             ]
 3.146MB/29.78MB
 5b334862de59 Downloading [====>                                              ]
 3.146MB/36.04MB
 2ae0ff59695b Download complete
 25b81c54c528 Downloading [=======================================>           ]
 5.243MB/6.637MB
 25b81c54c528 Downloading [=======================================>           ]
 5.243MB/6.637MB
 062e450697fa Downloading [=====>                                             ]
 3.146MB/29.78MB
 5b334862de59 Downloading [====>                                              ]
 3.146MB/36.04MB
 25b81c54c528 Downloading [=======================================>           ]
 5.243MB/6.637MB
 062e450697fa Downloading [=====>                                             ]
 3.146MB/29.78MB
 5b334862de59 Downloading [====>                                              ]
 3.146MB/36.04MB
 5b334862de59 Downloading [====>                                              ]
 3.146MB/36.04MB
 25b81c54c528 Downloading [=======================================>           ]
 5.243MB/6.637MB
 062e450697fa Downloading [=====>                                             ]
 3.146MB/29.78MB
 25b81c54c528 Downloading [=======================================>           ]
 5.243MB/6.637MB
 062e450697fa Downloading [=====>                                             ]
 3.146MB/29.78MB
 5b334862de59 Downloading [====>                                              ]
 3.146MB/36.04MB
 5b334862de59 Downloading [====>                                              ]
 3.146MB/36.04MB
 25b81c54c528 Downloading [=======================================>           ]
 5.243MB/6.637MB
 062e450697fa Downloading [=====>                                             ]
 3.146MB/29.78MB
 062e450697fa Downloading [=====>                                             ]
 3.146MB/29.78MB
 5b334862de59 Downloading [====>                                              ]
 3.146MB/36.04MB
 25b81c54c528 Downloading [===================================
 25b81c54c528 Downloading [=======================================>           ]
 5.243MB/6.637MB
 25b81c54c528 Downloading [=======================================>           ]
 5.243MB/6.637MB
 062e450697fa Downloading [=====>                                             ]
 3.146MB/29.78MB
 5b334862de59 Downloading [====>                                              ]
 3.146MB/36.04MB
 25b81c54c528 Downloading [=======================================>           ]
 5.243MB/6.637MB
 062e450697fa Downloading [=====>                                             ]
 3.146MB/29.78MB
 5b334862de59 Downloading [====>                                              ]
 3.146MB/36.04MB
 5b334862de59 Downloading [====>                                              ]
 3.146MB/36.04MB
 25b81c54c528 Downloading [=======================================>           ]
 5.243MB/6.637MB
 062e450697fa Downloading [=====>                                             ]
 3.146MB/29.78MB
 062e450697fa Downloading [=====>                                             ]
 3.146MB/29.78MB
 5b334862de59 Downloading [====>                                              ]
 3.146MB/36.04MB
 25b81c54c528 Downloading [=======================================>           ]
 5.243MB/6.637MB
 25b81c54c528 Downloading [=======================================>           ]
 5.243MB/6.637MB
 062e450697fa Downloading [=======>                                           ]
 4.194MB/29.78MB
 5b334862de59 Downloading [====>                                              ]
 3.146MB/36.04MB
 062e450697fa Downloading [=======>                                           ]
 4.194MB/29.78MB
 5b334862de59 Downloading [====>                                              ]
 3.146MB/36.04MB
 25b81c54c528 Downloading [=======================================>           ]
 5.243MB/6.637MB
 25b81c54c528 Downloading [=======================================>           ]
 5.243MB/6.637MB
 062e450697fa Downloading [=======>                                           ]
 4.194MB/29.78MB
 5b334862de59 Downloading [====>                                              ]
 3.146MB/36.04MB
 25b81c54c528 Downloading [=======================================>           ]
 5.243MB/6.637MB
 062e450697fa Downloading [=======>                                           ]
 4.194MB/29.78MB
 5b334862de59 Downloading [====>                                              ]
 3.146MB/36.04MB
 25b81c54c528 Downloading [=======================================>           ]
 5.243MB/6.637MB
 062e450697fa Downloading [=======>                                           ]
 4.194MB/29.78MB
 5b334862de59 Downloading [====>                                              ]
 3.146MB/36.04MB
 062e450697fa Downloading [=======>                                           ]
 4.194MB/29.78MB
 5b334862de59 Downloading [====>                                              ]
 3.146MB/36.04MB
 25b81c54c528 Downloading [=======================================>           ]
 5.243MB/6.637MB
 25b81c54c528 Downloading [=======================================>           ]
 5.243MB/6.637MB
 062e450697fa Downloading [=======>                                           ]
 4.194MB/29.78MB
 5b334862de59 Downloading [====>                                              ]
 3.146MB/36.04MB
 25b81c54c528 Downloading [=======================================>           ]
 5.243MB/6.637MB
 062e450697fa Downloading [=======>                                           ]
 4.194MB/29.78MB
 5b334862de59 Downloading [====>                                              ]
 3.146MB/36.04MB
 25b81c54c528 Downloading [=======================================>           ]
 5.243MB/6.637MB
 062e450697fa Downloading [=======>                                           ]
 4.194MB/29.78MB
 5b334862de59 Downloading [====>                                              ]
 3.146MB/36.04MB
 062e450697fa Downloading [=======>                                           ]
 4.194MB/29.78MB
 5b334862de59 Downloading [====>                                              ]
 3.146MB/36.04MB
 25b81c54c528 Downloading [==============
 25b81c54c528 Downloading [=======================================>           ]
 5.243MB/6.637MB
 062e450697fa Downloading [=======>                                           ]
 4.194MB/29.78MB
 5b334862de59 Downloading [====>                                              ]
 3.146MB/36.04MB
 25b81c54c528 Downloading [=======================================>           ]
 5.243MB/6.637MB
 062e450697fa Downloading [=======>                                           ]
 4.194MB/29.78MB
 5b334862de59 Downloading [====>                                              ]
 3.146MB/36.04MB
 25b81c54c528 Downloading [=======================================>           ]
 5.243MB/6.637MB
 25b81c54c528 Downloading [=======================================>           ]
 5.243MB/6.637MB
 062e450697fa Downloading [=======>                                           ]
 4.194MB/29.78MB
 5b334862de59 Downloading [====>                                              ]
 3.146MB/36.04MB
 25b81c54c528 Downloading [=======================================>           ]
 5.243MB/6.637MB
 062e450697fa Downloading [=======>                                           ]
 4.194MB/29.78MB
 5b334862de59 Downloading [====>                                              ]
 3.146MB/36.04MB
 25b81c54c528 Downloading [=======================================>           ]
 5.243MB/6.637MB
 062e450697fa Downloading [=======>                                           ]
 4.194MB/29.78MB
 5b334862de59 Downloading [====>                                              ]
 3.146MB/36.04MB
 25b81c54c528 Downloading [=======================================>           ]
 5.243MB/6.637MB
 062e450697fa Downloading [=======>                                           ]
 4.194MB/29.78MB
 5b334862de59 Downloading [====>                                              ]
 3.146MB/36.04MB
 25b81c54c528 Downloading [=======================================>           ]
 5.243MB/6.637MB
 062e450697fa Downloading [=======>                                           ]
 4.194MB/29.78MB
 5b334862de59 Downloading [====>                                              ]
 3.146MB/36.04MB
 25b81c54c528 Downloading [=======================================>           ]
 5.243MB/6.637MB
 062e450697fa Downloading [=======>                                           ]
 4.194MB/29.78MB
 5b334862de59 Downloading [====>                                              ]
 3.146MB/36.04MB
 062e450697fa Downloading [=======>                                           ]
 4.194MB/29.78MB
 5b334862de59 Downloading [====>                                              ]
 3.146MB/36.04MB
 25b81c54c528 Downloading [=======================================>           ]
 5.243MB/6.637MB
 25b81c54c528 Downloading [===============================================>   ]
 6.291MB/6.637MB
 062e450697fa Downloading [=======>                                           ]
 4.194MB/29.78MB
 5b334862de59 Downloading [====>                                              ]
 3.146MB/36.04MB
 5b334862de59 Downloading [====>                                              ]
 3.146MB/36.04MB
 25b81c54c528 Downloading [===============================================>   ]
 6.291MB/6.637MB
 062e450697fa Downloading [=======>                                           ]
 4.194MB/29.78MB
 5b334862de59 Downloading [=====>                                             ]
 4.194MB/36.04MB
 25b81c54c528 Downloading [===============================================>   ]
 6.291MB/6.637MB
 062e450697fa Downloading [=======>                                           ]
 4.194MB/29.78MB
 25b81c54c528 Downloading [===============================================>   ]
 6.291MB/6.637MB
 062e450697fa Downloading [=======>                                           ]
 4.194MB/29.78MB
 5b334862de59 Downloading [=====>                                             ]
 4.194MB/36.04MB
 062e450697fa Downloading [=======>                                           ]
 4.194MB/29.78MB
 5b334862de59 Downloading [=====>                                             ]
 4.194MB/36.04MB
 25b81c54c528 Downlo
 25b81c54c528 Downloading [===============================================>   ]
 6.291MB/6.637MB
 25b81c54c528 Downloading [===============================================>   ]
 6.291MB/6.637MB
 062e450697fa Downloading [=======>                                           ]
 4.194MB/29.78MB
 5b334862de59 Downloading [=====>                                             ]
 4.194MB/36.04MB
 25b81c54c528 Downloading [===============================================>   ]
 6.291MB/6.637MB
 062e450697fa Downloading [=======>                                           ]
 4.194MB/29.78MB
 5b334862de59 Downloading [=====>                                             ]
 4.194MB/36.04MB
 5b334862de59 Downloading [=====>                                             ]
 4.194MB/36.04MB
 25b81c54c528 Downloading [===============================================>   ]
 6.291MB/6.637MB
 062e450697fa Downloading [=======>                                           ]
 4.194MB/29.78MB
 5b334862de59 Downloading [=====>                                             ]
 4.194MB/36.04MB
 25b81c54c528 Downloading [===============================================>   ]
 6.291MB/6.637MB
 062e450697fa Downloading [=======>                                           ]
 4.194MB/29.78MB
 25b81c54c528 Downloading [===============================================>   ]
 6.291MB/6.637MB
 062e450697fa Downloading [=======>                                           ]
 4.194MB/29.78MB
 5b334862de59 Downloading [=====>                                             ]
 4.194MB/36.04MB
 25b81c54c528 Downloading [===============================================>   ]
 6.291MB/6.637MB
 062e450697fa Downloading [=======>                                           ]
 4.194MB/29.78MB
 5b334862de59 Downloading [=====>                                             ]
 4.194MB/36.04MB
 25b81c54c528 Downloading [===============================================>   ]
 6.291MB/6.637MB
 062e450697fa Downloading [=======>                                           ]
 4.194MB/29.78MB
 5b334862de59 Downloading [=====>                                             ]
 4.194MB/36.04MB
 062e450697fa Downloading [=======>                                           ]
 4.194MB/29.78MB
 5b334862de59 Downloading [=====>                                             ]
 4.194MB/36.04MB
 25b81c54c528 Download complete
 062e450697fa Downloading [=======>                                           ]
 4.194MB/29.78MB
 5b334862de59 Downloading [=====>                                             ]
 4.194MB/36.04MB
 062e450697fa Downloading [=======>                                           ]
 4.194MB/29.78MB
 5b334862de59 Downloading [=====>                                             ]
 4.194MB/36.04MB
 062e450697fa Downloading [=======>                                           ]
 4.194MB/29.78MB
 5b334862de59 Downloading [=====>                                             ]
 4.194MB/36.04MB
 062e450697fa Downloading [=======>                                           ]
 4.194MB/29.78MB
 5b334862de59 Downloading [=====>                                             ]
 4.194MB/36.04MB
 062e450697fa Downloading [=======>                                           ]
 4.194MB/29.78MB
 5b334862de59 Downloading [=====>                                             ]
 4.194MB/36.04MB
 5b334862de59 Downloading [=====>                                             ]
 4.194MB/36.04MB
 062e450697fa Downloading [=======>                                           ]
 4.194MB/29.78MB
 062e450697fa Downloading [=======>                                           ]
 4.194MB/29.78MB
 5b334862de59 Downloading [=====>                                             ]
 4.194MB/36.04MB
 062e450697fa Downloading [=======>                                           ]
 4.194MB/29.78MB
 5b334862de59 Downloading [=====>                                             ]
 4.194MB/36.04MB
 062e450697fa Downloading [=======>                                           ]
 4.194MB/29.78MB
 5b334862de59 Downloading [=====>
 5b334862de59 Downloading [=====>                                             ]
 4.194MB/36.04MB
 5b334862de59 Downloading [=====>                                             ]
 4.194MB/36.04MB
 062e450697fa Downloading [=======>                                           ]
 4.194MB/29.78MB
 062e450697fa Downloading [=======>                                           ]
 4.194MB/29.78MB
 5b334862de59 Downloading [=====>                                             ]
 4.194MB/36.04MB
 062e450697fa Downloading [=======>                                           ]
 4.194MB/29.78MB
 5b334862de59 Downloading [=====>                                             ]
 4.194MB/36.04MB
 062e450697fa Downloading [=======>                                           ]
 4.194MB/29.78MB
 5b334862de59 Downloading [=====>                                             ]
 4.194MB/36.04MB
 062e450697fa Downloading [=======>                                           ]
 4.194MB/29.78MB
 5b334862de59 Downloading [=====>                                             ]
 4.194MB/36.04MB
 062e450697fa Downloading [=======>                                           ]
 4.194MB/29.78MB
 5b334862de59 Downloading [=====>                                             ]
 4.194MB/36.04MB
 062e450697fa Downloading [=======>                                           ]
 4.194MB/29.78MB
 5b334862de59 Downloading [=====>                                             ]
 4.194MB/36.04MB
 062e450697fa Downloading [=======>                                           ]
 4.194MB/29.78MB
 5b334862de59 Downloading [=====>                                             ]
 4.194MB/36.04MB
 062e450697fa Downloading [=======>                                           ]
 4.194MB/29.78MB
 5b334862de59 Downloading [=====>                                             ]
 4.194MB/36.04MB
 062e450697fa Downloading [=======>                                           ]
 4.194MB/29.78MB
 5b334862de59 Downloading [=====>                                             ]
 4.194MB/36.04MB
 062e450697fa Downloading [========>                                          ]
 5.243MB/29.78MB
 5b334862de59 Downloading [=====>                                             ]
 4.194MB/36.04MB
 062e450697fa Downloading [========>                                          ]
 5.243MB/29.78MB
 5b334862de59 Downloading [=====>                                             ]
 4.194MB/36.04MB
 062e450697fa Downloading [========>                                          ]
 5.243MB/29.78MB
 5b334862de59 Downloading [=====>                                             ]
 4.194MB/36.04MB
 062e450697fa Downloading [========>                                          ]
 5.243MB/29.78MB
 5b334862de59 Downloading [=====>                                             ]
 4.194MB/36.04MB
 5b334862de59 Downloading [=====>                                             ]
 4.194MB/36.04MB
 062e450697fa Downloading [========>                                          ]
 5.243MB/29.78MB
 062e450697fa Downloading [========>                                          ]
 5.243MB/29.78MB
 5b334862de59 Downloading [=====>                                             ]
 4.194MB/36.04MB
 062e450697fa Downloading [========>                                          ]
 5.243MB/29.78MB
 5b334862de59 Downloading [=====>                                             ]
 4.194MB/36.04MB
 062e450697fa Downloading [========>                                          ]
 5.243MB/29.78MB
 5b334862de59 Downloading [=====>                                             ]
 4.194MB/36.04MB
 062e450697fa Downloading [========>                                          ]
 5.243MB/29.78MB
 5b334862de59 Downloading [=====>                                             ]
 4.194MB/36.04MB
 062e450697fa Downloading [========>                                          ]
 5.243MB/29.78MB
 5b334862de59 Downloading [=====>                                             ]
 4.194MB/36.04MB
 062e450697fa Downloading [========>                                          ]
 5.243MB/29.78MB
 5b334862de59 Downloading [=====>
 5b334862de59 Downloading [=====>                                             ]
 4.194MB/36.04MB
 062e450697fa Downloading [========>                                          ]
 5.243MB/29.78MB
 5b334862de59 Downloading [=====>                                             ]
 4.194MB/36.04MB
 062e450697fa Downloading [========>                                          ]
 5.243MB/29.78MB
 5b334862de59 Downloading [=====>                                             ]
 4.194MB/36.04MB
 062e450697fa Downloading [========>                                          ]
 5.243MB/29.78MB
 5b334862de59 Downloading [=====>                                             ]
 4.194MB/36.04MB
 5b334862de59 Downloading [=====>                                             ]
 4.194MB/36.04MB
 062e450697fa Downloading [========>                                          ]
 5.243MB/29.78MB
 062e450697fa Downloading [========>                                          ]
 5.243MB/29.78MB
 5b334862de59 Downloading [=====>                                             ]
 4.194MB/36.04MB
 5b334862de59 Downloading [=====>                                             ]
 4.194MB/36.04MB
 062e450697fa Downloading [========>                                          ]
 5.243MB/29.78MB
 062e450697fa Downloading [========>                                          ]
 5.243MB/29.78MB
 5b334862de59 Downloading [=====>                                             ]
 4.194MB/36.04MB
 062e450697fa Downloading [========>                                          ]
 5.243MB/29.78MB
 5b334862de59 Downloading [=====>                                             ]
 4.194MB/36.04MB
 062e450697fa Downloading [========>                                          ]
 5.243MB/29.78MB
 5b334862de59 Downloading [=====>                                             ]
 4.194MB/36.04MB
 062e450697fa Downloading [========>                                          ]
 5.243MB/29.78MB
 5b334862de59 Downloading [=====>                                             ]
 4.194MB/36.04MB
 062e450697fa Downloading [========>                                          ]
 5.243MB/29.78MB
 5b334862de59 Downloading [=====>                                             ]
 4.194MB/36.04MB
 062e450697fa Downloading [========>                                          ]
 5.243MB/29.78MB
 5b334862de59 Downloading [=====>                                             ]
 4.194MB/36.04MB
 062e450697fa Downloading [========>                                          ]
 5.243MB/29.78MB
 5b334862de59 Downloading [=====>                                             ]
 4.194MB/36.04MB
 062e450697fa Downloading [========>                                          ]
 5.243MB/29.78MB
 5b334862de59 Downloading [=====>                                             ]
 4.194MB/36.04MB
 062e450697fa Downloading [========>                                          ]
 5.243MB/29.78MB
 5b334862de59 Downloading [=====>                                             ]
 4.194MB/36.04MB
 062e450697fa Downloading [========>                                          ]
 5.243MB/29.78MB
 5b334862de59 Downloading [=====>                                             ]
 4.194MB/36.04MB
 062e450697fa Downloading [========>                                          ]
 5.243MB/29.78MB
 5b334862de59 Downloading [=====>                                             ]
 4.194MB/36.04MB
 062e450697fa Downloading [========>                                          ]
 5.243MB/29.78MB
 5b334862de59 Downloading [=====>                                             ]
 4.194MB/36.04MB
 062e450697fa Downloading [========>                                          ]
 5.243MB/29.78MB
 5b334862de59 Downloading [=====>                                             ]
 4.194MB/36.04MB
 062e450697fa Downloading [========>                                          ]
 5.243MB/29.78MB
 5b334862de59 Downloading [=======>                                           ]
 5.243MB/36.04MB
 062e450697fa Downloading [========>                                          ]
 5.243MB/29.78MB
 5b334862de59 Downloa
 5b334862de59 Downloading [=======>                                           ]
 5.243MB/36.04MB
 5b334862de59 Downloading [=======>                                           ]
 5.243MB/36.04MB
 062e450697fa Downloading [========>                                          ]
 5.243MB/29.78MB
 062e450697fa Downloading [========>                                          ]
 5.243MB/29.78MB
 5b334862de59 Downloading [=======>                                           ]
 5.243MB/36.04MB
 062e450697fa Downloading [========>                                          ]
 5.243MB/29.78MB
 5b334862de59 Downloading [=======>                                           ]
 5.243MB/36.04MB
 062e450697fa Downloading [========>                                          ]
 5.243MB/29.78MB
 5b334862de59 Downloading [=======>                                           ]
 5.243MB/36.04MB
 062e450697fa Downloading [========>                                          ]
 5.243MB/29.78MB
 5b334862de59 Downloading [=======>                                           ]
 5.243MB/36.04MB
 062e450697fa Downloading [========>                                          ]
 5.243MB/29.78MB
 5b334862de59 Downloading [=======>                                           ]
 5.243MB/36.04MB
 062e450697fa Downloading [========>                                          ]
 5.243MB/29.78MB
 5b334862de59 Downloading [=======>                                           ]
 5.243MB/36.04MB
 062e450697fa Downloading [========>                                          ]
 5.243MB/29.78MB
 5b334862de59 Downloading [=======>                                           ]
 5.243MB/36.04MB
 062e450697fa Downloading [========>                                          ]
 5.243MB/29.78MB
 5b334862de59 Downloading [=======>                                           ]
 5.243MB/36.04MB
 5b334862de59 Downloading [=======>                                           ]
 5.243MB/36.04MB
 062e450697fa Downloading [========>                                          ]
 5.243MB/29.78MB
 062e450697fa Downloading [========>                                          ]
 5.243MB/29.78MB
 5b334862de59 Downloading [=======>                                           ]
 5.243MB/36.04MB
 5b334862de59 Downloading [=======>                                           ]
 5.243MB/36.04MB
 062e450697fa Downloading [========>                                          ]
 5.243MB/29.78MB
 5b334862de59 Downloading [=======>                                           ]
 5.243MB/36.04MB
 062e450697fa Downloading [========>                                          ]
 5.243MB/29.78MB
 062e450697fa Downloading [========>                                          ]
 5.243MB/29.78MB
 5b334862de59 Downloading [=======>                                           ]
 5.243MB/36.04MB
 062e450697fa Downloading [========>                                          ]
 5.243MB/29.78MB
 5b334862de59 Downloading [=======>                                           ]
 5.243MB/36.04MB
 062e450697fa Downloading [==========>                                        ]
 6.291MB/29.78MB
 5b334862de59 Downloading [=======>                                           ]
 5.243MB/36.04MB
 062e450697fa Downloading [==========>                                        ]
 6.291MB/29.78MB
 5b334862de59 Downloading [=======>                                           ]
 5.243MB/36.04MB
 062e450697fa Downloading [==========>                                        ]
 6.291MB/29.78MB
 5b334862de59 Downloading [=======>                                           ]
 5.243MB/36.04MB
 062e450697fa Downloading [==========>                                        ]
 6.291MB/29.78MB
 5b334862de59 Downloading [=======>                                           ]
 5.243MB/36.04MB
 062e450697fa Downloading [==========>                                        ]
 6.291MB/29.78MB
 5b334862de59 Downloading [=======>                                           ]
 5.243MB/36.04MB
 062e450697fa Downloading [==========>                                        ]
 6.291MB/29.78MB
 5b334862de59 Downloading [=======>                                           ]
 5.243MB/36.04MB
 062e450697fa Downloading [==========>                                        ]
 6.291MB/29.78MB
 5b334862de59 Downloading [=======>                                           ]
 5.243MB/36.04MB
 5b334862de59 Downloading [=======>                                           ]
 5.243MB/36.04MB
 062e450697fa Downloading [==========>                                        ]
 6.291MB/29.78MB
 062e450697fa Downloading [==========>                                        ]
 6.291MB/29.78MB
 5b334862de59 Downloading [=======>                                           ]
 5.243MB/36.04MB
 062e450697fa Downloading [==========>                                        ]
 6.291MB/29.78MB
 5b334862de59 Downloading [=======>                                           ]
 5.243MB/36.04MB
 062e450697fa Downloading [==========>                                        ]
 6.291MB/29.78MB
 5b334862de59 Downloading [=======>                                           ]
 5.243MB/36.04MB
 062e450697fa Downloading [==========>                                        ]
 6.291MB/29.78MB
 5b334862de59 Downloading [=======>                                           ]
 5.243MB/36.04MB
 062e450697fa Downloading [==========>                                        ]
 6.291MB/29.78MB
 5b334862de59 Downloading [=======>                                           ]
 5.243MB/36.04MB
 062e450697fa Downloading [==========>                                        ]
 6.291MB/29.78MB
 5b334862de59 Downloading [=======>                                           ]
 5.243MB/36.04MB
 062e450697fa Downloading [==========>                                        ]
 6.291MB/29.78MB
 5b334862de59 Downloading [=======>                                           ]
 5.243MB/36.04MB
 062e450697fa Downloading [==========>                                        ]
 6.291MB/29.78MB
 5b334862de59 Downloading [=======>                                           ]
 5.243MB/36.04MB
 062e450697fa Downloading [==========>                                        ]
 6.291MB/29.78MB
 5b334862de59 Downloading [=======>                                           ]
 5.243MB/36.04MB
 062e450697fa Downloading [==========>                                        ]
 6.291MB/29.78MB
 5b334862de59 Downloading [=======>                                           ]
 5.243MB/36.04MB
 062e450697fa Downloading [==========>                                        ]
 6.291MB/29.78MB
 5b334862de59 Downloading [=======>                                           ]
 5.243MB/36.04MB
 062e450697fa Downloading [==========>                                        ]
 6.291MB/29.78MB
 5b334862de59 Downloading [=======>                                           ]
 5.243MB/36.04MB
 062e450697fa Downloading [==========>                                        ]
 6.291MB/29.78MB
 5b334862de59 Downloading [=======>                                           ]
 5.243MB/36.04MB
 062e450697fa Downloading [==========>                                        ]
 6.291MB/29.78MB
 5b334862de59 Downloading [=======>                                           ]
 5.243MB/36.04MB
 062e450697fa Downloading [==========>                                        ]
 6.291MB/29.78MB
 5b334862de59 Downloading [=======>                                           ]
 5.243MB/36.04MB
 062e450697fa Downloading [==========>                                        ]
 6.291MB/29.78MB
 5b334862de59 Downloading [=======>                                           ]
 5.243MB/36.04MB
 062e450697fa Downloading [==========>                                        ]
 6.291MB/29.78MB
 5b334862de59 Downloading [=======>                                           ]
 5.243MB/36.04MB
 062e450697fa Downloading [==========>                                        ]
 6.291MB/29.78MB
 5b334862de59 Downloading [=======>                                           ]
 5.243MB/36.04MB
 062e450697fa Downloading [==========>
 062e450697fa Downloading [==========>                                        ]
 6.291MB/29.78MB
 5b334862de59 Downloading [=======>                                           ]
 5.243MB/36.04MB
 5b334862de59 Downloading [=======>                                           ]
 5.243MB/36.04MB
 062e450697fa Downloading [==========>                                        ]
 6.291MB/29.78MB
 062e450697fa Downloading [==========>                                        ]
 6.291MB/29.78MB
 5b334862de59 Downloading [=======>                                           ]
 5.243MB/36.04MB
 5b334862de59 Downloading [=======>                                           ]
 5.243MB/36.04MB
 062e450697fa Downloading [==========>                                        ]
 6.291MB/29.78MB
 062e450697fa Downloading [==========>                                        ]
 6.291MB/29.78MB
 5b334862de59 Downloading [=======>                                           ]
 5.243MB/36.04MB
 062e450697fa Downloading [==========>                                        ]
 6.291MB/29.78MB
 5b334862de59 Downloading [=======>                                           ]
 5.243MB/36.04MB
 062e450697fa Downloading [==========>                                        ]
 6.291MB/29.78MB
 5b334862de59 Downloading [=======>                                           ]
 5.243MB/36.04MB
 062e450697fa Downloading [==========>                                        ]
 6.291MB/29.78MB
 5b334862de59 Downloading [=======>                                           ]
 5.243MB/36.04MB
 062e450697fa Downloading [==========>                                        ]
 6.291MB/29.78MB
 5b334862de59 Downloading [=======>                                           ]
 5.243MB/36.04MB
 062e450697fa Downloading [==========>                                        ]
 6.291MB/29.78MB
 5b334862de59 Downloading [=======>                                           ]
 5.243MB/36.04MB
 062e450697fa Downloading [==========>                                        ]
 6.291MB/29.78MB
 5b334862de59 Downloading [=======>                                           ]
 5.243MB/36.04MB
 5b334862de59 Downloading [=======>                                           ]
 5.243MB/36.04MB
 062e450697fa Downloading [==========>                                        ]
 6.291MB/29.78MB
 5b334862de59 Downloading [=======>                                           ]
 5.243MB/36.04MB
 062e450697fa Downloading [==========>                                        ]
 6.291MB/29.78MB
 062e450697fa Downloading [==========>                                        ]
 6.291MB/29.78MB
 5b334862de59 Downloading [=======>                                           ]
 5.243MB/36.04MB
 062e450697fa Downloading [==========>                                        ]
 6.291MB/29.78MB
 5b334862de59 Downloading [=======>                                           ]
 5.243MB/36.04MB
 5b334862de59 Downloading [=======>                                           ]
 5.243MB/36.04MB
 062e450697fa Downloading [==========>                                        ]
 6.291MB/29.78MB
 062e450697fa Downloading [==========>                                        ]
 6.291MB/29.78MB
 5b334862de59 Downloading [========>                                          ]
 6.291MB/36.04MB
 062e450697fa Downloading [==========>                                        ]
 6.291MB/29.78MB
 5b334862de59 Downloading [========>                                          ]
 6.291MB/36.04MB
 062e450697fa Downloading [==========>                                        ]
 6.291MB/29.78MB
 5b334862de59 Downloading [========>                                          ]
 6.291MB/36.04MB
 062e450697fa Downloading [==========>                                        ]
 6.291MB/29.78MB
 5b334862de59 Downloading [========>                                          ]
 6.291MB/36.04MB
 062e450697fa Downloading [============>                                      ]
  7.34MB/29.78MB
 5b334862de59 Downloading [========>                                          ]
 6.291MB/36.04MB
 5b334862de59 Downloading [========>
 5b334862de59 Downloading [========>                                          ]
 6.291MB/36.04MB
 062e450697fa Downloading [============>                                      ]
  7.34MB/29.78MB
 062e450697fa Downloading [============>                                      ]
  7.34MB/29.78MB
 5b334862de59 Downloading [========>                                          ]
 6.291MB/36.04MB
 062e450697fa Downloading [============>                                      ]
  7.34MB/29.78MB
 5b334862de59 Downloading [========>                                          ]
 6.291MB/36.04MB
 062e450697fa Downloading [============>                                      ]
  7.34MB/29.78MB
 5b334862de59 Downloading [========>                                          ]
 6.291MB/36.04MB
 062e450697fa Downloading [============>                                      ]
  7.34MB/29.78MB
 5b334862de59 Downloading [========>                                          ]
 6.291MB/36.04MB
 5b334862de59 Downloading [========>                                          ]
 6.291MB/36.04MB
 062e450697fa Downloading [============>                                      ]
  7.34MB/29.78MB
 062e450697fa Downloading [============>                                      ]
  7.34MB/29.78MB
 5b334862de59 Downloading [========>                                          ]
 6.291MB/36.04MB
 5b334862de59 Downloading [========>                                          ]
 6.291MB/36.04MB
 062e450697fa Downloading [============>                                      ]
  7.34MB/29.78MB
 062e450697fa Downloading [============>                                      ]
  7.34MB/29.78MB
 5b334862de59 Downloading [========>                                          ]
 6.291MB/36.04MB
 062e450697fa Downloading [============>                                      ]
  7.34MB/29.78MB
 5b334862de59 Downloading [========>                                          ]
 6.291MB/36.04MB
 062e450697fa Downloading [============>                                      ]
  7.34MB/29.78MB
 5b334862de59 Downloading [========>                                          ]
 6.291MB/36.04MB
 062e450697fa Downloading [============>                                      ]
  7.34MB/29.78MB
 5b334862de59 Downloading [========>                                          ]
 6.291MB/36.04MB
 062e450697fa Downloading [============>                                      ]
  7.34MB/29.78MB
 5b334862de59 Downloading [========>                                          ]
 6.291MB/36.04MB
 062e450697fa Downloading [============>                                      ]
  7.34MB/29.78MB
 5b334862de59 Downloading [========>                                          ]
 6.291MB/36.04MB
 062e450697fa Downloading [============>                                      ]
  7.34MB/29.78MB
 5b334862de59 Downloading [========>                                          ]
 6.291MB/36.04MB
 5b334862de59 Downloading [========>                                          ]
 6.291MB/36.04MB
 062e450697fa Downloading [============>                                      ]
  7.34MB/29.78MB
 062e450697fa Downloading [============>                                      ]
  7.34MB/29.78MB
 5b334862de59 Downloading [========>                                          ]
 6.291MB/36.04MB
 062e450697fa Downloading [============>                                      ]
  7.34MB/29.78MB
 5b334862de59 Downloading [========>                                          ]
 6.291MB/36.04MB
 062e450697fa Downloading [============>                                      ]
  7.34MB/29.78MB
 5b334862de59 Downloading [========>                                          ]
 6.291MB/36.04MB
 062e450697fa Downloading [============>                                      ]
  7.34MB/29.78MB
 5b334862de59 Downloading [========>                                          ]
 6.291MB/36.04MB
 062e450697fa Downloading [============>                                      ]
  7.34MB/29.78MB
 5b334862de59 Downloading [========>                                          ]
 6.291MB/36.04MB
 062e450697fa Downloading [========
 062e450697fa Downloading [============>                                      ]
  7.34MB/29.78MB
 5b334862de59 Downloading [========>                                          ]
 6.291MB/36.04MB
 062e450697fa Downloading [============>                                      ]
  7.34MB/29.78MB
 5b334862de59 Downloading [========>                                          ]
 6.291MB/36.04MB
 062e450697fa Downloading [============>                                      ]
  7.34MB/29.78MB
 5b334862de59 Downloading [========>                                          ]
 6.291MB/36.04MB
 062e450697fa Downloading [============>                                      ]
  7.34MB/29.78MB
 5b334862de59 Downloading [========>                                          ]
 6.291MB/36.04MB
 062e450697fa Downloading [============>                                      ]
  7.34MB/29.78MB
 5b334862de59 Downloading [========>                                          ]
 6.291MB/36.04MB
 062e450697fa Downloading [============>                                      ]
  7.34MB/29.78MB
 5b334862de59 Downloading [========>                                          ]
 6.291MB/36.04MB
 062e450697fa Downloading [============>                                      ]
  7.34MB/29.78MB
 5b334862de59 Downloading [========>                                          ]
 6.291MB/36.04MB
 062e450697fa Downloading [============>                                      ]
  7.34MB/29.78MB
 5b334862de59 Downloading [========>                                          ]
 6.291MB/36.04MB
 062e450697fa Downloading [============>                                      ]
  7.34MB/29.78MB
 5b334862de59 Downloading [========>                                          ]
 6.291MB/36.04MB
 062e450697fa Downloading [============>                                      ]
  7.34MB/29.78MB
 5b334862de59 Downloading [========>                                          ]
 6.291MB/36.04MB
 062e450697fa Downloading [============>                                      ]
  7.34MB/29.78MB
 5b334862de59 Downloading [========>                                          ]
 6.291MB/36.04MB
 062e450697fa Downloading [============>                                      ]
  7.34MB/29.78MB
 5b334862de59 Downloading [========>                                          ]
 6.291MB/36.04MB
 062e450697fa Downloading [============>                                      ]
  7.34MB/29.78MB
 5b334862de59 Downloading [========>                                          ]
 6.291MB/36.04MB
 5b334862de59 Downloading [========>                                          ]
 6.291MB/36.04MB
 062e450697fa Downloading [============>                                      ]
  7.34MB/29.78MB
 062e450697fa Downloading [============>                                      ]
  7.34MB/29.78MB
 5b334862de59 Downloading [========>                                          ]
 6.291MB/36.04MB
 062e450697fa Downloading [============>                                      ]
  7.34MB/29.78MB
 5b334862de59 Downloading [========>                                          ]
 6.291MB/36.04MB
 5b334862de59 Downloading [========>                                          ]
 6.291MB/36.04MB
 062e450697fa Downloading [============>                                      ]
  7.34MB/29.78MB
 062e450697fa Downloading [============>                                      ]
  7.34MB/29.78MB
 5b334862de59 Downloading [========>                                          ]
 6.291MB/36.04MB
 5b334862de59 Downloading [========>                                          ]
 6.291MB/36.04MB
 062e450697fa Downloading [============>                                      ]
  7.34MB/29.78MB
 062e450697fa Downloading [============>                                      ]
  7.34MB/29.78MB
 5b334862de59 Downloading [========>                                          ]
 6.291MB/36.04MB
 062e450697fa Downloading [============>                                      ]
  7.34MB/29.78MB
 5b334862de59 Downloading [========>                                          ]
 6.291MB/36.04MB
 062e450697fa
 062e450697fa Downloading [==============>                                    ]
 8.389MB/29.78MB
 5b334862de59 Downloading [==========>                                        ]
  7.34MB/36.04MB
 5b334862de59 Downloading [==========>                                        ]
  7.34MB/36.04MB
 062e450697fa Downloading [==============>                                    ]
 8.389MB/29.78MB
 062e450697fa Downloading [==============>                                    ]
 8.389MB/29.78MB
 5b334862de59 Downloading [==========>                                        ]
  7.34MB/36.04MB
 062e450697fa Downloading [==============>                                    ]
 8.389MB/29.78MB
 5b334862de59 Downloading [==========>                                        ]
  7.34MB/36.04MB
 062e450697fa Downloading [==============>                                    ]
 8.389MB/29.78MB
 5b334862de59 Downloading [==========>                                        ]
  7.34MB/36.04MB
 062e450697fa Downloading [==============>                                    ]
 8.389MB/29.78MB
 5b334862de59 Downloading [==========>                                        ]
  7.34MB/36.04MB
 062e450697fa Downloading [==============>                                    ]
 8.389MB/29.78MB
 5b334862de59 Downloading [==========>                                        ]
  7.34MB/36.04MB
 062e450697fa Downloading [==============>                                    ]
 8.389MB/29.78MB
 5b334862de59 Downloading [==========>                                        ]
  7.34MB/36.04MB
 062e450697fa Downloading [==============>                                    ]
 8.389MB/29.78MB
 5b334862de59 Downloading [==========>                                        ]
  7.34MB/36.04MB
 5b334862de59 Downloading [==========>                                        ]
  7.34MB/36.04MB
 062e450697fa Downloading [==============>                                    ]
 8.389MB/29.78MB
 5b334862de59 Downloading [==========>                                        ]
  7.34MB/36.04MB
 062e450697fa Downloading [==============>                                    ]
 8.389MB/29.78MB
 062e450697fa Downloading [==============>                                    ]
 8.389MB/29.78MB
 5b334862de59 Downloading [==========>                                        ]
  7.34MB/36.04MB
 062e450697fa Downloading [==============>                                    ]
 8.389MB/29.78MB
 5b334862de59 Downloading [==========>                                        ]
  7.34MB/36.04MB
 062e450697fa Downloading [==============>                                    ]
 8.389MB/29.78MB
 5b334862de59 Downloading [==========>                                        ]
  7.34MB/36.04MB
 062e450697fa Downloading [==============>                                    ]
 8.389MB/29.78MB
 5b334862de59 Downloading [==========>                                        ]
  7.34MB/36.04MB
 5b334862de59 Downloading [==========>                                        ]
  7.34MB/36.04MB
 062e450697fa Downloading [==============>                                    ]
 8.389MB/29.78MB
 062e450697fa Downloading [==============>                                    ]
 8.389MB/29.78MB
 5b334862de59 Downloading [==========>                                        ]
  7.34MB/36.04MB
 062e450697fa Downloading [==============>                                    ]
 8.389MB/29.78MB
 5b334862de59 Downloading [==========>                                        ]
  7.34MB/36.04MB
 062e450697fa Downloading [==============>                                    ]
 8.389MB/29.78MB
 5b334862de59 Downloading [==========>                                        ]
  7.34MB/36.04MB
 062e450697fa Downloading [==============>                                    ]
 8.389MB/29.78MB
 5b334862de59 Downloading [==========>                                        ]
  7.34MB/36.04MB
 062e450697fa Downloading [==============>                                    ]
 8.389MB/29.78MB
 5b334862de59 Downloading [==========>                                        ]
  7.34MB/36
  7.34MB/36.04MB
 062e450697fa Downloading [==============>                                    ]
 8.389MB/29.78MB
 5b334862de59 Downloading [==========>                                        ]
  7.34MB/36.04MB
 062e450697fa Downloading [==============>                                    ]
 8.389MB/29.78MB
 5b334862de59 Downloading [==========>                                        ]
  7.34MB/36.04MB
 062e450697fa Downloading [==============>                                    ]
 8.389MB/29.78MB
 5b334862de59 Downloading [==========>                                        ]
  7.34MB/36.04MB
 062e450697fa Downloading [==============>                                    ]
 8.389MB/29.78MB
 5b334862de59 Downloading [==========>                                        ]
  7.34MB/36.04MB
 062e450697fa Downloading [==============>                                    ]
 8.389MB/29.78MB
 5b334862de59 Downloading [==========>                                        ]
  7.34MB/36.04MB
 062e450697fa Downloading [==============>                                    ]
 8.389MB/29.78MB
 5b334862de59 Downloading [==========>                                        ]
  7.34MB/36.04MB
 062e450697fa Downloading [==============>                                    ]
 8.389MB/29.78MB
 5b334862de59 Downloading [==========>                                        ]
  7.34MB/36.04MB
 062e450697fa Downloading [==============>                                    ]
 8.389MB/29.78MB
 5b334862de59 Downloading [==========>                                        ]
  7.34MB/36.04MB
 062e450697fa Downloading [==============>                                    ]
 8.389MB/29.78MB
 5b334862de59 Downloading [==========>                                        ]
  7.34MB/36.04MB
 5b334862de59 Downloading [==========>                                        ]
  7.34MB/36.04MB
 062e450697fa Downloading [==============>                                    ]
 8.389MB/29.78MB
 5b334862de59 Downloading [==========>                                        ]
  7.34MB/36.04MB
 062e450697fa Downloading [==============>                                    ]
 8.389MB/29.78MB
 062e450697fa Downloading [==============>                                    ]
 8.389MB/29.78MB
 5b334862de59 Downloading [==========>                                        ]
  7.34MB/36.04MB
 062e450697fa Downloading [==============>                                    ]
 8.389MB/29.78MB
 5b334862de59 Downloading [==========>                                        ]
  7.34MB/36.04MB
 062e450697fa Downloading [==============>                                    ]
 8.389MB/29.78MB
 5b334862de59 Downloading [==========>                                        ]
  7.34MB/36.04MB
 062e450697fa Downloading [==============>                                    ]
 8.389MB/29.78MB
 5b334862de59 Downloading [==========>                                        ]
  7.34MB/36.04MB
 062e450697fa Downloading [==============>                                    ]
 8.389MB/29.78MB
 5b334862de59 Downloading [==========>                                        ]
  7.34MB/36.04MB
 062e450697fa Downloading [==============>                                    ]
 8.389MB/29.78MB
 5b334862de59 Downloading [==========>                                        ]
  7.34MB/36.04MB
 062e450697fa Downloading [==============>                                    ]
 8.389MB/29.78MB
 5b334862de59 Downloading [==========>                                        ]
  7.34MB/36.04MB
 062e450697fa Downloading [==============>                                    ]
 8.389MB/29.78MB
 5b334862de59 Downloading [==========>                                        ]
  7.34MB/36.04MB
 062e450697fa Downloading [==============>                                    ]
 8.389MB/29.78MB
 5b334862de59 Downloading [==========>                                        ]
  7.34MB/36.04MB
 062e450697fa Downloading [==============>                                    ]
 8.389MB/29.78MB
 5b334862de59 Downloading [==========>
 5b334862de59 Downloading [==========>                                        ]
  7.34MB/36.04MB
 062e450697fa Downloading [==============>                                    ]
 8.389MB/29.78MB
 5b334862de59 Downloading [==========>                                        ]
  7.34MB/36.04MB
 062e450697fa Downloading [==============>                                    ]
 8.389MB/29.78MB
 5b334862de59 Downloading [==========>                                        ]
  7.34MB/36.04MB
 062e450697fa Downloading [==============>                                    ]
 8.389MB/29.78MB
 5b334862de59 Downloading [===========>                                       ]
 8.389MB/36.04MB
 5b334862de59 Downloading [===========>                                       ]
 8.389MB/36.04MB
 062e450697fa Downloading [==============>                                    ]
 8.389MB/29.78MB
 062e450697fa Downloading [==============>                                    ]
 8.389MB/29.78MB
 5b334862de59 Downloading [===========>                                       ]
 8.389MB/36.04MB
 062e450697fa Downloading [==============>                                    ]
 8.389MB/29.78MB
 5b334862de59 Downloading [===========>                                       ]
 8.389MB/36.04MB
 062e450697fa Downloading [==============>                                    ]
 8.389MB/29.78MB
 5b334862de59 Downloading [===========>                                       ]
 8.389MB/36.04MB
 062e450697fa Downloading [==============>                                    ]
 8.389MB/29.78MB
 5b334862de59 Downloading [===========>                                       ]
 8.389MB/36.04MB
 5b334862de59 Downloading [===========>                                       ]
 8.389MB/36.04MB
 062e450697fa Downloading [==============>                                    ]
 8.389MB/29.78MB
 062e450697fa Downloading [==============>                                    ]
 8.389MB/29.78MB
 5b334862de59 Downloading [===========>                                       ]
 8.389MB/36.04MB
 062e450697fa Downloading [==============>                                    ]
 8.389MB/29.78MB
 5b334862de59 Downloading [===========>                                       ]
 8.389MB/36.04MB
 5b334862de59 Downloading [===========>                                       ]
 8.389MB/36.04MB
 062e450697fa Downloading [===============>                                   ]
 9.437MB/29.78MB
 062e450697fa Downloading [===============>                                   ]
 9.437MB/29.78MB
 5b334862de59 Downloading [===========>                                       ]
 8.389MB/36.04MB
 062e450697fa Downloading [===============>                                   ]
 9.437MB/29.78MB
 5b334862de59 Downloading [===========>                                       ]
 8.389MB/36.04MB
 062e450697fa Downloading [===============>                                   ]
 9.437MB/29.78MB
 5b334862de59 Downloading [===========>                                       ]
 8.389MB/36.04MB
 062e450697fa Downloading [===============>                                   ]
 9.437MB/29.78MB
 5b334862de59 Downloading [===========>                                       ]
 8.389MB/36.04MB
 062e450697fa Downloading [===============>                                   ]
 9.437MB/29.78MB
 5b334862de59 Downloading [===========>                                       ]
 8.389MB/36.04MB
 062e450697fa Downloading [===============>                                   ]
 9.437MB/29.78MB
 5b334862de59 Downloading [===========>                                       ]
 8.389MB/36.04MB
 062e450697fa Downloading [===============>                                   ]
 9.437MB/29.78MB
 5b334862de59 Downloading [===========>                                       ]
 8.389MB/36.04MB
 062e450697fa Downloading [===============>                                   ]
 9.437MB/29.78MB
 5b334862de59 Downloading [===========>                                       ]
 8.389MB/36.04MB
 062e450697fa Downloading [===============>                                   ]
 9.437MB/29.78MB
 5b334862de59 Downloading [===========>
 5b334862de59 Downloading [===========>                                       ]
 8.389MB/36.04MB
 062e450697fa Downloading [===============>                                   ]
 9.437MB/29.78MB
 5b334862de59 Downloading [===========>                                       ]
 8.389MB/36.04MB
 062e450697fa Downloading [===============>                                   ]
 9.437MB/29.78MB
 5b334862de59 Downloading [===========>                                       ]
 8.389MB/36.04MB
 062e450697fa Downloading [===============>                                   ]
 9.437MB/29.78MB
 5b334862de59 Downloading [===========>                                       ]
 8.389MB/36.04MB
 062e450697fa Downloading [===============>                                   ]
 9.437MB/29.78MB
 5b334862de59 Downloading [===========>                                       ]
 8.389MB/36.04MB
 062e450697fa Downloading [===============>                                   ]
 9.437MB/29.78MB
 5b334862de59 Downloading [===========>                                       ]
 8.389MB/36.04MB
 062e450697fa Downloading [===============>                                   ]
 9.437MB/29.78MB
 5b334862de59 Downloading [===========>                                       ]
 8.389MB/36.04MB
 062e450697fa Downloading [===============>                                   ]
 9.437MB/29.78MB
 5b334862de59 Downloading [===========>                                       ]
 8.389MB/36.04MB
 062e450697fa Downloading [===============>                                   ]
 9.437MB/29.78MB
 5b334862de59 Downloading [===========>                                       ]
 8.389MB/36.04MB
 062e450697fa Downloading [===============>                                   ]
 9.437MB/29.78MB
 5b334862de59 Downloading [===========>                                       ]
 8.389MB/36.04MB
 5b334862de59 Downloading [===========>                                       ]
 8.389MB/36.04MB
 062e450697fa Downloading [===============>                                   ]
 9.437MB/29.78MB
 062e450697fa Downloading [===============>                                   ]
 9.437MB/29.78MB
 5b334862de59 Downloading [===========>                                       ]
 8.389MB/36.04MB
 062e450697fa Downloading [===============>                                   ]
 9.437MB/29.78MB
 5b334862de59 Downloading [===========>                                       ]
 8.389MB/36.04MB
 062e450697fa Downloading [===============>                                   ]
 9.437MB/29.78MB
 5b334862de59 Downloading [===========>                                       ]
 8.389MB/36.04MB
 062e450697fa Downloading [===============>                                   ]
 9.437MB/29.78MB
 5b334862de59 Downloading [===========>                                       ]
 8.389MB/36.04MB
 5b334862de59 Downloading [===========>                                       ]
 8.389MB/36.04MB
 062e450697fa Downloading [===============>                                   ]
 9.437MB/29.78MB
 062e450697fa Downloading [===============>                                   ]
 9.437MB/29.78MB
 5b334862de59 Downloading [===========>                                       ]
 8.389MB/36.04MB
 062e450697fa Downloading [===============>                                   ]
 9.437MB/29.78MB
 5b334862de59 Downloading [===========>                                       ]
 8.389MB/36.04MB
 062e450697fa Downloading [===============>                                   ]
 9.437MB/29.78MB
 5b334862de59 Downloading [===========>                                       ]
 8.389MB/36.04MB
 062e450697fa Downloading [===============>                                   ]
 9.437MB/29.78MB
 5b334862de59 Downloading [===========>                                       ]
 8.389MB/36.04MB
 5b334862de59 Downloading [===========>                                       ]
 8.389MB/36.04MB
 062e450697fa Downloading [===============>                                   ]
 9.437MB/29.78MB
 062e450697fa Downloading [===============>                                   ]
 9.437MB/29.78MB
 5b334862de59 Downloading [=
 5b334862de59 Downloading [===========>                                       ]
 8.389MB/36.04MB
 062e450697fa Downloading [===============>                                   ]
 9.437MB/29.78MB
 5b334862de59 Downloading [===========>                                       ]
 8.389MB/36.04MB
 5b334862de59 Downloading [===========>                                       ]
 8.389MB/36.04MB
 062e450697fa Downloading [===============>                                   ]
 9.437MB/29.78MB
 062e450697fa Downloading [===============>                                   ]
 9.437MB/29.78MB
 5b334862de59 Downloading [===========>                                       ]
 8.389MB/36.04MB
 5b334862de59 Downloading [===========>                                       ]
 8.389MB/36.04MB
 062e450697fa Downloading [===============>                                   ]
 9.437MB/29.78MB
 062e450697fa Downloading [===============>                                   ]
 9.437MB/29.78MB
 5b334862de59 Downloading [===========>                                       ]
 8.389MB/36.04MB
 062e450697fa Downloading [===============>                                   ]
 9.437MB/29.78MB
 5b334862de59 Downloading [===========>                                       ]
 8.389MB/36.04MB
 5b334862de59 Downloading [===========>                                       ]
 8.389MB/36.04MB
 062e450697fa Downloading [===============>                                   ]
 9.437MB/29.78MB
 062e450697fa Downloading [===============>                                   ]
 9.437MB/29.78MB
 5b334862de59 Downloading [===========>                                       ]
 8.389MB/36.04MB
 062e450697fa Downloading [===============>                                   ]
 9.437MB/29.78MB
 5b334862de59 Downloading [===========>                                       ]
 8.389MB/36.04MB
 062e450697fa Downloading [===============>                                   ]
 9.437MB/29.78MB
 5b334862de59 Downloading [===========>                                       ]
 8.389MB/36.04MB
 062e450697fa Downloading [===============>                                   ]
 9.437MB/29.78MB
 5b334862de59 Downloading [===========>                                       ]
 8.389MB/36.04MB
 062e450697fa Downloading [===============>                                   ]
 9.437MB/29.78MB
 5b334862de59 Downloading [===========>                                       ]
 8.389MB/36.04MB
 062e450697fa Downloading [===============>                                   ]
 9.437MB/29.78MB
 5b334862de59 Downloading [===========>                                       ]
 8.389MB/36.04MB
 062e450697fa Downloading [===============>                                   ]
 9.437MB/29.78MB
 5b334862de59 Downloading [===========>                                       ]
 8.389MB/36.04MB
 5b334862de59 Downloading [===========>                                       ]
 8.389MB/36.04MB
 062e450697fa Downloading [===============>                                   ]
 9.437MB/29.78MB
 062e450697fa Downloading [===============>                                   ]
 9.437MB/29.78MB
 5b334862de59 Downloading [===========>                                       ]
 8.389MB/36.04MB
 062e450697fa Downloading [===============>                                   ]
 9.437MB/29.78MB
 5b334862de59 Downloading [=============>                                     ]
 9.437MB/36.04MB
 062e450697fa Downloading [===============>                                   ]
 9.437MB/29.78MB
 5b334862de59 Downloading [=============>                                     ]
 9.437MB/36.04MB
 062e450697fa Downloading [===============>                                   ]
 9.437MB/29.78MB
 5b334862de59 Downloading [=============>                                     ]
 9.437MB/36.04MB
 5b334862de59 Downloading [=============>                                     ]
 9.437MB/36.04MB
 062e450697fa Downloading [=================>                                 ]
 10.49MB/29.78MB
 062e450697fa Downloading [=================>                                 ]
 10.49MB/29.78MB
 5b3348
 5b334862de59 Downloading [=============>                                     ]
 9.437MB/36.04MB
 062e450697fa Downloading [=================>                                 ]
 10.49MB/29.78MB
 5b334862de59 Downloading [=============>                                     ]
 9.437MB/36.04MB
 062e450697fa Downloading [=================>                                 ]
 10.49MB/29.78MB
 5b334862de59 Downloading [=============>                                     ]
 9.437MB/36.04MB
 062e450697fa Downloading [=================>                                 ]
 10.49MB/29.78MB
 5b334862de59 Downloading [=============>                                     ]
 9.437MB/36.04MB
 062e450697fa Downloading [=================>                                 ]
 10.49MB/29.78MB
 5b334862de59 Downloading [=============>                                     ]
 9.437MB/36.04MB
 062e450697fa Downloading [=================>                                 ]
 10.49MB/29.78MB
 5b334862de59 Downloading [=============>                                     ]
 9.437MB/36.04MB
 062e450697fa Downloading [=================>                                 ]
 10.49MB/29.78MB
 5b334862de59 Downloading [=============>                                     ]
 9.437MB/36.04MB
 5b334862de59 Downloading [=============>                                     ]
 9.437MB/36.04MB
 062e450697fa Downloading [=================>                                 ]
 10.49MB/29.78MB
 062e450697fa Downloading [=================>                                 ]
 10.49MB/29.78MB
 5b334862de59 Downloading [=============>                                     ]
 9.437MB/36.04MB
 062e450697fa Downloading [=================>                                 ]
 10.49MB/29.78MB
 5b334862de59 Downloading [=============>                                     ]
 9.437MB/36.04MB
 062e450697fa Downloading [=================>                                 ]
 10.49MB/29.78MB
 5b334862de59 Downloading [=============>                                     ]
 9.437MB/36.04MB
 062e450697fa Downloading [=================>                                 ]
 10.49MB/29.78MB
 5b334862de59 Downloading [=============>                                     ]
 9.437MB/36.04MB
 062e450697fa Downloading [=================>                                 ]
 10.49MB/29.78MB
 5b334862de59 Downloading [=============>                                     ]
 9.437MB/36.04MB
 062e450697fa Downloading [=================>                                 ]
 10.49MB/29.78MB
 5b334862de59 Downloading [=============>                                     ]
 9.437MB/36.04MB
 062e450697fa Downloading [=================>                                 ]
 10.49MB/29.78MB
 5b334862de59 Downloading [=============>                                     ]
 9.437MB/36.04MB
 062e450697fa Downloading [=================>                                 ]
 10.49MB/29.78MB
 5b334862de59 Downloading [=============>                                     ]
 9.437MB/36.04MB
 062e450697fa Downloading [=================>                                 ]
 10.49MB/29.78MB
 5b334862de59 Downloading [=============>                                     ]
 9.437MB/36.04MB
 5b334862de59 Downloading [=============>                                     ]
 9.437MB/36.04MB
 062e450697fa Downloading [=================>                                 ]
 10.49MB/29.78MB
 062e450697fa Downloading [=================>                                 ]
 10.49MB/29.78MB
 5b334862de59 Downloading [=============>                                     ]
 9.437MB/36.04MB
 062e450697fa Downloading [=================>                                 ]
 10.49MB/29.78MB
 5b334862de59 Downloading [=============>                                     ]
 9.437MB/36.04MB
 062e450697fa Downloading [=================>                                 ]
 10.49MB/29.78MB
 5b334862de59 Downloading [=============>                                     ]
 9.437MB/36.04MB
 062e450697fa Downloading [=================>                                 ]
 10.
 10.49MB/29.78MB
 5b334862de59 Downloading [=============>                                     ]
 9.437MB/36.04MB
 062e450697fa Downloading [=================>                                 ]
 10.49MB/29.78MB
 5b334862de59 Downloading [=============>                                     ]
 9.437MB/36.04MB
 062e450697fa Downloading [=================>                                 ]
 10.49MB/29.78MB
 5b334862de59 Downloading [=============>                                     ]
 9.437MB/36.04MB
 062e450697fa Downloading [=================>                                 ]
 10.49MB/29.78MB
 5b334862de59 Downloading [=============>                                     ]
 9.437MB/36.04MB
 5b334862de59 Downloading [=============>                                     ]
 9.437MB/36.04MB
 062e450697fa Downloading [=================>                                 ]
 10.49MB/29.78MB
 062e450697fa Downloading [=================>                                 ]
 10.49MB/29.78MB
 5b334862de59 Downloading [=============>                                     ]
 9.437MB/36.04MB
 062e450697fa Downloading [=================>                                 ]
 10.49MB/29.78MB
 5b334862de59 Downloading [=============>                                     ]
 9.437MB/36.04MB
 062e450697fa Downloading [=================>                                 ]
 10.49MB/29.78MB
 5b334862de59 Downloading [=============>                                     ]
 9.437MB/36.04MB
 062e450697fa Downloading [=================>                                 ]
 10.49MB/29.78MB
 5b334862de59 Downloading [=============>                                     ]
 9.437MB/36.04MB
 062e450697fa Downloading [=================>                                 ]
 10.49MB/29.78MB
 5b334862de59 Downloading [=============>                                     ]
 9.437MB/36.04MB
 062e450697fa Downloading [=================>                                 ]
 10.49MB/29.78MB
 5b334862de59 Downloading [=============>                                     ]
 9.437MB/36.04MB
 062e450697fa Downloading [=================>                                 ]
 10.49MB/29.78MB
 5b334862de59 Downloading [=============>                                     ]
 9.437MB/36.04MB
 062e450697fa Downloading [=================>                                 ]
 10.49MB/29.78MB
 5b334862de59 Downloading [=============>                                     ]
 9.437MB/36.04MB
 062e450697fa Downloading [=================>                                 ]
 10.49MB/29.78MB
 5b334862de59 Downloading [=============>                                     ]
 9.437MB/36.04MB
 062e450697fa Downloading [=================>                                 ]
 10.49MB/29.78MB
 5b334862de59 Downloading [=============>                                     ]
 9.437MB/36.04MB
 062e450697fa Downloading [=================>                                 ]
 10.49MB/29.78MB
 5b334862de59 Downloading [=============>                                     ]
 9.437MB/36.04MB
 062e450697fa Downloading [=================>                                 ]
 10.49MB/29.78MB
 5b334862de59 Downloading [=============>                                     ]
 9.437MB/36.04MB
 5b334862de59 Downloading [=============>                                     ]
 9.437MB/36.04MB
 062e450697fa Downloading [=================>                                 ]
 10.49MB/29.78MB
 062e450697fa Downloading [=================>                                 ]
 10.49MB/29.78MB
 5b334862de59 Downloading [=============>                                     ]
 9.437MB/36.04MB
 062e450697fa Downloading [=================>                                 ]
 10.49MB/29.78MB
 5b334862de59 Downloading [=============>                                     ]
 9.437MB/36.04MB
 062e450697fa Downloading [=================>                                 ]
 10.49MB/29.78MB
 5b334862de59 Downloading [=============>                                     ]
 9.437MB/36.04MB
 062e450697fa Downloading [=================>
 062e450697fa Downloading [=================>                                 ]
 10.49MB/29.78MB
 5b334862de59 Downloading [=============>                                     ]
 9.437MB/36.04MB
 062e450697fa Downloading [=================>                                 ]
 10.49MB/29.78MB
 5b334862de59 Downloading [=============>                                     ]
 9.437MB/36.04MB
 062e450697fa Downloading [=================>                                 ]
 10.49MB/29.78MB
 5b334862de59 Downloading [=============>                                     ]
 9.437MB/36.04MB
 062e450697fa Downloading [=================>                                 ]
 10.49MB/29.78MB
 5b334862de59 Downloading [=============>                                     ]
 9.437MB/36.04MB
 062e450697fa Downloading [=================>                                 ]
 10.49MB/29.78MB
 5b334862de59 Downloading [=============>                                     ]
 9.437MB/36.04MB
 062e450697fa Downloading [=================>                                 ]
 10.49MB/29.78MB
 5b334862de59 Downloading [==============>                                    ]
 10.49MB/36.04MB
 5b334862de59 Downloading [==============>                                    ]
 10.49MB/36.04MB
 062e450697fa Downloading [=================>                                 ]
 10.49MB/29.78MB
 062e450697fa Downloading [=================>                                 ]
 10.49MB/29.78MB
 5b334862de59 Downloading [==============>                                    ]
 10.49MB/36.04MB
 062e450697fa Downloading [=================>                                 ]
 10.49MB/29.78MB
 5b334862de59 Downloading [==============>                                    ]
 10.49MB/36.04MB
 062e450697fa Downloading [=================>                                 ]
 10.49MB/29.78MB
 5b334862de59 Downloading [==============>                                    ]
 10.49MB/36.04MB
 062e450697fa Downloading [=================>                                 ]
 10.49MB/29.78MB
 5b334862de59 Downloading [==============>                                    ]
 10.49MB/36.04MB
 062e450697fa Downloading [===================>                               ]
 11.53MB/29.78MB
 5b334862de59 Downloading [==============>                                    ]
 10.49MB/36.04MB
 062e450697fa Downloading [===================>                               ]
 11.53MB/29.78MB
 5b334862de59 Downloading [==============>                                    ]
 10.49MB/36.04MB
 062e450697fa Downloading [===================>                               ]
 11.53MB/29.78MB
 5b334862de59 Downloading [==============>                                    ]
 10.49MB/36.04MB
 062e450697fa Downloading [===================>                               ]
 11.53MB/29.78MB
 5b334862de59 Downloading [==============>                                    ]
 10.49MB/36.04MB
 062e450697fa Downloading [===================>                               ]
 11.53MB/29.78MB
 5b334862de59 Downloading [==============>                                    ]
 10.49MB/36.04MB
 062e450697fa Downloading [===================>                               ]
 11.53MB/29.78MB
 5b334862de59 Downloading [==============>                                    ]
 10.49MB/36.04MB
 062e450697fa Downloading [===================>                               ]
 11.53MB/29.78MB
 5b334862de59 Downloading [==============>                                    ]
 10.49MB/36.04MB
 062e450697fa Downloading [===================>                               ]
 11.53MB/29.78MB
 5b334862de59 Downloading [==============>                                    ]
 10.49MB/36.04MB
 062e450697fa Downloading [===================>                               ]
 11.53MB/29.78MB
 5b334862de59 Downloading [==============>                                    ]
 10.49MB/36.04MB
 062e450697fa Downloading [===================>                               ]
 11.53MB/29.78MB
 5b334862de59 Downloading [==============>                                    ]
 10.49MB/36.04MB
 062e450697fa Downloading [===============
 062e450697fa Downloading [===================>                               ]
 11.53MB/29.78MB
 5b334862de59 Downloading [==============>                                    ]
 10.49MB/36.04MB
 062e450697fa Downloading [===================>                               ]
 11.53MB/29.78MB
 5b334862de59 Downloading [==============>                                    ]
 10.49MB/36.04MB
 062e450697fa Downloading [===================>                               ]
 11.53MB/29.78MB
 5b334862de59 Downloading [==============>                                    ]
 10.49MB/36.04MB
 5b334862de59 Downloading [==============>                                    ]
 10.49MB/36.04MB
 062e450697fa Downloading [===================>                               ]
 11.53MB/29.78MB
 062e450697fa Downloading [===================>                               ]
 11.53MB/29.78MB
 5b334862de59 Downloading [==============>                                    ]
 10.49MB/36.04MB
 062e450697fa Downloading [===================>                               ]
 11.53MB/29.78MB
 5b334862de59 Downloading [==============>                                    ]
 10.49MB/36.04MB
 062e450697fa Downloading [===================>                               ]
 11.53MB/29.78MB
 5b334862de59 Downloading [==============>                                    ]
 10.49MB/36.04MB
 062e450697fa Downloading [===================>                               ]
 11.53MB/29.78MB
 5b334862de59 Downloading [==============>                                    ]
 10.49MB/36.04MB
 5b334862de59 Downloading [==============>                                    ]
 10.49MB/36.04MB
 062e450697fa Downloading [===================>                               ]
 11.53MB/29.78MB
 062e450697fa Downloading [===================>                               ]
 11.53MB/29.78MB
 5b334862de59 Downloading [==============>                                    ]
 10.49MB/36.04MB
 062e450697fa Downloading [===================>                               ]
 11.53MB/29.78MB
 5b334862de59 Downloading [==============>                                    ]
 10.49MB/36.04MB
 062e450697fa Downloading [===================>                               ]
 11.53MB/29.78MB
 5b334862de59 Downloading [==============>                                    ]
 10.49MB/36.04MB
 062e450697fa Downloading [===================>                               ]
 11.53MB/29.78MB
 5b334862de59 Downloading [==============>                                    ]
 10.49MB/36.04MB
 5b334862de59 Downloading [==============>                                    ]
 10.49MB/36.04MB
 062e450697fa Downloading [===================>                               ]
 11.53MB/29.78MB
 062e450697fa Downloading [===================>                               ]
 11.53MB/29.78MB
 5b334862de59 Downloading [==============>                                    ]
 10.49MB/36.04MB
 062e450697fa Downloading [===================>                               ]
 11.53MB/29.78MB
 5b334862de59 Downloading [==============>                                    ]
 10.49MB/36.04MB
 5b334862de59 Downloading [==============>                                    ]
 10.49MB/36.04MB
 062e450697fa Downloading [===================>                               ]
 11.53MB/29.78MB
 5b334862de59 Downloading [==============>                                    ]
 10.49MB/36.04MB
 062e450697fa Downloading [===================>                               ]
 11.53MB/29.78MB
 062e450697fa Downloading [===================>                               ]
 11.53MB/29.78MB
 5b334862de59 Downloading [==============>                                    ]
 10.49MB/36.04MB
 062e450697fa Downloading [===================>                               ]
 11.53MB/29.78MB
 5b334862de59 Downloading [==============>                                    ]
 10.49MB/36.04MB
 062e450697fa Downloading [===================>                               ]
 11.53MB/29.78MB
 5b334862de59 Downloading [==============>                                    ]
 10.49MB/36.04MB
 062e450697fa Downloa
 062e450697fa Downloading [===================>                               ]
 11.53MB/29.78MB
 5b334862de59 Downloading [==============>                                    ]
 10.49MB/36.04MB
 062e450697fa Downloading [===================>                               ]
 11.53MB/29.78MB
 5b334862de59 Downloading [==============>                                    ]
 10.49MB/36.04MB
 062e450697fa Downloading [===================>                               ]
 11.53MB/29.78MB
 5b334862de59 Downloading [==============>                                    ]
 10.49MB/36.04MB
 062e450697fa Downloading [===================>                               ]
 11.53MB/29.78MB
 5b334862de59 Downloading [==============>                                    ]
 10.49MB/36.04MB
 5b334862de59 Downloading [==============>                                    ]
 10.49MB/36.04MB
 062e450697fa Downloading [===================>                               ]
 11.53MB/29.78MB
 062e450697fa Downloading [===================>                               ]
 11.53MB/29.78MB
 5b334862de59 Downloading [==============>                                    ]
 10.49MB/36.04MB
 062e450697fa Downloading [===================>                               ]
 11.53MB/29.78MB
 5b334862de59 Downloading [==============>                                    ]
 10.49MB/36.04MB
 062e450697fa Downloading [===================>                               ]
 11.53MB/29.78MB
 5b334862de59 Downloading [==============>                                    ]
 10.49MB/36.04MB
 062e450697fa Downloading [===================>                               ]
 11.53MB/29.78MB
 5b334862de59 Downloading [==============>                                    ]
 10.49MB/36.04MB
 062e450697fa Downloading [===================>                               ]
 11.53MB/29.78MB
 5b334862de59 Downloading [==============>                                    ]
 10.49MB/36.04MB
 062e450697fa Downloading [===================>                               ]
 11.53MB/29.78MB
 5b334862de59 Downloading [==============>                                    ]
 10.49MB/36.04MB
 062e450697fa Downloading [===================>                               ]
 11.53MB/29.78MB
 5b334862de59 Downloading [==============>                                    ]
 10.49MB/36.04MB
 062e450697fa Downloading [===================>                               ]
 11.53MB/29.78MB
 5b334862de59 Downloading [==============>                                    ]
 10.49MB/36.04MB
 062e450697fa Downloading [===================>                               ]
 11.53MB/29.78MB
 5b334862de59 Downloading [==============>                                    ]
 10.49MB/36.04MB
 062e450697fa Downloading [===================>                               ]
 11.53MB/29.78MB
 5b334862de59 Downloading [==============>                                    ]
 10.49MB/36.04MB
 062e450697fa Downloading [===================>                               ]
 11.53MB/29.78MB
 5b334862de59 Downloading [==============>                                    ]
 10.49MB/36.04MB
 062e450697fa Downloading [===================>                               ]
 11.53MB/29.78MB
 5b334862de59 Downloading [==============>                                    ]
 10.49MB/36.04MB
 062e450697fa Downloading [===================>                               ]
 11.53MB/29.78MB
 5b334862de59 Downloading [==============>                                    ]
 10.49MB/36.04MB
 5b334862de59 Downloading [==============>                                    ]
 10.49MB/36.04MB
 062e450697fa Downloading [===================>                               ]
 11.53MB/29.78MB
 062e450697fa Downloading [===================>                               ]
 11.53MB/29.78MB
 5b334862de59 Downloading [==============>                                    ]
 10.49MB/36.04MB
 062e450697fa Downloading [===================>                               ]
 11.53MB/29.78MB
 5b334862de59 Downloading [================>                                  ]
 11.53MB/36.04MB
 062e450697fa Downloading [===================>                               ]
 11.53MB/29.78MB
 5b334862de59 Downloading [================>                                  ]
 11.53MB/36.04MB
 062e450697fa Downloading [===================>                               ]
 11.53MB/29.78MB
 5b334862de59 Downloading [================>                                  ]
 11.53MB/36.04MB
 062e450697fa Downloading [===================>                               ]
 11.53MB/29.78MB
 5b334862de59 Downloading [================>                                  ]
 11.53MB/36.04MB
 062e450697fa Downloading [===================>                               ]
 11.53MB/29.78MB
 5b334862de59 Downloading [================>                                  ]
 11.53MB/36.04MB
 062e450697fa Downloading [=====================>                             ]
 12.58MB/29.78MB
 5b334862de59 Downloading [================>                                  ]
 11.53MB/36.04MB
 062e450697fa Downloading [=====================>                             ]
 12.58MB/29.78MB
 5b334862de59 Downloading [================>                                  ]
 11.53MB/36.04MB
 062e450697fa Downloading [=====================>                             ]
 12.58MB/29.78MB
 5b334862de59 Downloading [================>                                  ]
 11.53MB/36.04MB
 5b334862de59 Downloading [================>                                  ]
 11.53MB/36.04MB
 062e450697fa Downloading [=====================>                             ]
 12.58MB/29.78MB
 062e450697fa Downloading [=====================>                             ]
 12.58MB/29.78MB
 5b334862de59 Downloading [================>                                  ]
 11.53MB/36.04MB
 5b334862de59 Downloading [================>                                  ]
 11.53MB/36.04MB
 062e450697fa Downloading [=====================>                             ]
 12.58MB/29.78MB
 062e450697fa Downloading [=====================>                             ]
 12.58MB/29.78MB
 5b334862de59 Downloading [================>                                  ]
 11.53MB/36.04MB
 062e450697fa Downloading [=====================>                             ]
 12.58MB/29.78MB
 5b334862de59 Downloading [================>                                  ]
 11.53MB/36.04MB
 062e450697fa Downloading [=====================>                             ]
 12.58MB/29.78MB
 5b334862de59 Downloading [================>                                  ]
 11.53MB/36.04MB
 062e450697fa Downloading [=====================>                             ]
 12.58MB/29.78MB
 5b334862de59 Downloading [================>                                  ]
 11.53MB/36.04MB
 062e450697fa Downloading [=====================>                             ]
 12.58MB/29.78MB
 5b334862de59 Downloading [================>                                  ]
 11.53MB/36.04MB
 062e450697fa Downloading [=====================>                             ]
 12.58MB/29.78MB
 5b334862de59 Downloading [================>                                  ]
 11.53MB/36.04MB
 5b334862de59 Downloading [================>                                  ]
 11.53MB/36.04MB
 062e450697fa Downloading [=====================>                             ]
 12.58MB/29.78MB
 062e450697fa Downloading [=====================>                             ]
 12.58MB/29.78MB
 5b334862de59 Downloading [================>                                  ]
 11.53MB/36.04MB
 5b334862de59 Downloading [================>                                  ]
 11.53MB/36.04MB
 062e450697fa Downloading [=====================>                             ]
 12.58MB/29.78MB
 062e450697fa Downloading [=====================>                             ]
 12.58MB/29.78MB
 5b334862de59 Downloading [================>                                  ]
 11.53MB/36.04MB
 062e450697fa Downloading [=====================>                             ]
 12.58MB/29.78MB
 5b334862de59 Downloading [================>
 5b334862de59 Downloading [================>                                  ]
 11.53MB/36.04MB
 062e450697fa Downloading [=====================>                             ]
 12.58MB/29.78MB
 5b334862de59 Downloading [================>                                  ]
 11.53MB/36.04MB
 5b334862de59 Downloading [================>                                  ]
 11.53MB/36.04MB
 062e450697fa Downloading [=====================>                             ]
 12.58MB/29.78MB
 062e450697fa Downloading [=====================>                             ]
 12.58MB/29.78MB
 5b334862de59 Downloading [================>                                  ]
 11.53MB/36.04MB
 062e450697fa Downloading [=====================>                             ]
 12.58MB/29.78MB
 5b334862de59 Downloading [================>                                  ]
 11.53MB/36.04MB
 062e450697fa Downloading [=====================>                             ]
 12.58MB/29.78MB
 5b334862de59 Downloading [================>                                  ]
 11.53MB/36.04MB
 062e450697fa Downloading [=====================>                             ]
 12.58MB/29.78MB
 5b334862de59 Downloading [================>                                  ]
 11.53MB/36.04MB
 062e450697fa Downloading [=====================>                             ]
 12.58MB/29.78MB
 5b334862de59 Downloading [================>                                  ]
 11.53MB/36.04MB
 5b334862de59 Downloading [================>                                  ]
 11.53MB/36.04MB
 062e450697fa Downloading [=====================>                             ]
 12.58MB/29.78MB
 062e450697fa Downloading [=====================>                             ]
 12.58MB/29.78MB
 5b334862de59 Downloading [================>                                  ]
 11.53MB/36.04MB
 062e450697fa Downloading [=====================>                             ]
 12.58MB/29.78MB
 5b334862de59 Downloading [================>                                  ]
 11.53MB/36.04MB
 062e450697fa Downloading [=====================>                             ]
 12.58MB/29.78MB
 5b334862de59 Downloading [================>                                  ]
 11.53MB/36.04MB
 062e450697fa Downloading [=====================>                             ]
 12.58MB/29.78MB
 5b334862de59 Downloading [================>                                  ]
 11.53MB/36.04MB
 062e450697fa Downloading [=====================>                             ]
 12.58MB/29.78MB
 5b334862de59 Downloading [================>                                  ]
 11.53MB/36.04MB
 5b334862de59 Downloading [================>                                  ]
 11.53MB/36.04MB
 062e450697fa Downloading [=====================>                             ]
 12.58MB/29.78MB
 5b334862de59 Downloading [================>                                  ]
 11.53MB/36.04MB
 062e450697fa Downloading [=====================>                             ]
 12.58MB/29.78MB
 5b334862de59 Downloading [================>                                  ]
 11.53MB/36.04MB
 062e450697fa Downloading [=====================>                             ]
 12.58MB/29.78MB
 062e450697fa Downloading [=====================>                             ]
 12.58MB/29.78MB
 5b334862de59 Downloading [================>                                  ]
 11.53MB/36.04MB
 062e450697fa Downloading [=====================>                             ]
 12.58MB/29.78MB
 5b334862de59 Downloading [================>                                  ]
 11.53MB/36.04MB
 062e450697fa Downloading [=====================>                             ]
 12.58MB/29.78MB
 5b334862de59 Downloading [================>                                  ]
 11.53MB/36.04MB
 062e450697fa Downloading [=====================>                             ]
 12.58MB/29.78MB
 5b334862de59 Downloading [================>                                  ]
 11.53MB/36.04MB
 5b334862de59 Downloading [================>                                  ]
 11.53MB/36.04MB
 062e450697fa Downloading [=====================>
 062e450697fa Downloading [=====================>                             ]
 12.58MB/29.78MB
 062e450697fa Downloading [=====================>                             ]
 12.58MB/29.78MB
 5b334862de59 Downloading [================>                                  ]
 11.53MB/36.04MB
 062e450697fa Downloading [=====================>                             ]
 12.58MB/29.78MB
 5b334862de59 Downloading [================>                                  ]
 11.53MB/36.04MB
 062e450697fa Downloading [=====================>                             ]
 12.58MB/29.78MB
 5b334862de59 Downloading [================>                                  ]
 11.53MB/36.04MB
 062e450697fa Downloading [=====================>                             ]
 12.58MB/29.78MB
 5b334862de59 Downloading [================>                                  ]
 11.53MB/36.04MB
 062e450697fa Downloading [=====================>                             ]
 12.58MB/29.78MB
 5b334862de59 Downloading [================>                                  ]
 11.53MB/36.04MB
 062e450697fa Downloading [=====================>                             ]
 12.58MB/29.78MB
 5b334862de59 Downloading [================>                                  ]
 11.53MB/36.04MB
 5b334862de59 Downloading [================>                                  ]
 11.53MB/36.04MB
 062e450697fa Downloading [=====================>                             ]
 12.58MB/29.78MB
 062e450697fa Downloading [=====================>                             ]
 12.58MB/29.78MB
 5b334862de59 Downloading [================>                                  ]
 11.53MB/36.04MB
 062e450697fa Downloading [=====================>                             ]
 12.58MB/29.78MB
 5b334862de59 Downloading [================>                                  ]
 11.53MB/36.04MB
 062e450697fa Downloading [=====================>                             ]
 12.58MB/29.78MB
 5b334862de59 Downloading [================>                                  ]
 11.53MB/36.04MB
 062e450697fa Downloading [=====================>                             ]
 12.58MB/29.78MB
 5b334862de59 Downloading [================>                                  ]
 11.53MB/36.04MB
 062e450697fa Downloading [=====================>                             ]
 12.58MB/29.78MB
 5b334862de59 Downloading [================>                                  ]
 11.53MB/36.04MB
 062e450697fa Downloading [=====================>                             ]
 12.58MB/29.78MB
 5b334862de59 Downloading [=================>                                 ]
 12.58MB/36.04MB
 062e450697fa Downloading [=====================>                             ]
 12.58MB/29.78MB
 5b334862de59 Downloading [=================>                                 ]
 12.58MB/36.04MB
 062e450697fa Downloading [=====================>                             ]
 12.58MB/29.78MB
 5b334862de59 Downloading [=================>                                 ]
 12.58MB/36.04MB
 062e450697fa Downloading [=====================>                             ]
 12.58MB/29.78MB
 5b334862de59 Downloading [=================>                                 ]
 12.58MB/36.04MB
 5b334862de59 Downloading [=================>                                 ]
 12.58MB/36.04MB
 062e450697fa Downloading [=====================>                             ]
 12.58MB/29.78MB
 062e450697fa Downloading [=====================>                             ]
 12.58MB/29.78MB
 5b334862de59 Downloading [=================>                                 ]
 12.58MB/36.04MB
 062e450697fa Downloading [======================>                            ]
 13.63MB/29.78MB
 5b334862de59 Downloading [=================>                                 ]
 12.58MB/36.04MB
 062e450697fa Downloading [======================>                            ]
 13.63MB/29.78MB
 5b334862de59 Downloading [=================>                                 ]
 12.58MB/36.04MB
 062e450697fa Downloading [======================>                            ]
 13.63MB/29.78MB
 5b334862de59 Downloading [========
 5b334862de59 Downloading [=================>                                 ]
 12.58MB/36.04MB
 062e450697fa Downloading [======================>                            ]
 13.63MB/29.78MB
 5b334862de59 Downloading [=================>                                 ]
 12.58MB/36.04MB
 5b334862de59 Downloading [=================>                                 ]
 12.58MB/36.04MB
 062e450697fa Downloading [======================>                            ]
 13.63MB/29.78MB
 062e450697fa Downloading [======================>                            ]
 13.63MB/29.78MB
 5b334862de59 Downloading [=================>                                 ]
 12.58MB/36.04MB
 062e450697fa Downloading [======================>                            ]
 13.63MB/29.78MB
 5b334862de59 Downloading [=================>                                 ]
 12.58MB/36.04MB
 062e450697fa Downloading [======================>                            ]
 13.63MB/29.78MB
 5b334862de59 Downloading [=================>                                 ]
 12.58MB/36.04MB
 062e450697fa Downloading [======================>                            ]
 13.63MB/29.78MB
 5b334862de59 Downloading [=================>                                 ]
 12.58MB/36.04MB
 062e450697fa Downloading [======================>                            ]
 13.63MB/29.78MB
 5b334862de59 Downloading [=================>                                 ]
 12.58MB/36.04MB
 5b334862de59 Downloading [=================>                                 ]
 12.58MB/36.04MB
 062e450697fa Downloading [======================>                            ]
 13.63MB/29.78MB
 062e450697fa Downloading [======================>                            ]
 13.63MB/29.78MB
 5b334862de59 Downloading [=================>                                 ]
 12.58MB/36.04MB
 062e450697fa Downloading [======================>                            ]
 13.63MB/29.78MB
 5b334862de59 Downloading [=================>                                 ]
 12.58MB/36.04MB
 062e450697fa Downloading [======================>                            ]
 13.63MB/29.78MB
 5b334862de59 Downloading [=================>                                 ]
 12.58MB/36.04MB
 062e450697fa Downloading [======================>                            ]
 13.63MB/29.78MB
 5b334862de59 Downloading [=================>                                 ]
 12.58MB/36.04MB
 062e450697fa Downloading [======================>                            ]
 13.63MB/29.78MB
 5b334862de59 Downloading [=================>                                 ]
 12.58MB/36.04MB
 062e450697fa Downloading [======================>                            ]
 13.63MB/29.78MB
 5b334862de59 Downloading [=================>                                 ]
 12.58MB/36.04MB
 062e450697fa Downloading [======================>                            ]
 13.63MB/29.78MB
 5b334862de59 Downloading [=================>                                 ]
 12.58MB/36.04MB
 062e450697fa Downloading [======================>                            ]
 13.63MB/29.78MB
 5b334862de59 Downloading [=================>                                 ]
 12.58MB/36.04MB
 5b334862de59 Downloading [=================>                                 ]
 12.58MB/36.04MB
 062e450697fa Downloading [======================>                            ]
 13.63MB/29.78MB
 062e450697fa Downloading [======================>                            ]
 13.63MB/29.78MB
 5b334862de59 Downloading [=================>                                 ]
 12.58MB/36.04MB
 5b334862de59 Downloading [=================>                                 ]
 12.58MB/36.04MB
 062e450697fa Downloading [======================>                            ]
 13.63MB/29.78MB
 062e450697fa Downloading [======================>                            ]
 13.63MB/29.78MB
 5b334862de59 Downloading [=================>                                 ]
 12.58MB/36.04MB
 062e450697fa Downloading [======================>                            ]
 13.63MB/29.78MB
 5b334862de59
 5b334862de59 Downloading [=================>                                 ]
 12.58MB/36.04MB
 062e450697fa Downloading [======================>                            ]
 13.63MB/29.78MB
 5b334862de59 Downloading [=================>                                 ]
 12.58MB/36.04MB
 062e450697fa Downloading [======================>                            ]
 13.63MB/29.78MB
 5b334862de59 Downloading [=================>                                 ]
 12.58MB/36.04MB
 5b334862de59 Downloading [=================>                                 ]
 12.58MB/36.04MB
 062e450697fa Downloading [======================>                            ]
 13.63MB/29.78MB
 5b334862de59 Downloading [=================>                                 ]
 12.58MB/36.04MB
 062e450697fa Downloading [======================>                            ]
 13.63MB/29.78MB
 062e450697fa Downloading [======================>                            ]
 13.63MB/29.78MB
 5b334862de59 Downloading [=================>                                 ]
 12.58MB/36.04MB
 062e450697fa Downloading [======================>                            ]
 13.63MB/29.78MB
 5b334862de59 Downloading [=================>                                 ]
 12.58MB/36.04MB
 062e450697fa Downloading [======================>                            ]
 13.63MB/29.78MB
 5b334862de59 Downloading [=================>                                 ]
 12.58MB/36.04MB
 062e450697fa Downloading [======================>                            ]
 13.63MB/29.78MB
 5b334862de59 Downloading [=================>                                 ]
 12.58MB/36.04MB
 062e450697fa Downloading [======================>                            ]
 13.63MB/29.78MB
 5b334862de59 Downloading [=================>                                 ]
 12.58MB/36.04MB
 062e450697fa Downloading [======================>                            ]
 13.63MB/29.78MB
 5b334862de59 Downloading [=================>                                 ]
 12.58MB/36.04MB
 062e450697fa Downloading [======================>                            ]
 13.63MB/29.78MB
 5b334862de59 Downloading [=================>                                 ]
 12.58MB/36.04MB
 062e450697fa Downloading [======================>                            ]
 13.63MB/29.78MB
 5b334862de59 Downloading [=================>                                 ]
 12.58MB/36.04MB
 062e450697fa Downloading [======================>                            ]
 13.63MB/29.78MB
 5b334862de59 Downloading [=================>                                 ]
 12.58MB/36.04MB
 062e450697fa Downloading [======================>                            ]
 13.63MB/29.78MB
 5b334862de59 Downloading [=================>                                 ]
 12.58MB/36.04MB
 062e450697fa Downloading [======================>                            ]
 13.63MB/29.78MB
 5b334862de59 Downloading [=================>                                 ]
 12.58MB/36.04MB
 5b334862de59 Downloading [=================>                                 ]
 12.58MB/36.04MB
 062e450697fa Downloading [======================>                            ]
 13.63MB/29.78MB
 062e450697fa Downloading [======================>                            ]
 13.63MB/29.78MB
 5b334862de59 Downloading [=================>                                 ]
 12.58MB/36.04MB
 062e450697fa Downloading [======================>                            ]
 13.63MB/29.78MB
 5b334862de59 Downloading [=================>                                 ]
 12.58MB/36.04MB
 062e450697fa Downloading [======================>                            ]
 13.63MB/29.78MB
 5b334862de59 Downloading [=================>                                 ]
 12.58MB/36.04MB
 062e450697fa Downloading [======================>                            ]
 13.63MB/29.78MB
 5b334862de59 Downloading [=================>                                 ]
 12.58MB/36.04MB
 5b334862de59 Downloading [=================>                                 ]
 12.58MB/36
 12.58MB/36.04MB
 062e450697fa Downloading [======================>                            ]
 13.63MB/29.78MB
 062e450697fa Downloading [======================>                            ]
 13.63MB/29.78MB
 5b334862de59 Downloading [=================>                                 ]
 12.58MB/36.04MB
 062e450697fa Downloading [======================>                            ]
 13.63MB/29.78MB
 5b334862de59 Downloading [=================>                                 ]
 12.58MB/36.04MB
 062e450697fa Downloading [======================>                            ]
 13.63MB/29.78MB
 5b334862de59 Downloading [=================>                                 ]
 12.58MB/36.04MB
 062e450697fa Downloading [======================>                            ]
 13.63MB/29.78MB
 5b334862de59 Downloading [=================>                                 ]
 12.58MB/36.04MB
 5b334862de59 Downloading [==================>                                ]
 13.63MB/36.04MB
 062e450697fa Downloading [======================>                            ]
 13.63MB/29.78MB
 062e450697fa Downloading [======================>                            ]
 13.63MB/29.78MB
 5b334862de59 Downloading [==================>                                ]
 13.63MB/36.04MB
 062e450697fa Downloading [======================>                            ]
 13.63MB/29.78MB
 5b334862de59 Downloading [==================>                                ]
 13.63MB/36.04MB
 062e450697fa Downloading [======================>                            ]
 13.63MB/29.78MB
 5b334862de59 Downloading [==================>                                ]
 13.63MB/36.04MB
 062e450697fa Downloading [======================>                            ]
 13.63MB/29.78MB
 5b334862de59 Downloading [==================>                                ]
 13.63MB/36.04MB
 062e450697fa Downloading [======================>                            ]
 13.63MB/29.78MB
 5b334862de59 Downloading [==================>                                ]
 13.63MB/36.04MB
 062e450697fa Downloading [========================>                          ]
 14.68MB/29.78MB
 5b334862de59 Downloading [==================>                                ]
 13.63MB/36.04MB
 062e450697fa Downloading [========================>                          ]
 14.68MB/29.78MB
 5b334862de59 Downloading [==================>                                ]
 13.63MB/36.04MB
 062e450697fa Downloading [========================>                          ]
 14.68MB/29.78MB
 5b334862de59 Downloading [==================>                                ]
 13.63MB/36.04MB
 062e450697fa Downloading [========================>                          ]
 14.68MB/29.78MB
 5b334862de59 Downloading [==================>                                ]
 13.63MB/36.04MB
 062e450697fa Downloading [========================>                          ]
 14.68MB/29.78MB
 5b334862de59 Downloading [==================>                                ]
 13.63MB/36.04MB
 062e450697fa Downloading [========================>                          ]
 14.68MB/29.78MB
 5b334862de59 Downloading [==================>                                ]
 13.63MB/36.04MB
 062e450697fa Downloading [========================>                          ]
 14.68MB/29.78MB
 5b334862de59 Downloading [==================>                                ]
 13.63MB/36.04MB
 062e450697fa Downloading [========================>                          ]
 14.68MB/29.78MB
 5b334862de59 Downloading [==================>                                ]
 13.63MB/36.04MB
 062e450697fa Downloading [========================>                          ]
 14.68MB/29.78MB
 5b334862de59 Downloading [==================>                                ]
 13.63MB/36.04MB
 062e450697fa Downloading [========================>                          ]
 14.68MB/29.78MB
 5b334862de59 Downloading [==================>                                ]
 13.63MB/36.04MB
 062e450697fa Downloading [========================>
 062e450697fa Downloading [========================>                          ]
 14.68MB/29.78MB
 5b334862de59 Downloading [==================>                                ]
 13.63MB/36.04MB
 5b334862de59 Downloading [==================>                                ]
 13.63MB/36.04MB
 062e450697fa Downloading [========================>                          ]
 14.68MB/29.78MB
 5b334862de59 Downloading [==================>                                ]
 13.63MB/36.04MB
 062e450697fa Downloading [========================>                          ]
 14.68MB/29.78MB
 062e450697fa Downloading [========================>                          ]
 14.68MB/29.78MB
 5b334862de59 Downloading [==================>                                ]
 13.63MB/36.04MB
 062e450697fa Downloading [========================>                          ]
 14.68MB/29.78MB
 5b334862de59 Downloading [==================>                                ]
 13.63MB/36.04MB
 062e450697fa Downloading [========================>                          ]
 14.68MB/29.78MB
 5b334862de59 Downloading [==================>                                ]
 13.63MB/36.04MB
 062e450697fa Downloading [========================>                          ]
 14.68MB/29.78MB
 5b334862de59 Downloading [==================>                                ]
 13.63MB/36.04MB
 062e450697fa Downloading [========================>                          ]
 14.68MB/29.78MB
 5b334862de59 Downloading [==================>                                ]
 13.63MB/36.04MB
 062e450697fa Downloading [========================>                          ]
 14.68MB/29.78MB
 5b334862de59 Downloading [==================>                                ]
 13.63MB/36.04MB
 062e450697fa Downloading [========================>                          ]
 14.68MB/29.78MB
 5b334862de59 Downloading [==================>                                ]
 13.63MB/36.04MB
 5b334862de59 Downloading [==================>                                ]
 13.63MB/36.04MB
 062e450697fa Downloading [========================>                          ]
 14.68MB/29.78MB
 062e450697fa Downloading [========================>                          ]
 14.68MB/29.78MB
 5b334862de59 Downloading [==================>                                ]
 13.63MB/36.04MB
 062e450697fa Downloading [========================>                          ]
 14.68MB/29.78MB
 5b334862de59 Downloading [==================>                                ]
 13.63MB/36.04MB
 062e450697fa Downloading [========================>                          ]
 14.68MB/29.78MB
 5b334862de59 Downloading [==================>                                ]
 13.63MB/36.04MB
 062e450697fa Downloading [========================>                          ]
 14.68MB/29.78MB
 5b334862de59 Downloading [==================>                                ]
 13.63MB/36.04MB
 062e450697fa Downloading [========================>                          ]
 14.68MB/29.78MB
 5b334862de59 Downloading [==================>                                ]
 13.63MB/36.04MB
 062e450697fa Downloading [========================>                          ]
 14.68MB/29.78MB
 5b334862de59 Downloading [==================>                                ]
 13.63MB/36.04MB
 062e450697fa Downloading [========================>                          ]
 14.68MB/29.78MB
 5b334862de59 Downloading [==================>                                ]
 13.63MB/36.04MB
 062e450697fa Downloading [========================>                          ]
 14.68MB/29.78MB
 5b334862de59 Downloading [==================>                                ]
 13.63MB/36.04MB
 062e450697fa Downloading [========================>                          ]
 14.68MB/29.78MB
 5b334862de59 Downloading [==================>                                ]
 13.63MB/36.04MB
 062e450697fa Downloading [========================>                          ]
 14.68MB/29.78MB
 5b334862de59 Downloading [==================>                                ]
 13.63MB/36.04MB
 062e450697fa Downloading [======================
 062e450697fa Downloading [========================>                          ]
 14.68MB/29.78MB
 5b334862de59 Downloading [==================>                                ]
 13.63MB/36.04MB
 062e450697fa Downloading [========================>                          ]
 14.68MB/29.78MB
 5b334862de59 Downloading [==================>                                ]
 13.63MB/36.04MB
 062e450697fa Downloading [========================>                          ]
 14.68MB/29.78MB
 5b334862de59 Downloading [==================>                                ]
 13.63MB/36.04MB
 5b334862de59 Downloading [==================>                                ]
 13.63MB/36.04MB
 062e450697fa Downloading [========================>                          ]
 14.68MB/29.78MB
 5b334862de59 Downloading [==================>                                ]
 13.63MB/36.04MB
 062e450697fa Downloading [========================>                          ]
 14.68MB/29.78MB
 062e450697fa Downloading [========================>                          ]
 14.68MB/29.78MB
 5b334862de59 Downloading [==================>                                ]
 13.63MB/36.04MB
 5b334862de59 Downloading [==================>                                ]
 13.63MB/36.04MB
 062e450697fa Downloading [========================>                          ]
 14.68MB/29.78MB
 062e450697fa Downloading [========================>                          ]
 14.68MB/29.78MB
 5b334862de59 Downloading [==================>                                ]
 13.63MB/36.04MB
 062e450697fa Downloading [========================>                          ]
 14.68MB/29.78MB
 5b334862de59 Downloading [==================>                                ]
 13.63MB/36.04MB
 062e450697fa Downloading [========================>                          ]
 14.68MB/29.78MB
 5b334862de59 Downloading [==================>                                ]
 13.63MB/36.04MB
 5b334862de59 Downloading [==================>                                ]
 13.63MB/36.04MB
 062e450697fa Downloading [========================>                          ]
 14.68MB/29.78MB
 062e450697fa Downloading [========================>                          ]
 14.68MB/29.78MB
 5b334862de59 Downloading [==================>                                ]
 13.63MB/36.04MB
 062e450697fa Downloading [========================>                          ]
 14.68MB/29.78MB
 5b334862de59 Downloading [==================>                                ]
 13.63MB/36.04MB
 062e450697fa Downloading [========================>                          ]
 14.68MB/29.78MB
 5b334862de59 Downloading [==================>                                ]
 13.63MB/36.04MB
 062e450697fa Downloading [========================>                          ]
 14.68MB/29.78MB
 5b334862de59 Downloading [==================>                                ]
 13.63MB/36.04MB
 062e450697fa Downloading [========================>                          ]
 14.68MB/29.78MB
 5b334862de59 Downloading [==================>                                ]
 13.63MB/36.04MB
 062e450697fa Downloading [========================>                          ]
 14.68MB/29.78MB
 5b334862de59 Downloading [====================>                              ]
 14.68MB/36.04MB
 062e450697fa Downloading [========================>                          ]
 14.68MB/29.78MB
 5b334862de59 Downloading [====================>                              ]
 14.68MB/36.04MB
 062e450697fa Downloading [========================>                          ]
 14.68MB/29.78MB
 5b334862de59 Downloading [====================>                              ]
 14.68MB/36.04MB
 062e450697fa Downloading [========================>                          ]
 14.68MB/29.78MB
 5b334862de59 Downloading [====================>                              ]
 14.68MB/36.04MB
 062e450697fa Downloading [========================>                          ]
 14.68MB/29.78MB
 5b334862de59 Downloading [====================>                              ]
 14.68MB/36.04MB
 062e450697fa Downloading [=
 062e450697fa Downloading [========================>                          ]
 14.68MB/29.78MB
 5b334862de59 Downloading [====================>                              ]
 14.68MB/36.04MB
 062e450697fa Downloading [========================>                          ]
 14.68MB/29.78MB
 5b334862de59 Downloading [====================>                              ]
 14.68MB/36.04MB
 062e450697fa Downloading [==========================>                        ]
 15.73MB/29.78MB
 5b334862de59 Downloading [====================>                              ]
 14.68MB/36.04MB
 062e450697fa Downloading [==========================>                        ]
 15.73MB/29.78MB
 5b334862de59 Downloading [====================>                              ]
 14.68MB/36.04MB
 062e450697fa Downloading [==========================>                        ]
 15.73MB/29.78MB
 5b334862de59 Downloading [====================>                              ]
 14.68MB/36.04MB
 062e450697fa Downloading [==========================>                        ]
 15.73MB/29.78MB
 5b334862de59 Downloading [====================>                              ]
 14.68MB/36.04MB
 062e450697fa Downloading [==========================>                        ]
 15.73MB/29.78MB
 5b334862de59 Downloading [====================>                              ]
 14.68MB/36.04MB
 062e450697fa Downloading [==========================>                        ]
 15.73MB/29.78MB
 5b334862de59 Downloading [====================>                              ]
 14.68MB/36.04MB
 062e450697fa Downloading [==========================>                        ]
 15.73MB/29.78MB
 5b334862de59 Downloading [====================>                              ]
 14.68MB/36.04MB
 062e450697fa Downloading [==========================>                        ]
 15.73MB/29.78MB
 5b334862de59 Downloading [====================>                              ]
 14.68MB/36.04MB
 062e450697fa Downloading [==========================>                        ]
 15.73MB/29.78MB
 5b334862de59 Downloading [====================>                              ]
 14.68MB/36.04MB
 5b334862de59 Downloading [====================>                              ]
 14.68MB/36.04MB
 062e450697fa Downloading [==========================>                        ]
 15.73MB/29.78MB
 062e450697fa Downloading [==========================>                        ]
 15.73MB/29.78MB
 5b334862de59 Downloading [====================>                              ]
 14.68MB/36.04MB
 062e450697fa Downloading [==========================>                        ]
 15.73MB/29.78MB
 5b334862de59 Downloading [====================>                              ]
 14.68MB/36.04MB
 062e450697fa Downloading [==========================>                        ]
 15.73MB/29.78MB
 5b334862de59 Downloading [====================>                              ]
 14.68MB/36.04MB
 062e450697fa Downloading [==========================>                        ]
 15.73MB/29.78MB
 5b334862de59 Downloading [====================>                              ]
 14.68MB/36.04MB
 062e450697fa Downloading [==========================>                        ]
 15.73MB/29.78MB
 5b334862de59 Downloading [====================>                              ]
 14.68MB/36.04MB
 062e450697fa Downloading [==========================>                        ]
 15.73MB/29.78MB
 5b334862de59 Downloading [====================>                              ]
 14.68MB/36.04MB
 062e450697fa Downloading [==========================>                        ]
 15.73MB/29.78MB
 5b334862de59 Downloading [====================>                              ]
 14.68MB/36.04MB
 062e450697fa Downloading [==========================>                        ]
 15.73MB/29.78MB
 5b334862de59 Downloading [====================>                              ]
 14.68MB/36.04MB
 062e450697fa Downloading [==========================>                        ]
 15.73MB/29.78MB
 5b334862de59 Downloading [====================>                              ]
 14.68MB/36.04MB
 5b3348
 5b334862de59 Downloading [====================>                              ]
 14.68MB/36.04MB
 062e450697fa Downloading [==========================>                        ]
 15.73MB/29.78MB
 062e450697fa Downloading [==========================>                        ]
 15.73MB/29.78MB
 5b334862de59 Downloading [====================>                              ]
 14.68MB/36.04MB
 062e450697fa Downloading [==========================>                        ]
 15.73MB/29.78MB
 5b334862de59 Downloading [====================>                              ]
 14.68MB/36.04MB
 5b334862de59 Downloading [====================>                              ]
 14.68MB/36.04MB
 062e450697fa Downloading [==========================>                        ]
 15.73MB/29.78MB
 062e450697fa Downloading [==========================>                        ]
 15.73MB/29.78MB
 5b334862de59 Downloading [====================>                              ]
 14.68MB/36.04MB
 062e450697fa Downloading [==========================>                        ]
 15.73MB/29.78MB
 5b334862de59 Downloading [====================>                              ]
 14.68MB/36.04MB
 5b334862de59 Downloading [====================>                              ]
 14.68MB/36.04MB
 062e450697fa Downloading [==========================>                        ]
 15.73MB/29.78MB
 062e450697fa Downloading [==========================>                        ]
 15.73MB/29.78MB
 5b334862de59 Downloading [====================>                              ]
 14.68MB/36.04MB
 062e450697fa Downloading [==========================>                        ]
 15.73MB/29.78MB
 5b334862de59 Downloading [====================>                              ]
 14.68MB/36.04MB
 062e450697fa Downloading [==========================>                        ]
 15.73MB/29.78MB
 5b334862de59 Downloading [====================>                              ]
 14.68MB/36.04MB
 062e450697fa Downloading [==========================>                        ]
 15.73MB/29.78MB
 5b334862de59 Downloading [====================>                              ]
 14.68MB/36.04MB
 062e450697fa Downloading [==========================>                        ]
 15.73MB/29.78MB
 5b334862de59 Downloading [====================>                              ]
 14.68MB/36.04MB
 062e450697fa Downloading [==========================>                        ]
 15.73MB/29.78MB
 5b334862de59 Downloading [====================>                              ]
 14.68MB/36.04MB
 062e450697fa Downloading [==========================>                        ]
 15.73MB/29.78MB
 5b334862de59 Downloading [====================>                              ]
 14.68MB/36.04MB
 062e450697fa Downloading [==========================>                        ]
 15.73MB/29.78MB
 5b334862de59 Downloading [====================>                              ]
 14.68MB/36.04MB
 062e450697fa Downloading [==========================>                        ]
 15.73MB/29.78MB
 5b334862de59 Downloading [====================>                              ]
 14.68MB/36.04MB
 062e450697fa Downloading [==========================>                        ]
 15.73MB/29.78MB
 5b334862de59 Downloading [====================>                              ]
 14.68MB/36.04MB
 062e450697fa Downloading [==========================>                        ]
 15.73MB/29.78MB
 5b334862de59 Downloading [====================>                              ]
 14.68MB/36.04MB
 062e450697fa Downloading [==========================>                        ]
 15.73MB/29.78MB
 5b334862de59 Downloading [====================>                              ]
 14.68MB/36.04MB
 062e450697fa Downloading [==========================>                        ]
 15.73MB/29.78MB
 5b334862de59 Downloading [====================>                              ]
 14.68MB/36.04MB
 062e450697fa Downloading [==========================>                        ]
 15.73MB/29.78MB
 5b334862de59 Downloading [====================>                              ]
 14.
 14.68MB/36.04MB
 062e450697fa Downloading [==========================>                        ]
 15.73MB/29.78MB
 5b334862de59 Downloading [====================>                              ]
 14.68MB/36.04MB
 062e450697fa Downloading [==========================>                        ]
 15.73MB/29.78MB
 5b334862de59 Downloading [====================>                              ]
 14.68MB/36.04MB
 5b334862de59 Downloading [====================>                              ]
 14.68MB/36.04MB
 062e450697fa Downloading [==========================>                        ]
 15.73MB/29.78MB
 062e450697fa Downloading [==========================>                        ]
 15.73MB/29.78MB
 5b334862de59 Downloading [====================>                              ]
 14.68MB/36.04MB
 062e450697fa Downloading [==========================>                        ]
 15.73MB/29.78MB
 5b334862de59 Downloading [====================>                              ]
 14.68MB/36.04MB
 5b334862de59 Downloading [====================>                              ]
 14.68MB/36.04MB
 062e450697fa Downloading [==========================>                        ]
 15.73MB/29.78MB
 062e450697fa Downloading [==========================>                        ]
 15.73MB/29.78MB
 5b334862de59 Downloading [====================>                              ]
 14.68MB/36.04MB
 062e450697fa Downloading [==========================>                        ]
 15.73MB/29.78MB
 5b334862de59 Downloading [====================>                              ]
 14.68MB/36.04MB
 062e450697fa Downloading [==========================>                        ]
 15.73MB/29.78MB
 5b334862de59 Downloading [====================>                              ]
 14.68MB/36.04MB
 062e450697fa Downloading [==========================>                        ]
 15.73MB/29.78MB
 5b334862de59 Downloading [====================>                              ]
 14.68MB/36.04MB
 062e450697fa Downloading [==========================>                        ]
 15.73MB/29.78MB
 5b334862de59 Downloading [====================>                              ]
 14.68MB/36.04MB
 5b334862de59 Downloading [=====================>                             ]
 15.73MB/36.04MB
 062e450697fa Downloading [==========================>                        ]
 15.73MB/29.78MB
 062e450697fa Downloading [==========================>                        ]
 15.73MB/29.78MB
 5b334862de59 Downloading [=====================>                             ]
 15.73MB/36.04MB
 062e450697fa Downloading [============================>                      ]
 16.78MB/29.78MB
 5b334862de59 Downloading [=====================>                             ]
 15.73MB/36.04MB
 062e450697fa Downloading [============================>                      ]
 16.78MB/29.78MB
 5b334862de59 Downloading [=====================>                             ]
 15.73MB/36.04MB
 062e450697fa Downloading [============================>                      ]
 16.78MB/29.78MB
 5b334862de59 Downloading [=====================>                             ]
 15.73MB/36.04MB
 062e450697fa Downloading [============================>                      ]
 16.78MB/29.78MB
 5b334862de59 Downloading [=====================>                             ]
 15.73MB/36.04MB
 5b334862de59 Downloading [=====================>                             ]
 15.73MB/36.04MB
 062e450697fa Downloading [============================>                      ]
 16.78MB/29.78MB
 5b334862de59 Downloading [=====================>                             ]
 15.73MB/36.04MB
 062e450697fa Downloading [============================>                      ]
 16.78MB/29.78MB
 062e450697fa Downloading [============================>                      ]
 16.78MB/29.78MB
 5b334862de59 Downloading [=====================>                             ]
 15.73MB/36.04MB
 062e450697fa Downloading [============================>                      ]
 16.78MB/29.78MB
 5b334862de59 Downloading [=====================>
 5b334862de59 Downloading [=====================>                             ]
 15.73MB/36.04MB
 062e450697fa Downloading [============================>                      ]
 16.78MB/29.78MB
 5b334862de59 Downloading [=====================>                             ]
 15.73MB/36.04MB
 062e450697fa Downloading [============================>                      ]
 16.78MB/29.78MB
 5b334862de59 Downloading [=====================>                             ]
 15.73MB/36.04MB
 062e450697fa Downloading [============================>                      ]
 16.78MB/29.78MB
 5b334862de59 Downloading [=====================>                             ]
 15.73MB/36.04MB
 062e450697fa Downloading [============================>                      ]
 16.78MB/29.78MB
 5b334862de59 Downloading [=====================>                             ]
 15.73MB/36.04MB
 062e450697fa Downloading [============================>                      ]
 16.78MB/29.78MB
 5b334862de59 Downloading [=====================>                             ]
 15.73MB/36.04MB
 062e450697fa Downloading [============================>                      ]
 16.78MB/29.78MB
 5b334862de59 Downloading [=====================>                             ]
 15.73MB/36.04MB
 5b334862de59 Downloading [=====================>                             ]
 15.73MB/36.04MB
 062e450697fa Downloading [============================>                      ]
 16.78MB/29.78MB
 062e450697fa Downloading [============================>                      ]
 16.78MB/29.78MB
 5b334862de59 Downloading [=====================>                             ]
 15.73MB/36.04MB
 062e450697fa Downloading [============================>                      ]
 16.78MB/29.78MB
 5b334862de59 Downloading [=====================>                             ]
 15.73MB/36.04MB
 062e450697fa Downloading [============================>                      ]
 16.78MB/29.78MB
 5b334862de59 Downloading [=====================>                             ]
 15.73MB/36.04MB
 062e450697fa Downloading [============================>                      ]
 16.78MB/29.78MB
 5b334862de59 Downloading [=====================>                             ]
 15.73MB/36.04MB
 062e450697fa Downloading [============================>                      ]
 16.78MB/29.78MB
 5b334862de59 Downloading [=====================>                             ]
 15.73MB/36.04MB
 062e450697fa Downloading [============================>                      ]
 16.78MB/29.78MB
 5b334862de59 Downloading [=====================>                             ]
 15.73MB/36.04MB
 062e450697fa Downloading [============================>                      ]
 16.78MB/29.78MB
 5b334862de59 Downloading [=====================>                             ]
 15.73MB/36.04MB
 062e450697fa Downloading [============================>                      ]
 16.78MB/29.78MB
 5b334862de59 Downloading [=====================>                             ]
 15.73MB/36.04MB
 062e450697fa Downloading [============================>                      ]
 16.78MB/29.78MB
 5b334862de59 Downloading [=====================>                             ]
 15.73MB/36.04MB
 062e450697fa Downloading [============================>                      ]
 16.78MB/29.78MB
 5b334862de59 Downloading [=====================>                             ]
 15.73MB/36.04MB
 062e450697fa Downloading [============================>                      ]
 16.78MB/29.78MB
 5b334862de59 Downloading [=====================>                             ]
 15.73MB/36.04MB
 062e450697fa Downloading [============================>                      ]
 16.78MB/29.78MB
 5b334862de59 Downloading [=====================>                             ]
 15.73MB/36.04MB
 5b334862de59 Downloading [=====================>                             ]
 15.73MB/36.04MB
 062e450697fa Downloading [============================>                      ]
 16.78MB/29.78MB
 5b334862de59 Downloading [=====================>                             ]
 15.73MB/36.04MB
 062e450697fa Downloading [===============
 062e450697fa Downloading [============================>                      ]
 16.78MB/29.78MB
 062e450697fa Downloading [============================>                      ]
 16.78MB/29.78MB
 5b334862de59 Downloading [=====================>                             ]
 15.73MB/36.04MB
 062e450697fa Downloading [============================>                      ]
 16.78MB/29.78MB
 5b334862de59 Downloading [=====================>                             ]
 15.73MB/36.04MB
 062e450697fa Downloading [============================>                      ]
 16.78MB/29.78MB
 5b334862de59 Downloading [=====================>                             ]
 15.73MB/36.04MB
 062e450697fa Downloading [============================>                      ]
 16.78MB/29.78MB
 5b334862de59 Downloading [=====================>                             ]
 15.73MB/36.04MB
 5b334862de59 Downloading [=====================>                             ]
 15.73MB/36.04MB
 062e450697fa Downloading [============================>                      ]
 16.78MB/29.78MB
 5b334862de59 Downloading [=====================>                             ]
 15.73MB/36.04MB
 062e450697fa Downloading [============================>                      ]
 16.78MB/29.78MB
 062e450697fa Downloading [============================>                      ]
 16.78MB/29.78MB
 5b334862de59 Downloading [=====================>                             ]
 15.73MB/36.04MB
 062e450697fa Downloading [============================>                      ]
 16.78MB/29.78MB
 5b334862de59 Downloading [=====================>                             ]
 15.73MB/36.04MB
 062e450697fa Downloading [============================>                      ]
 16.78MB/29.78MB
 5b334862de59 Downloading [=====================>                             ]
 15.73MB/36.04MB
 062e450697fa Downloading [============================>                      ]
 16.78MB/29.78MB
 5b334862de59 Downloading [=====================>                             ]
 15.73MB/36.04MB
 5b334862de59 Downloading [=====================>                             ]
 15.73MB/36.04MB
 062e450697fa Downloading [============================>                      ]
 16.78MB/29.78MB
 062e450697fa Downloading [============================>                      ]
 16.78MB/29.78MB
 5b334862de59 Downloading [=====================>                             ]
 15.73MB/36.04MB
 5b334862de59 Downloading [=====================>                             ]
 15.73MB/36.04MB
 062e450697fa Downloading [============================>                      ]
 16.78MB/29.78MB
 062e450697fa Downloading [============================>                      ]
 16.78MB/29.78MB
 5b334862de59 Downloading [=====================>                             ]
 15.73MB/36.04MB
 062e450697fa Downloading [============================>                      ]
 16.78MB/29.78MB
 5b334862de59 Downloading [=====================>                             ]
 15.73MB/36.04MB
 062e450697fa Downloading [============================>                      ]
 16.78MB/29.78MB
 5b334862de59 Downloading [=====================>                             ]
 15.73MB/36.04MB
 062e450697fa Downloading [============================>                      ]
 16.78MB/29.78MB
 5b334862de59 Downloading [=====================>                             ]
 15.73MB/36.04MB
 062e450697fa Downloading [============================>                      ]
 16.78MB/29.78MB
 5b334862de59 Downloading [=====================>                             ]
 15.73MB/36.04MB
 062e450697fa Downloading [============================>                      ]
 16.78MB/29.78MB
 5b334862de59 Downloading [=====================>                             ]
 15.73MB/36.04MB
 5b334862de59 Downloading [=====================>                             ]
 15.73MB/36.04MB
 062e450697fa Downloading [============================>                      ]
 16.78MB/29.78MB
 5b334862de59 Downloading [=====================>                             ]
 15.73MB/36.04MB
 062e450697fa Downloa
 062e450697fa Downloading [============================>                      ]
 16.78MB/29.78MB
 062e450697fa Downloading [============================>                      ]
 16.78MB/29.78MB
 5b334862de59 Downloading [=====================>                             ]
 15.73MB/36.04MB
 062e450697fa Downloading [============================>                      ]
 16.78MB/29.78MB
 5b334862de59 Downloading [=====================>                             ]
 15.73MB/36.04MB
 062e450697fa Downloading [============================>                      ]
 16.78MB/29.78MB
 5b334862de59 Downloading [=======================>                           ]
 16.78MB/36.04MB
 062e450697fa Downloading [============================>                      ]
 16.78MB/29.78MB
 5b334862de59 Downloading [=======================>                           ]
 16.78MB/36.04MB
 062e450697fa Downloading [============================>                      ]
 16.78MB/29.78MB
 5b334862de59 Downloading [=======================>                           ]
 16.78MB/36.04MB
 062e450697fa Downloading [============================>                      ]
 16.78MB/29.78MB
 5b334862de59 Downloading [=======================>                           ]
 16.78MB/36.04MB
 062e450697fa Downloading [=============================>                     ]
 17.83MB/29.78MB
 5b334862de59 Downloading [=======================>                           ]
 16.78MB/36.04MB
 062e450697fa Downloading [=============================>                     ]
 17.83MB/29.78MB
 5b334862de59 Downloading [=======================>                           ]
 16.78MB/36.04MB
 062e450697fa Downloading [=============================>                     ]
 17.83MB/29.78MB
 5b334862de59 Downloading [=======================>                           ]
 16.78MB/36.04MB
 062e450697fa Downloading [=============================>                     ]
 17.83MB/29.78MB
 5b334862de59 Downloading [=======================>                           ]
 16.78MB/36.04MB
 062e450697fa Downloading [=============================>                     ]
 17.83MB/29.78MB
 5b334862de59 Downloading [=======================>                           ]
 16.78MB/36.04MB
 062e450697fa Downloading [=============================>                     ]
 17.83MB/29.78MB
 5b334862de59 Downloading [=======================>                           ]
 16.78MB/36.04MB
 062e450697fa Downloading [=============================>                     ]
 17.83MB/29.78MB
 5b334862de59 Downloading [=======================>                           ]
 16.78MB/36.04MB
 5b334862de59 Downloading [=======================>                           ]
 16.78MB/36.04MB
 062e450697fa Downloading [=============================>                     ]
 17.83MB/29.78MB
 5b334862de59 Downloading [=======================>                           ]
 16.78MB/36.04MB
 062e450697fa Downloading [=============================>                     ]
 17.83MB/29.78MB
 062e450697fa Downloading [=============================>                     ]
 17.83MB/29.78MB
 5b334862de59 Downloading [=======================>                           ]
 16.78MB/36.04MB
 5b334862de59 Downloading [=======================>                           ]
 16.78MB/36.04MB
 062e450697fa Downloading [=============================>                     ]
 17.83MB/29.78MB
 062e450697fa Downloading [=============================>                     ]
 17.83MB/29.78MB
 5b334862de59 Downloading [=======================>                           ]
 16.78MB/36.04MB
 062e450697fa Downloading [=============================>                     ]
 17.83MB/29.78MB
 5b334862de59 Downloading [=======================>                           ]
 16.78MB/36.04MB
 062e450697fa Downloading [=============================>                     ]
 17.83MB/29.78MB
 5b334862de59 Downloading [=======================>                           ]
 16.78MB/36.04MB
 062e450697fa Downloading [=============================>                     ]
 17.83MB/29.78MB
 5b334862de59 Downloading [=======================>                           ]
 16.78MB/36.04MB
 062e450697fa Downloading [=============================>                     ]
 17.83MB/29.78MB
 5b334862de59 Downloading [=======================>                           ]
 16.78MB/36.04MB
 062e450697fa Downloading [=============================>                     ]
 17.83MB/29.78MB
 5b334862de59 Downloading [=======================>                           ]
 16.78MB/36.04MB
 062e450697fa Downloading [=============================>                     ]
 17.83MB/29.78MB
 5b334862de59 Downloading [=======================>                           ]
 16.78MB/36.04MB
 062e450697fa Downloading [=============================>                     ]
 17.83MB/29.78MB
 5b334862de59 Downloading [=======================>                           ]
 16.78MB/36.04MB
 062e450697fa Downloading [=============================>                     ]
 17.83MB/29.78MB
 5b334862de59 Downloading [=======================>                           ]
 16.78MB/36.04MB
 062e450697fa Downloading [=============================>                     ]
 17.83MB/29.78MB
 5b334862de59 Downloading [=======================>                           ]
 16.78MB/36.04MB
 5b334862de59 Downloading [=======================>                           ]
 16.78MB/36.04MB
 062e450697fa Downloading [=============================>                     ]
 17.83MB/29.78MB
 062e450697fa Downloading [=============================>                     ]
 17.83MB/29.78MB
 5b334862de59 Downloading [=======================>                           ]
 16.78MB/36.04MB
 5b334862de59 Downloading [=======================>                           ]
 16.78MB/36.04MB
 062e450697fa Downloading [=============================>                     ]
 17.83MB/29.78MB
 062e450697fa Downloading [=============================>                     ]
 17.83MB/29.78MB
 5b334862de59 Downloading [=======================>                           ]
 16.78MB/36.04MB
 062e450697fa Downloading [=============================>                     ]
 17.83MB/29.78MB
 5b334862de59 Downloading [=======================>                           ]
 16.78MB/36.04MB
 062e450697fa Downloading [=============================>                     ]
 17.83MB/29.78MB
 5b334862de59 Downloading [=======================>                           ]
 16.78MB/36.04MB
 5b334862de59 Downloading [=======================>                           ]
 16.78MB/36.04MB
 062e450697fa Downloading [=============================>                     ]
 17.83MB/29.78MB
 062e450697fa Downloading [=============================>                     ]
 17.83MB/29.78MB
 5b334862de59 Downloading [=======================>                           ]
 16.78MB/36.04MB
 062e450697fa Downloading [=============================>                     ]
 17.83MB/29.78MB
 5b334862de59 Downloading [=======================>                           ]
 16.78MB/36.04MB
 062e450697fa Downloading [=============================>                     ]
 17.83MB/29.78MB
 5b334862de59 Downloading [=======================>                           ]
 16.78MB/36.04MB
 5b334862de59 Downloading [=======================>                           ]
 16.78MB/36.04MB
 062e450697fa Downloading [=============================>                     ]
 17.83MB/29.78MB
 062e450697fa Downloading [=============================>                     ]
 17.83MB/29.78MB
 5b334862de59 Downloading [=======================>                           ]
 16.78MB/36.04MB
 062e450697fa Downloading [=============================>                     ]
 17.83MB/29.78MB
 5b334862de59 Downloading [=======================>                           ]
 16.78MB/36.04MB
 5b334862de59 Downloading [=======================>                           ]
 16.78MB/36.04MB
 062e450697fa Downloading [=============================>                     ]
 17.83MB/29.78MB
 062e450697fa Downloading [=============================>
 062e450697fa Downloading [=============================>                     ]
 17.83MB/29.78MB
 5b334862de59 Downloading [=======================>                           ]
 16.78MB/36.04MB
 062e450697fa Downloading [=============================>                     ]
 17.83MB/29.78MB
 5b334862de59 Downloading [=======================>                           ]
 16.78MB/36.04MB
 062e450697fa Downloading [=============================>                     ]
 17.83MB/29.78MB
 5b334862de59 Downloading [=======================>                           ]
 16.78MB/36.04MB
 062e450697fa Downloading [=============================>                     ]
 17.83MB/29.78MB
 5b334862de59 Downloading [=======================>                           ]
 16.78MB/36.04MB
 5b334862de59 Downloading [=======================>                           ]
 16.78MB/36.04MB
 062e450697fa Downloading [=============================>                     ]
 17.83MB/29.78MB
 062e450697fa Downloading [=============================>                     ]
 17.83MB/29.78MB
 5b334862de59 Downloading [=======================>                           ]
 16.78MB/36.04MB
 5b334862de59 Downloading [=======================>                           ]
 16.78MB/36.04MB
 062e450697fa Downloading [=============================>                     ]
 17.83MB/29.78MB
 5b334862de59 Downloading [=======================>                           ]
 16.78MB/36.04MB
 062e450697fa Downloading [=============================>                     ]
 17.83MB/29.78MB
 062e450697fa Downloading [=============================>                     ]
 17.83MB/29.78MB
 5b334862de59 Downloading [=======================>                           ]
 16.78MB/36.04MB
 062e450697fa Downloading [=============================>                     ]
 17.83MB/29.78MB
 5b334862de59 Downloading [=======================>                           ]
 16.78MB/36.04MB
 062e450697fa Downloading [=============================>                     ]
 17.83MB/29.78MB
 5b334862de59 Downloading [=======================>                           ]
 16.78MB/36.04MB
 062e450697fa Downloading [=============================>                     ]
 17.83MB/29.78MB
 5b334862de59 Downloading [=======================>                           ]
 16.78MB/36.04MB
 062e450697fa Downloading [=============================>                     ]
 17.83MB/29.78MB
 5b334862de59 Downloading [=======================>                           ]
 16.78MB/36.04MB
 062e450697fa Downloading [=============================>                     ]
 17.83MB/29.78MB
 5b334862de59 Downloading [=======================>                           ]
 16.78MB/36.04MB
 062e450697fa Downloading [=============================>                     ]
 17.83MB/29.78MB
 5b334862de59 Downloading [=======================>                           ]
 16.78MB/36.04MB
 062e450697fa Downloading [=============================>                     ]
 17.83MB/29.78MB
 5b334862de59 Downloading [=======================>                           ]
 16.78MB/36.04MB
 5b334862de59 Downloading [========================>                          ]
 17.83MB/36.04MB
 062e450697fa Downloading [=============================>                     ]
 17.83MB/29.78MB
 062e450697fa Downloading [=============================>                     ]
 17.83MB/29.78MB
 5b334862de59 Downloading [========================>                          ]
 17.83MB/36.04MB
 062e450697fa Downloading [===============================>                   ]
 18.87MB/29.78MB
 5b334862de59 Downloading [========================>                          ]
 17.83MB/36.04MB
 062e450697fa Downloading [===============================>                   ]
 18.87MB/29.78MB
 5b334862de59 Downloading [========================>                          ]
 17.83MB/36.04MB
 062e450697fa Downloading [===============================>                   ]
 18.87MB/29.78MB
 5b334862de59 Downloading [========================>                          ]
 17.83MB/36.04MB
 062e450697fa Downloading [=============================
 062e450697fa Downloading [===============================>                   ]
 18.87MB/29.78MB
 5b334862de59 Downloading [========================>                          ]
 17.83MB/36.04MB
 062e450697fa Downloading [===============================>                   ]
 18.87MB/29.78MB
 5b334862de59 Downloading [========================>                          ]
 17.83MB/36.04MB
 062e450697fa Downloading [===============================>                   ]
 18.87MB/29.78MB
 5b334862de59 Downloading [========================>                          ]
 17.83MB/36.04MB
 062e450697fa Downloading [===============================>                   ]
 18.87MB/29.78MB
 5b334862de59 Downloading [========================>                          ]
 17.83MB/36.04MB
 062e450697fa Downloading [===============================>                   ]
 18.87MB/29.78MB
 5b334862de59 Downloading [========================>                          ]
 17.83MB/36.04MB
 062e450697fa Downloading [===============================>                   ]
 18.87MB/29.78MB
 5b334862de59 Downloading [========================>                          ]
 17.83MB/36.04MB
 062e450697fa Downloading [===============================>                   ]
 18.87MB/29.78MB
 5b334862de59 Downloading [========================>                          ]
 17.83MB/36.04MB
 062e450697fa Downloading [===============================>                   ]
 18.87MB/29.78MB
 5b334862de59 Downloading [========================>                          ]
 17.83MB/36.04MB
 062e450697fa Downloading [===============================>                   ]
 18.87MB/29.78MB
 5b334862de59 Downloading [========================>                          ]
 17.83MB/36.04MB
 062e450697fa Downloading [===============================>                   ]
 18.87MB/29.78MB
 5b334862de59 Downloading [========================>                          ]
 17.83MB/36.04MB
 062e450697fa Downloading [===============================>                   ]
 18.87MB/29.78MB
 5b334862de59 Downloading [========================>                          ]
 17.83MB/36.04MB
 062e450697fa Downloading [===============================>                   ]
 18.87MB/29.78MB
 5b334862de59 Downloading [========================>                          ]
 17.83MB/36.04MB
 062e450697fa Downloading [===============================>                   ]
 18.87MB/29.78MB
 5b334862de59 Downloading [========================>                          ]
 17.83MB/36.04MB
 062e450697fa Downloading [===============================>                   ]
 18.87MB/29.78MB
 5b334862de59 Downloading [========================>                          ]
 17.83MB/36.04MB
 062e450697fa Downloading [===============================>                   ]
 18.87MB/29.78MB
 5b334862de59 Downloading [========================>                          ]
 17.83MB/36.04MB
 062e450697fa Downloading [===============================>                   ]
 18.87MB/29.78MB
 5b334862de59 Downloading [========================>                          ]
 17.83MB/36.04MB
 062e450697fa Downloading [===============================>                   ]
 18.87MB/29.78MB
 5b334862de59 Downloading [========================>                          ]
 17.83MB/36.04MB
 062e450697fa Downloading [===============================>                   ]
 18.87MB/29.78MB
 5b334862de59 Downloading [========================>                          ]
 17.83MB/36.04MB
 5b334862de59 Downloading [========================>                          ]
 17.83MB/36.04MB
 062e450697fa Downloading [===============================>                   ]
 18.87MB/29.78MB
 062e450697fa Downloading [===============================>                   ]
 18.87MB/29.78MB
 5b334862de59 Downloading [========================>                          ]
 17.83MB/36.04MB
 062e450697fa Downloading [===============================>                   ]
 18.87MB/29.78MB
 5b334862de59 Downloading [========================>                          ]
 17.83MB/36.04MB
 062e450697fa Downloading [========
 062e450697fa Downloading [===============================>                   ]
 18.87MB/29.78MB
 5b334862de59 Downloading [========================>                          ]
 17.83MB/36.04MB
 062e450697fa Downloading [===============================>                   ]
 18.87MB/29.78MB
 5b334862de59 Downloading [========================>                          ]
 17.83MB/36.04MB
 062e450697fa Downloading [===============================>                   ]
 18.87MB/29.78MB
 5b334862de59 Downloading [========================>                          ]
 17.83MB/36.04MB
 062e450697fa Downloading [===============================>                   ]
 18.87MB/29.78MB
 5b334862de59 Downloading [========================>                          ]
 17.83MB/36.04MB
 062e450697fa Downloading [===============================>                   ]
 18.87MB/29.78MB
 5b334862de59 Downloading [========================>                          ]
 17.83MB/36.04MB
 062e450697fa Downloading [===============================>                   ]
 18.87MB/29.78MB
 5b334862de59 Downloading [========================>                          ]
 17.83MB/36.04MB
 062e450697fa Downloading [===============================>                   ]
 18.87MB/29.78MB
 5b334862de59 Downloading [========================>                          ]
 17.83MB/36.04MB
 062e450697fa Downloading [===============================>                   ]
 18.87MB/29.78MB
 5b334862de59 Downloading [========================>                          ]
 17.83MB/36.04MB
 062e450697fa Downloading [===============================>                   ]
 18.87MB/29.78MB
 5b334862de59 Downloading [========================>                          ]
 17.83MB/36.04MB
 062e450697fa Downloading [===============================>                   ]
 18.87MB/29.78MB
 5b334862de59 Downloading [========================>                          ]
 17.83MB/36.04MB
 5b334862de59 Downloading [========================>                          ]
 17.83MB/36.04MB
 062e450697fa Downloading [===============================>                   ]
 18.87MB/29.78MB
 062e450697fa Downloading [===============================>                   ]
 18.87MB/29.78MB
 5b334862de59 Downloading [========================>                          ]
 17.83MB/36.04MB
 062e450697fa Downloading [===============================>                   ]
 18.87MB/29.78MB
 5b334862de59 Downloading [========================>                          ]
 17.83MB/36.04MB
 062e450697fa Downloading [===============================>                   ]
 18.87MB/29.78MB
 5b334862de59 Downloading [========================>                          ]
 17.83MB/36.04MB
 062e450697fa Downloading [===============================>                   ]
 18.87MB/29.78MB
 5b334862de59 Downloading [========================>                          ]
 17.83MB/36.04MB
 5b334862de59 Downloading [========================>                          ]
 17.83MB/36.04MB
 062e450697fa Downloading [===============================>                   ]
 18.87MB/29.78MB
 062e450697fa Downloading [===============================>                   ]
 18.87MB/29.78MB
 5b334862de59 Downloading [========================>                          ]
 17.83MB/36.04MB
 062e450697fa Downloading [===============================>                   ]
 18.87MB/29.78MB
 5b334862de59 Downloading [========================>                          ]
 17.83MB/36.04MB
 062e450697fa Downloading [===============================>                   ]
 18.87MB/29.78MB
 5b334862de59 Downloading [========================>                          ]
 17.83MB/36.04MB
 062e450697fa Downloading [===============================>                   ]
 18.87MB/29.78MB
 5b334862de59 Downloading [========================>                          ]
 17.83MB/36.04MB
 5b334862de59 Downloading [========================>                          ]
 17.83MB/36.04MB
 062e450697fa Downloading [===============================>                   ]
 18.87MB/29.78MB
 062e450697fa
 062e450697fa Downloading [===============================>                   ]
 18.87MB/29.78MB
 5b334862de59 Downloading [========================>                          ]
 17.83MB/36.04MB
 062e450697fa Downloading [===============================>                   ]
 18.87MB/29.78MB
 5b334862de59 Downloading [========================>                          ]
 17.83MB/36.04MB
 5b334862de59 Downloading [========================>                          ]
 17.83MB/36.04MB
 062e450697fa Downloading [===============================>                   ]
 18.87MB/29.78MB
 062e450697fa Downloading [===============================>                   ]
 18.87MB/29.78MB
 5b334862de59 Downloading [========================>                          ]
 17.83MB/36.04MB
 5b334862de59 Downloading [========================>                          ]
 17.83MB/36.04MB
 062e450697fa Downloading [===============================>                   ]
 18.87MB/29.78MB
 062e450697fa Downloading [===============================>                   ]
 18.87MB/29.78MB
 5b334862de59 Downloading [========================>                          ]
 17.83MB/36.04MB
 062e450697fa Downloading [===============================>                   ]
 18.87MB/29.78MB
 5b334862de59 Downloading [==========================>                        ]
 18.87MB/36.04MB
 062e450697fa Downloading [===============================>                   ]
 18.87MB/29.78MB
 5b334862de59 Downloading [==========================>                        ]
 18.87MB/36.04MB
 062e450697fa Downloading [===============================>                   ]
 18.87MB/29.78MB
 5b334862de59 Downloading [==========================>                        ]
 18.87MB/36.04MB
 062e450697fa Downloading [===============================>                   ]
 18.87MB/29.78MB
 5b334862de59 Downloading [==========================>                        ]
 18.87MB/36.04MB
 062e450697fa Downloading [=================================>                 ]
 19.92MB/29.78MB
 5b334862de59 Downloading [==========================>                        ]
 18.87MB/36.04MB
 062e450697fa Downloading [=================================>                 ]
 19.92MB/29.78MB
 5b334862de59 Downloading [==========================>                        ]
 18.87MB/36.04MB
 062e450697fa Downloading [=================================>                 ]
 19.92MB/29.78MB
 5b334862de59 Downloading [==========================>                        ]
 18.87MB/36.04MB
 062e450697fa Downloading [=================================>                 ]
 19.92MB/29.78MB
 5b334862de59 Downloading [==========================>                        ]
 18.87MB/36.04MB
 5b334862de59 Downloading [==========================>                        ]
 18.87MB/36.04MB
 062e450697fa Downloading [=================================>                 ]
 19.92MB/29.78MB
 062e450697fa Downloading [=================================>                 ]
 19.92MB/29.78MB
 5b334862de59 Downloading [==========================>                        ]
 18.87MB/36.04MB
 062e450697fa Downloading [=================================>                 ]
 19.92MB/29.78MB
 5b334862de59 Downloading [==========================>                        ]
 18.87MB/36.04MB
 062e450697fa Downloading [=================================>                 ]
 19.92MB/29.78MB
 5b334862de59 Downloading [==========================>                        ]
 18.87MB/36.04MB
 062e450697fa Downloading [=================================>                 ]
 19.92MB/29.78MB
 5b334862de59 Downloading [==========================>                        ]
 18.87MB/36.04MB
 062e450697fa Downloading [=================================>                 ]
 19.92MB/29.78MB
 5b334862de59 Downloading [==========================>                        ]
 18.87MB/36.04MB
 062e450697fa Downloading [=================================>                 ]
 19.92MB/29.78MB
 5b334862de59 Downloading [==========================>                        ]
 18.87MB/36
 18.87MB/36.04MB
 062e450697fa Downloading [=================================>                 ]
 19.92MB/29.78MB
 5b334862de59 Downloading [==========================>                        ]
 18.87MB/36.04MB
 062e450697fa Downloading [=================================>                 ]
 19.92MB/29.78MB
 5b334862de59 Downloading [==========================>                        ]
 18.87MB/36.04MB
 062e450697fa Downloading [=================================>                 ]
 19.92MB/29.78MB
 5b334862de59 Downloading [==========================>                        ]
 18.87MB/36.04MB
 5b334862de59 Downloading [==========================>                        ]
 18.87MB/36.04MB
 062e450697fa Downloading [=================================>                 ]
 19.92MB/29.78MB
 062e450697fa Downloading [=================================>                 ]
 19.92MB/29.78MB
 5b334862de59 Downloading [==========================>                        ]
 18.87MB/36.04MB
 062e450697fa Downloading [=================================>                 ]
 19.92MB/29.78MB
 5b334862de59 Downloading [==========================>                        ]
 18.87MB/36.04MB
 062e450697fa Downloading [=================================>                 ]
 19.92MB/29.78MB
 5b334862de59 Downloading [==========================>                        ]
 18.87MB/36.04MB
 062e450697fa Downloading [=================================>                 ]
 19.92MB/29.78MB
 5b334862de59 Downloading [==========================>                        ]
 18.87MB/36.04MB
 062e450697fa Downloading [=================================>                 ]
 19.92MB/29.78MB
 5b334862de59 Downloading [==========================>                        ]
 18.87MB/36.04MB
 062e450697fa Downloading [=================================>                 ]
 19.92MB/29.78MB
 5b334862de59 Downloading [==========================>                        ]
 18.87MB/36.04MB
 062e450697fa Downloading [=================================>                 ]
 19.92MB/29.78MB
 5b334862de59 Downloading [==========================>                        ]
 18.87MB/36.04MB
 062e450697fa Downloading [=================================>                 ]
 19.92MB/29.78MB
 5b334862de59 Downloading [==========================>                        ]
 18.87MB/36.04MB
 062e450697fa Downloading [=================================>                 ]
 19.92MB/29.78MB
 5b334862de59 Downloading [==========================>                        ]
 18.87MB/36.04MB
 062e450697fa Downloading [=================================>                 ]
 19.92MB/29.78MB
 5b334862de59 Downloading [==========================>                        ]
 18.87MB/36.04MB
 062e450697fa Downloading [=================================>                 ]
 19.92MB/29.78MB
 5b334862de59 Downloading [==========================>                        ]
 18.87MB/36.04MB
 062e450697fa Downloading [=================================>                 ]
 19.92MB/29.78MB
 5b334862de59 Downloading [==========================>                        ]
 18.87MB/36.04MB
 062e450697fa Downloading [=================================>                 ]
 19.92MB/29.78MB
 5b334862de59 Downloading [==========================>                        ]
 18.87MB/36.04MB
 062e450697fa Downloading [=================================>                 ]
 19.92MB/29.78MB
 5b334862de59 Downloading [==========================>                        ]
 18.87MB/36.04MB
 062e450697fa Downloading [=================================>                 ]
 19.92MB/29.78MB
 5b334862de59 Downloading [==========================>                        ]
 18.87MB/36.04MB
 062e450697fa Downloading [=================================>                 ]
 19.92MB/29.78MB
 5b334862de59 Downloading [==========================>                        ]
 18.87MB/36.04MB
 062e450697fa Downloading [=================================>                 ]
 19.92MB/29.78MB
 5b334862de59 Downloading [==========================>
 5b334862de59 Downloading [==========================>                        ]
 18.87MB/36.04MB
 062e450697fa Downloading [=================================>                 ]
 19.92MB/29.78MB
 5b334862de59 Downloading [==========================>                        ]
 18.87MB/36.04MB
 062e450697fa Downloading [=================================>                 ]
 19.92MB/29.78MB
 5b334862de59 Downloading [==========================>                        ]
 18.87MB/36.04MB
 062e450697fa Downloading [=================================>                 ]
 19.92MB/29.78MB
 5b334862de59 Downloading [==========================>                        ]
 18.87MB/36.04MB
 5b334862de59 Downloading [==========================>                        ]
 18.87MB/36.04MB
 062e450697fa Downloading [=================================>                 ]
 19.92MB/29.78MB
 062e450697fa Downloading [=================================>                 ]
 19.92MB/29.78MB
 5b334862de59 Downloading [==========================>                        ]
 18.87MB/36.04MB
 062e450697fa Downloading [=================================>                 ]
 19.92MB/29.78MB
 5b334862de59 Downloading [==========================>                        ]
 18.87MB/36.04MB
 062e450697fa Downloading [=================================>                 ]
 19.92MB/29.78MB
 5b334862de59 Downloading [==========================>                        ]
 18.87MB/36.04MB
 062e450697fa Downloading [=================================>                 ]
 19.92MB/29.78MB
 5b334862de59 Downloading [==========================>                        ]
 18.87MB/36.04MB
 5b334862de59 Downloading [==========================>                        ]
 18.87MB/36.04MB
 062e450697fa Downloading [=================================>                 ]
 19.92MB/29.78MB
 062e450697fa Downloading [=================================>                 ]
 19.92MB/29.78MB
 5b334862de59 Downloading [==========================>                        ]
 18.87MB/36.04MB
 062e450697fa Downloading [=================================>                 ]
 19.92MB/29.78MB
 5b334862de59 Downloading [==========================>                        ]
 18.87MB/36.04MB
 5b334862de59 Downloading [==========================>                        ]
 18.87MB/36.04MB
 062e450697fa Downloading [=================================>                 ]
 19.92MB/29.78MB
 062e450697fa Downloading [=================================>                 ]
 19.92MB/29.78MB
 5b334862de59 Downloading [==========================>                        ]
 18.87MB/36.04MB
 062e450697fa Downloading [=================================>                 ]
 19.92MB/29.78MB
 5b334862de59 Downloading [==========================>                        ]
 18.87MB/36.04MB
 062e450697fa Downloading [=================================>                 ]
 19.92MB/29.78MB
 5b334862de59 Downloading [==========================>                        ]
 18.87MB/36.04MB
 062e450697fa Downloading [=================================>                 ]
 19.92MB/29.78MB
 5b334862de59 Downloading [==========================>                        ]
 18.87MB/36.04MB
 062e450697fa Downloading [=================================>                 ]
 19.92MB/29.78MB
 5b334862de59 Downloading [==========================>                        ]
 18.87MB/36.04MB
 062e450697fa Downloading [=================================>                 ]
 19.92MB/29.78MB
 5b334862de59 Downloading [===========================>                       ]
 19.92MB/36.04MB
 5b334862de59 Downloading [===========================>                       ]
 19.92MB/36.04MB
 062e450697fa Downloading [=================================>                 ]
 19.92MB/29.78MB
 062e450697fa Downloading [=================================>                 ]
 19.92MB/29.78MB
 5b334862de59 Downloading [===========================>                       ]
 19.92MB/36.04MB
 5b334862de59 Downloading [===========================>                       ]
 19.92MB/36.04MB
 062e450697fa Downloading [======================
 062e450697fa Downloading [===================================>               ]
 20.97MB/29.78MB
 5b334862de59 Downloading [===========================>                       ]
 19.92MB/36.04MB
 062e450697fa Downloading [===================================>               ]
 20.97MB/29.78MB
 062e450697fa Downloading [===================================>               ]
 20.97MB/29.78MB
 5b334862de59 Downloading [===========================>                       ]
 19.92MB/36.04MB
 062e450697fa Downloading [===================================>               ]
 20.97MB/29.78MB
 5b334862de59 Downloading [===========================>                       ]
 19.92MB/36.04MB
 062e450697fa Downloading [===================================>               ]
 20.97MB/29.78MB
 5b334862de59 Downloading [===========================>                       ]
 19.92MB/36.04MB
 062e450697fa Downloading [===================================>               ]
 20.97MB/29.78MB
 5b334862de59 Downloading [===========================>                       ]
 19.92MB/36.04MB
 5b334862de59 Downloading [===========================>                       ]
 19.92MB/36.04MB
 062e450697fa Downloading [===================================>               ]
 20.97MB/29.78MB
 062e450697fa Downloading [===================================>               ]
 20.97MB/29.78MB
 5b334862de59 Downloading [===========================>                       ]
 19.92MB/36.04MB
 062e450697fa Downloading [===================================>               ]
 20.97MB/29.78MB
 5b334862de59 Downloading [===========================>                       ]
 19.92MB/36.04MB
 062e450697fa Downloading [===================================>               ]
 20.97MB/29.78MB
 5b334862de59 Downloading [===========================>                       ]
 19.92MB/36.04MB
 5b334862de59 Downloading [===========================>                       ]
 19.92MB/36.04MB
 062e450697fa Downloading [===================================>               ]
 20.97MB/29.78MB
 062e450697fa Downloading [===================================>               ]
 20.97MB/29.78MB
 5b334862de59 Downloading [===========================>                       ]
 19.92MB/36.04MB
 062e450697fa Downloading [===================================>               ]
 20.97MB/29.78MB
 5b334862de59 Downloading [===========================>                       ]
 19.92MB/36.04MB
 062e450697fa Downloading [===================================>               ]
 20.97MB/29.78MB
 5b334862de59 Downloading [===========================>                       ]
 19.92MB/36.04MB
 062e450697fa Downloading [===================================>               ]
 20.97MB/29.78MB
 5b334862de59 Downloading [===========================>                       ]
 19.92MB/36.04MB
 062e450697fa Downloading [===================================>               ]
 20.97MB/29.78MB
 5b334862de59 Downloading [===========================>                       ]
 19.92MB/36.04MB
 062e450697fa Downloading [===================================>               ]
 20.97MB/29.78MB
 5b334862de59 Downloading [===========================>                       ]
 19.92MB/36.04MB
 062e450697fa Downloading [===================================>               ]
 20.97MB/29.78MB
 5b334862de59 Downloading [===========================>                       ]
 19.92MB/36.04MB
 062e450697fa Downloading [===================================>               ]
 20.97MB/29.78MB
 5b334862de59 Downloading [===========================>                       ]
 19.92MB/36.04MB
 062e450697fa Downloading [===================================>               ]
 20.97MB/29.78MB
 5b334862de59 Downloading [===========================>                       ]
 19.92MB/36.04MB
 062e450697fa Downloading [===================================>               ]
 20.97MB/29.78MB
 5b334862de59 Downloading [===========================>                       ]
 19.92MB/36.04MB
 062e450697fa Downloading [===================================>               ]
 20.97MB/29.78MB
 5b334862de59 Downloading [=
 5b334862de59 Downloading [===========================>                       ]
 19.92MB/36.04MB
 062e450697fa Downloading [===================================>               ]
 20.97MB/29.78MB
 5b334862de59 Downloading [===========================>                       ]
 19.92MB/36.04MB
 062e450697fa Downloading [===================================>               ]
 20.97MB/29.78MB
 5b334862de59 Downloading [===========================>                       ]
 19.92MB/36.04MB
 062e450697fa Downloading [===================================>               ]
 20.97MB/29.78MB
 5b334862de59 Downloading [===========================>                       ]
 19.92MB/36.04MB
 062e450697fa Downloading [===================================>               ]
 20.97MB/29.78MB
 5b334862de59 Downloading [===========================>                       ]
 19.92MB/36.04MB
 062e450697fa Downloading [===================================>               ]
 20.97MB/29.78MB
 5b334862de59 Downloading [===========================>                       ]
 19.92MB/36.04MB
 062e450697fa Downloading [===================================>               ]
 20.97MB/29.78MB
 5b334862de59 Downloading [===========================>                       ]
 19.92MB/36.04MB
 062e450697fa Downloading [===================================>               ]
 20.97MB/29.78MB
 5b334862de59 Downloading [===========================>                       ]
 19.92MB/36.04MB
 062e450697fa Downloading [===================================>               ]
 20.97MB/29.78MB
 5b334862de59 Downloading [===========================>                       ]
 19.92MB/36.04MB
 062e450697fa Downloading [===================================>               ]
 20.97MB/29.78MB
 5b334862de59 Downloading [===========================>                       ]
 19.92MB/36.04MB
 062e450697fa Downloading [===================================>               ]
 20.97MB/29.78MB
 5b334862de59 Downloading [===========================>                       ]
 19.92MB/36.04MB
 062e450697fa Downloading [===================================>               ]
 20.97MB/29.78MB
 5b334862de59 Downloading [===========================>                       ]
 19.92MB/36.04MB
 062e450697fa Downloading [===================================>               ]
 20.97MB/29.78MB
 5b334862de59 Downloading [===========================>                       ]
 19.92MB/36.04MB
 062e450697fa Downloading [===================================>               ]
 20.97MB/29.78MB
 5b334862de59 Downloading [===========================>                       ]
 19.92MB/36.04MB
 5b334862de59 Downloading [===========================>                       ]
 19.92MB/36.04MB
 062e450697fa Downloading [===================================>               ]
 20.97MB/29.78MB
 062e450697fa Downloading [===================================>               ]
 20.97MB/29.78MB
 5b334862de59 Downloading [===========================>                       ]
 19.92MB/36.04MB
 062e450697fa Downloading [===================================>               ]
 20.97MB/29.78MB
 5b334862de59 Downloading [===========================>                       ]
 19.92MB/36.04MB
 062e450697fa Downloading [===================================>               ]
 20.97MB/29.78MB
 5b334862de59 Downloading [===========================>                       ]
 19.92MB/36.04MB
 062e450697fa Downloading [===================================>               ]
 20.97MB/29.78MB
 5b334862de59 Downloading [===========================>                       ]
 19.92MB/36.04MB
 5b334862de59 Downloading [===========================>                       ]
 19.92MB/36.04MB
 062e450697fa Downloading [===================================>               ]
 20.97MB/29.78MB
 5b334862de59 Downloading [===========================>                       ]
 19.92MB/36.04MB
 062e450697fa Downloading [===================================>               ]
 20.97MB/29.78MB
 062e450697fa Downloading [===================================>               ]
 20.97MB/29.78MB
 5b3348
 5b334862de59 Downloading [===========================>                       ]
 19.92MB/36.04MB
 062e450697fa Downloading [===================================>               ]
 20.97MB/29.78MB
 5b334862de59 Downloading [===========================>                       ]
 19.92MB/36.04MB
 062e450697fa Downloading [===================================>               ]
 20.97MB/29.78MB
 5b334862de59 Downloading [===========================>                       ]
 19.92MB/36.04MB
 5b334862de59 Downloading [===========================>                       ]
 19.92MB/36.04MB
 062e450697fa Downloading [===================================>               ]
 20.97MB/29.78MB
 062e450697fa Downloading [===================================>               ]
 20.97MB/29.78MB
 5b334862de59 Downloading [===========================>                       ]
 19.92MB/36.04MB
 062e450697fa Downloading [===================================>               ]
 20.97MB/29.78MB
 5b334862de59 Downloading [===========================>                       ]
 19.92MB/36.04MB
 5b334862de59 Downloading [=============================>                     ]
 20.97MB/36.04MB
 062e450697fa Downloading [===================================>               ]
 20.97MB/29.78MB
 062e450697fa Downloading [===================================>               ]
 20.97MB/29.78MB
 5b334862de59 Downloading [=============================>                     ]
 20.97MB/36.04MB
 062e450697fa Downloading [====================================>              ]
 22.02MB/29.78MB
 5b334862de59 Downloading [=============================>                     ]
 20.97MB/36.04MB
 062e450697fa Downloading [====================================>              ]
 22.02MB/29.78MB
 5b334862de59 Downloading [=============================>                     ]
 20.97MB/36.04MB
 5b334862de59 Downloading [=============================>                     ]
 20.97MB/36.04MB
 062e450697fa Downloading [====================================>              ]
 22.02MB/29.78MB
 062e450697fa Downloading [====================================>              ]
 22.02MB/29.78MB
 5b334862de59 Downloading [=============================>                     ]
 20.97MB/36.04MB
 062e450697fa Downloading [====================================>              ]
 22.02MB/29.78MB
 5b334862de59 Downloading [=============================>                     ]
 20.97MB/36.04MB
 062e450697fa Downloading [====================================>              ]
 22.02MB/29.78MB
 5b334862de59 Downloading [=============================>                     ]
 20.97MB/36.04MB
 5b334862de59 Downloading [=============================>                     ]
 20.97MB/36.04MB
 062e450697fa Downloading [====================================>              ]
 22.02MB/29.78MB
 062e450697fa Downloading [====================================>              ]
 22.02MB/29.78MB
 5b334862de59 Downloading [=============================>                     ]
 20.97MB/36.04MB
 062e450697fa Downloading [====================================>              ]
 22.02MB/29.78MB
 5b334862de59 Downloading [=============================>                     ]
 20.97MB/36.04MB
 062e450697fa Downloading [====================================>              ]
 22.02MB/29.78MB
 5b334862de59 Downloading [=============================>                     ]
 20.97MB/36.04MB
 062e450697fa Downloading [====================================>              ]
 22.02MB/29.78MB
 5b334862de59 Downloading [=============================>                     ]
 20.97MB/36.04MB
 062e450697fa Downloading [====================================>              ]
 22.02MB/29.78MB
 5b334862de59 Downloading [=============================>                     ]
 20.97MB/36.04MB
 5b334862de59 Downloading [=============================>                     ]
 20.97MB/36.04MB
 062e450697fa Downloading [====================================>              ]
 22.02MB/29.78MB
 5b334862de59 Downloading [=============================>                     ]
 20.
 20.97MB/36.04MB
 062e450697fa Downloading [====================================>              ]
 22.02MB/29.78MB
 062e450697fa Downloading [====================================>              ]
 22.02MB/29.78MB
 5b334862de59 Downloading [=============================>                     ]
 20.97MB/36.04MB
 062e450697fa Downloading [====================================>              ]
 22.02MB/29.78MB
 5b334862de59 Downloading [=============================>                     ]
 20.97MB/36.04MB
 062e450697fa Downloading [====================================>              ]
 22.02MB/29.78MB
 5b334862de59 Downloading [=============================>                     ]
 20.97MB/36.04MB
 062e450697fa Downloading [====================================>              ]
 22.02MB/29.78MB
 5b334862de59 Downloading [=============================>                     ]
 20.97MB/36.04MB
 062e450697fa Downloading [====================================>              ]
 22.02MB/29.78MB
 5b334862de59 Downloading [=============================>                     ]
 20.97MB/36.04MB
 062e450697fa Downloading [====================================>              ]
 22.02MB/29.78MB
 5b334862de59 Downloading [=============================>                     ]
 20.97MB/36.04MB
 062e450697fa Downloading [====================================>              ]
 22.02MB/29.78MB
 5b334862de59 Downloading [=============================>                     ]
 20.97MB/36.04MB
 062e450697fa Downloading [====================================>              ]
 22.02MB/29.78MB
 5b334862de59 Downloading [=============================>                     ]
 20.97MB/36.04MB
 062e450697fa Downloading [====================================>              ]
 22.02MB/29.78MB
 5b334862de59 Downloading [=============================>                     ]
 20.97MB/36.04MB
 062e450697fa Downloading [====================================>              ]
 22.02MB/29.78MB
 5b334862de59 Downloading [=============================>                     ]
 20.97MB/36.04MB
 062e450697fa Downloading [====================================>              ]
 22.02MB/29.78MB
 5b334862de59 Downloading [=============================>                     ]
 20.97MB/36.04MB
 062e450697fa Downloading [====================================>              ]
 22.02MB/29.78MB
 5b334862de59 Downloading [=============================>                     ]
 20.97MB/36.04MB
 5b334862de59 Downloading [=============================>                     ]
 20.97MB/36.04MB
 062e450697fa Downloading [====================================>              ]
 22.02MB/29.78MB
 5b334862de59 Downloading [=============================>                     ]
 20.97MB/36.04MB
 062e450697fa Downloading [====================================>              ]
 22.02MB/29.78MB
 062e450697fa Downloading [====================================>              ]
 22.02MB/29.78MB
 5b334862de59 Downloading [=============================>                     ]
 20.97MB/36.04MB
 062e450697fa Downloading [====================================>              ]
 22.02MB/29.78MB
 5b334862de59 Downloading [=============================>                     ]
 20.97MB/36.04MB
 062e450697fa Downloading [====================================>              ]
 22.02MB/29.78MB
 5b334862de59 Downloading [=============================>                     ]
 20.97MB/36.04MB
 5b334862de59 Downloading [=============================>                     ]
 20.97MB/36.04MB
 062e450697fa Downloading [====================================>              ]
 22.02MB/29.78MB
 5b334862de59 Downloading [=============================>                     ]
 20.97MB/36.04MB
 062e450697fa Downloading [====================================>              ]
 22.02MB/29.78MB
 062e450697fa Downloading [====================================>              ]
 22.02MB/29.78MB
 5b334862de59 Downloading [=============================>                     ]
 20.97MB/36.04MB
 062e450697fa Downloading [====================================
 062e450697fa Downloading [====================================>              ]
 22.02MB/29.78MB
 5b334862de59 Downloading [=============================>                     ]
 20.97MB/36.04MB
 062e450697fa Downloading [====================================>              ]
 22.02MB/29.78MB
 5b334862de59 Downloading [=============================>                     ]
 20.97MB/36.04MB
 062e450697fa Downloading [====================================>              ]
 22.02MB/29.78MB
 5b334862de59 Downloading [=============================>                     ]
 20.97MB/36.04MB
 062e450697fa Downloading [====================================>              ]
 22.02MB/29.78MB
 5b334862de59 Downloading [=============================>                     ]
 20.97MB/36.04MB
 062e450697fa Downloading [====================================>              ]
 22.02MB/29.78MB
 5b334862de59 Downloading [=============================>                     ]
 20.97MB/36.04MB
 062e450697fa Downloading [====================================>              ]
 22.02MB/29.78MB
 5b334862de59 Downloading [=============================>                     ]
 20.97MB/36.04MB
 062e450697fa Downloading [====================================>              ]
 22.02MB/29.78MB
 5b334862de59 Downloading [=============================>                     ]
 20.97MB/36.04MB
 062e450697fa Downloading [====================================>              ]
 22.02MB/29.78MB
 5b334862de59 Downloading [=============================>                     ]
 20.97MB/36.04MB
 5b334862de59 Downloading [=============================>                     ]
 20.97MB/36.04MB
 062e450697fa Downloading [====================================>              ]
 22.02MB/29.78MB
 062e450697fa Downloading [====================================>              ]
 22.02MB/29.78MB
 5b334862de59 Downloading [=============================>                     ]
 20.97MB/36.04MB
 062e450697fa Downloading [====================================>              ]
 22.02MB/29.78MB
 5b334862de59 Downloading [=============================>                     ]
 20.97MB/36.04MB
 062e450697fa Downloading [====================================>              ]
 22.02MB/29.78MB
 5b334862de59 Downloading [=============================>                     ]
 20.97MB/36.04MB
 062e450697fa Downloading [====================================>              ]
 22.02MB/29.78MB
 5b334862de59 Downloading [=============================>                     ]
 20.97MB/36.04MB
 062e450697fa Downloading [====================================>              ]
 22.02MB/29.78MB
 5b334862de59 Downloading [=============================>                     ]
 20.97MB/36.04MB
 062e450697fa Downloading [====================================>              ]
 22.02MB/29.78MB
 5b334862de59 Downloading [=============================>                     ]
 20.97MB/36.04MB
 062e450697fa Downloading [====================================>              ]
 22.02MB/29.78MB
 5b334862de59 Downloading [==============================>                    ]
 22.02MB/36.04MB
 062e450697fa Downloading [====================================>              ]
 22.02MB/29.78MB
 5b334862de59 Downloading [==============================>                    ]
 22.02MB/36.04MB
 062e450697fa Downloading [======================================>            ]
 23.07MB/29.78MB
 5b334862de59 Downloading [==============================>                    ]
 22.02MB/36.04MB
 062e450697fa Downloading [======================================>            ]
 23.07MB/29.78MB
 5b334862de59 Downloading [==============================>                    ]
 22.02MB/36.04MB
 062e450697fa Downloading [======================================>            ]
 23.07MB/29.78MB
 5b334862de59 Downloading [==============================>                    ]
 22.02MB/36.04MB
 062e450697fa Downloading [======================================>            ]
 23.07MB/29.78MB
 5b334862de59 Downloading [==============================>                    ]
 22.02MB/36.04MB
 062e450697fa Downloading [===============
 062e450697fa Downloading [======================================>            ]
 23.07MB/29.78MB
 5b334862de59 Downloading [==============================>                    ]
 22.02MB/36.04MB
 062e450697fa Downloading [======================================>            ]
 23.07MB/29.78MB
 5b334862de59 Downloading [==============================>                    ]
 22.02MB/36.04MB
 062e450697fa Downloading [======================================>            ]
 23.07MB/29.78MB
 5b334862de59 Downloading [==============================>                    ]
 22.02MB/36.04MB
 062e450697fa Downloading [======================================>            ]
 23.07MB/29.78MB
 5b334862de59 Downloading [==============================>                    ]
 22.02MB/36.04MB
 062e450697fa Downloading [======================================>            ]
 23.07MB/29.78MB
 5b334862de59 Downloading [==============================>                    ]
 22.02MB/36.04MB
 5b334862de59 Downloading [==============================>                    ]
 22.02MB/36.04MB
 062e450697fa Downloading [======================================>            ]
 23.07MB/29.78MB
 062e450697fa Downloading [======================================>            ]
 23.07MB/29.78MB
 5b334862de59 Downloading [==============================>                    ]
 22.02MB/36.04MB
 062e450697fa Downloading [======================================>            ]
 23.07MB/29.78MB
 5b334862de59 Downloading [==============================>                    ]
 22.02MB/36.04MB
 062e450697fa Downloading [======================================>            ]
 23.07MB/29.78MB
 5b334862de59 Downloading [==============================>                    ]
 22.02MB/36.04MB
 062e450697fa Downloading [======================================>            ]
 23.07MB/29.78MB
 5b334862de59 Downloading [==============================>                    ]
 22.02MB/36.04MB
 062e450697fa Downloading [======================================>            ]
 23.07MB/29.78MB
 5b334862de59 Downloading [==============================>                    ]
 22.02MB/36.04MB
 062e450697fa Downloading [======================================>            ]
 23.07MB/29.78MB
 5b334862de59 Downloading [==============================>                    ]
 22.02MB/36.04MB
 062e450697fa Downloading [======================================>            ]
 23.07MB/29.78MB
 5b334862de59 Downloading [==============================>                    ]
 22.02MB/36.04MB
 062e450697fa Downloading [======================================>            ]
 23.07MB/29.78MB
 5b334862de59 Downloading [==============================>                    ]
 22.02MB/36.04MB
 062e450697fa Downloading [======================================>            ]
 23.07MB/29.78MB
 5b334862de59 Downloading [==============================>                    ]
 22.02MB/36.04MB
 062e450697fa Downloading [======================================>            ]
 23.07MB/29.78MB
 5b334862de59 Downloading [==============================>                    ]
 22.02MB/36.04MB
 062e450697fa Downloading [======================================>            ]
 23.07MB/29.78MB
 5b334862de59 Downloading [==============================>                    ]
 22.02MB/36.04MB
 062e450697fa Downloading [======================================>            ]
 23.07MB/29.78MB
 5b334862de59 Downloading [==============================>                    ]
 22.02MB/36.04MB
 062e450697fa Downloading [======================================>            ]
 23.07MB/29.78MB
 5b334862de59 Downloading [==============================>                    ]
 22.02MB/36.04MB
 062e450697fa Downloading [======================================>            ]
 23.07MB/29.78MB
 5b334862de59 Downloading [==============================>                    ]
 22.02MB/36.04MB
 062e450697fa Downloading [======================================>            ]
 23.07MB/29.78MB
 5b334862de59 Downloading [==============================>                    ]
 22.02MB/36.04MB
 062e450697fa Downloa
 062e450697fa Downloading [======================================>            ]
 23.07MB/29.78MB
 5b334862de59 Downloading [==============================>                    ]
 22.02MB/36.04MB
 062e450697fa Downloading [======================================>            ]
 23.07MB/29.78MB
 5b334862de59 Downloading [==============================>                    ]
 22.02MB/36.04MB
 062e450697fa Downloading [======================================>            ]
 23.07MB/29.78MB
 5b334862de59 Downloading [==============================>                    ]
 22.02MB/36.04MB
 062e450697fa Downloading [======================================>            ]
 23.07MB/29.78MB
 5b334862de59 Downloading [==============================>                    ]
 22.02MB/36.04MB
 062e450697fa Downloading [======================================>            ]
 23.07MB/29.78MB
 5b334862de59 Downloading [==============================>                    ]
 22.02MB/36.04MB
 5b334862de59 Downloading [==============================>                    ]
 22.02MB/36.04MB
 062e450697fa Downloading [======================================>            ]
 23.07MB/29.78MB
 062e450697fa Downloading [======================================>            ]
 23.07MB/29.78MB
 5b334862de59 Downloading [==============================>                    ]
 22.02MB/36.04MB
 062e450697fa Downloading [======================================>            ]
 23.07MB/29.78MB
 5b334862de59 Downloading [==============================>                    ]
 22.02MB/36.04MB
 062e450697fa Downloading [======================================>            ]
 23.07MB/29.78MB
 5b334862de59 Downloading [==============================>                    ]
 22.02MB/36.04MB
 062e450697fa Downloading [======================================>            ]
 23.07MB/29.78MB
 5b334862de59 Downloading [==============================>                    ]
 22.02MB/36.04MB
 5b334862de59 Downloading [==============================>                    ]
 22.02MB/36.04MB
 062e450697fa Downloading [======================================>            ]
 23.07MB/29.78MB
 062e450697fa Downloading [======================================>            ]
 23.07MB/29.78MB
 5b334862de59 Downloading [==============================>                    ]
 22.02MB/36.04MB
 5b334862de59 Downloading [==============================>                    ]
 22.02MB/36.04MB
 062e450697fa Downloading [======================================>            ]
 23.07MB/29.78MB
 062e450697fa Downloading [======================================>            ]
 23.07MB/29.78MB
 5b334862de59 Downloading [==============================>                    ]
 22.02MB/36.04MB
 5b334862de59 Downloading [==============================>                    ]
 22.02MB/36.04MB
 062e450697fa Downloading [======================================>            ]
 23.07MB/29.78MB
 062e450697fa Downloading [======================================>            ]
 23.07MB/29.78MB
 5b334862de59 Downloading [==============================>                    ]
 22.02MB/36.04MB
 062e450697fa Downloading [======================================>            ]
 23.07MB/29.78MB
 5b334862de59 Downloading [==============================>                    ]
 22.02MB/36.04MB
 062e450697fa Downloading [======================================>            ]
 23.07MB/29.78MB
 5b334862de59 Downloading [==============================>                    ]
 22.02MB/36.04MB
 062e450697fa Downloading [======================================>            ]
 23.07MB/29.78MB
 5b334862de59 Downloading [==============================>                    ]
 22.02MB/36.04MB
 062e450697fa Downloading [======================================>            ]
 23.07MB/29.78MB
 5b334862de59 Downloading [==============================>                    ]
 22.02MB/36.04MB
 062e450697fa Downloading [======================================>            ]
 23.07MB/29.78MB
 5b334862de59 Downloading [==============================>                    ]
 22.02MB/36.04MB
 062e450697fa Downloading [======================================>            ]
 23.07MB/29.78MB
 5b334862de59 Downloading [==============================>                    ]
 22.02MB/36.04MB
 062e450697fa Downloading [======================================>            ]
 23.07MB/29.78MB
 5b334862de59 Downloading [================================>                  ]
 23.07MB/36.04MB
 5b334862de59 Downloading [================================>                  ]
 23.07MB/36.04MB
 062e450697fa Downloading [======================================>            ]
 23.07MB/29.78MB
 062e450697fa Downloading [======================================>            ]
 23.07MB/29.78MB
 5b334862de59 Downloading [================================>                  ]
 23.07MB/36.04MB
 062e450697fa Downloading [========================================>          ]
 24.12MB/29.78MB
 5b334862de59 Downloading [================================>                  ]
 23.07MB/36.04MB
 062e450697fa Downloading [========================================>          ]
 24.12MB/29.78MB
 5b334862de59 Downloading [================================>                  ]
 23.07MB/36.04MB
 062e450697fa Downloading [========================================>          ]
 24.12MB/29.78MB
 5b334862de59 Downloading [================================>                  ]
 23.07MB/36.04MB
 062e450697fa Downloading [========================================>          ]
 24.12MB/29.78MB
 5b334862de59 Downloading [================================>                  ]
 23.07MB/36.04MB
 062e450697fa Downloading [========================================>          ]
 24.12MB/29.78MB
 5b334862de59 Downloading [================================>                  ]
 23.07MB/36.04MB
 062e450697fa Downloading [========================================>          ]
 24.12MB/29.78MB
 5b334862de59 Downloading [================================>                  ]
 23.07MB/36.04MB
 062e450697fa Downloading [========================================>          ]
 24.12MB/29.78MB
 5b334862de59 Downloading [================================>                  ]
 23.07MB/36.04MB
 062e450697fa Downloading [========================================>          ]
 24.12MB/29.78MB
 5b334862de59 Downloading [================================>                  ]
 23.07MB/36.04MB
 062e450697fa Downloading [========================================>          ]
 24.12MB/29.78MB
 5b334862de59 Downloading [================================>                  ]
 23.07MB/36.04MB
 062e450697fa Downloading [========================================>          ]
 24.12MB/29.78MB
 5b334862de59 Downloading [================================>                  ]
 23.07MB/36.04MB
 062e450697fa Downloading [========================================>          ]
 24.12MB/29.78MB
 5b334862de59 Downloading [================================>                  ]
 23.07MB/36.04MB
 062e450697fa Downloading [========================================>          ]
 24.12MB/29.78MB
 5b334862de59 Downloading [================================>                  ]
 23.07MB/36.04MB
 062e450697fa Downloading [========================================>          ]
 24.12MB/29.78MB
 5b334862de59 Downloading [================================>                  ]
 23.07MB/36.04MB
 5b334862de59 Downloading [================================>                  ]
 23.07MB/36.04MB
 062e450697fa Downloading [========================================>          ]
 24.12MB/29.78MB
 062e450697fa Downloading [========================================>          ]
 24.12MB/29.78MB
 5b334862de59 Downloading [================================>                  ]
 23.07MB/36.04MB
 062e450697fa Downloading [========================================>          ]
 24.12MB/29.78MB
 5b334862de59 Downloading [================================>                  ]
 23.07MB/36.04MB
 062e450697fa Downloading [========================================>          ]
 24.12MB/29.78MB
 5b334862de59 Downloading [================================>
 5b334862de59 Downloading [================================>                  ]
 23.07MB/36.04MB
 062e450697fa Downloading [========================================>          ]
 24.12MB/29.78MB
 5b334862de59 Downloading [================================>                  ]
 23.07MB/36.04MB
 062e450697fa Downloading [========================================>          ]
 24.12MB/29.78MB
 5b334862de59 Downloading [================================>                  ]
 23.07MB/36.04MB
 062e450697fa Downloading [========================================>          ]
 24.12MB/29.78MB
 5b334862de59 Downloading [================================>                  ]
 23.07MB/36.04MB
 062e450697fa Downloading [========================================>          ]
 24.12MB/29.78MB
 5b334862de59 Downloading [================================>                  ]
 23.07MB/36.04MB
 062e450697fa Downloading [========================================>          ]
 24.12MB/29.78MB
 5b334862de59 Downloading [================================>                  ]
 23.07MB/36.04MB
 062e450697fa Downloading [========================================>          ]
 24.12MB/29.78MB
 5b334862de59 Downloading [================================>                  ]
 23.07MB/36.04MB
 5b334862de59 Downloading [================================>                  ]
 23.07MB/36.04MB
 062e450697fa Downloading [========================================>          ]
 24.12MB/29.78MB
 5b334862de59 Downloading [================================>                  ]
 23.07MB/36.04MB
 062e450697fa Downloading [========================================>          ]
 24.12MB/29.78MB
 062e450697fa Downloading [========================================>          ]
 24.12MB/29.78MB
 5b334862de59 Downloading [================================>                  ]
 23.07MB/36.04MB
 062e450697fa Downloading [========================================>          ]
 24.12MB/29.78MB
 5b334862de59 Downloading [================================>                  ]
 23.07MB/36.04MB
 062e450697fa Downloading [========================================>          ]
 24.12MB/29.78MB
 5b334862de59 Downloading [================================>                  ]
 23.07MB/36.04MB
 062e450697fa Downloading [========================================>          ]
 24.12MB/29.78MB
 5b334862de59 Downloading [================================>                  ]
 23.07MB/36.04MB
 062e450697fa Downloading [========================================>          ]
 24.12MB/29.78MB
 5b334862de59 Downloading [================================>                  ]
 23.07MB/36.04MB
 062e450697fa Downloading [========================================>          ]
 24.12MB/29.78MB
 5b334862de59 Downloading [================================>                  ]
 23.07MB/36.04MB
 062e450697fa Downloading [========================================>          ]
 24.12MB/29.78MB
 5b334862de59 Downloading [================================>                  ]
 23.07MB/36.04MB
 062e450697fa Downloading [========================================>          ]
 24.12MB/29.78MB
 5b334862de59 Downloading [================================>                  ]
 23.07MB/36.04MB
 062e450697fa Downloading [========================================>          ]
 24.12MB/29.78MB
 5b334862de59 Downloading [================================>                  ]
 23.07MB/36.04MB
 062e450697fa Downloading [========================================>          ]
 24.12MB/29.78MB
 5b334862de59 Downloading [================================>                  ]
 23.07MB/36.04MB
 062e450697fa Downloading [========================================>          ]
 24.12MB/29.78MB
 5b334862de59 Downloading [================================>                  ]
 23.07MB/36.04MB
 5b334862de59 Downloading [================================>                  ]
 23.07MB/36.04MB
 062e450697fa Downloading [========================================>          ]
 24.12MB/29.78MB
 062e450697fa Downloading [========================================>          ]
 24.12MB/29.78MB
 5b334862de59 Downloading [=============================
 5b334862de59 Downloading [================================>                  ]
 23.07MB/36.04MB
 062e450697fa Downloading [========================================>          ]
 24.12MB/29.78MB
 5b334862de59 Downloading [================================>                  ]
 23.07MB/36.04MB
 062e450697fa Downloading [========================================>          ]
 24.12MB/29.78MB
 5b334862de59 Downloading [================================>                  ]
 23.07MB/36.04MB
 5b334862de59 Downloading [================================>                  ]
 23.07MB/36.04MB
 062e450697fa Downloading [========================================>          ]
 24.12MB/29.78MB
 062e450697fa Downloading [========================================>          ]
 24.12MB/29.78MB
 5b334862de59 Downloading [================================>                  ]
 23.07MB/36.04MB
 062e450697fa Downloading [========================================>          ]
 24.12MB/29.78MB
 5b334862de59 Downloading [================================>                  ]
 23.07MB/36.04MB
 062e450697fa Downloading [========================================>          ]
 24.12MB/29.78MB
 5b334862de59 Downloading [================================>                  ]
 23.07MB/36.04MB
 062e450697fa Downloading [========================================>          ]
 24.12MB/29.78MB
 5b334862de59 Downloading [================================>                  ]
 23.07MB/36.04MB
 062e450697fa Downloading [========================================>          ]
 24.12MB/29.78MB
 5b334862de59 Downloading [================================>                  ]
 23.07MB/36.04MB
 062e450697fa Downloading [========================================>          ]
 24.12MB/29.78MB
 5b334862de59 Downloading [=================================>                 ]
 24.12MB/36.04MB
 062e450697fa Downloading [========================================>          ]
 24.12MB/29.78MB
 5b334862de59 Downloading [=================================>                 ]
 24.12MB/36.04MB
 062e450697fa Downloading [==========================================>        ]
 25.17MB/29.78MB
 5b334862de59 Downloading [=================================>                 ]
 24.12MB/36.04MB
 5b334862de59 Downloading [=================================>                 ]
 24.12MB/36.04MB
 062e450697fa Downloading [==========================================>        ]
 25.17MB/29.78MB
 062e450697fa Downloading [==========================================>        ]
 25.17MB/29.78MB
 5b334862de59 Downloading [=================================>                 ]
 24.12MB/36.04MB
 062e450697fa Downloading [==========================================>        ]
 25.17MB/29.78MB
 5b334862de59 Downloading [=================================>                 ]
 24.12MB/36.04MB
 062e450697fa Downloading [==========================================>        ]
 25.17MB/29.78MB
 5b334862de59 Downloading [=================================>                 ]
 24.12MB/36.04MB
 062e450697fa Downloading [==========================================>        ]
 25.17MB/29.78MB
 5b334862de59 Downloading [=================================>                 ]
 24.12MB/36.04MB
 062e450697fa Downloading [==========================================>        ]
 25.17MB/29.78MB
 5b334862de59 Downloading [=================================>                 ]
 24.12MB/36.04MB
 062e450697fa Downloading [==========================================>        ]
 25.17MB/29.78MB
 5b334862de59 Downloading [=================================>                 ]
 24.12MB/36.04MB
 062e450697fa Downloading [==========================================>        ]
 25.17MB/29.78MB
 5b334862de59 Downloading [=================================>                 ]
 24.12MB/36.04MB
 062e450697fa Downloading [==========================================>        ]
 25.17MB/29.78MB
 5b334862de59 Downloading [=================================>                 ]
 24.12MB/36.04MB
 062e450697fa Downloading [==========================================>        ]
 25.17MB/29.78MB
 5b334862de59 Downloading [========
 5b334862de59 Downloading [=================================>                 ]
 24.12MB/36.04MB
 062e450697fa Downloading [==========================================>        ]
 25.17MB/29.78MB
 5b334862de59 Downloading [=================================>                 ]
 24.12MB/36.04MB
 062e450697fa Downloading [==========================================>        ]
 25.17MB/29.78MB
 5b334862de59 Downloading [=================================>                 ]
 24.12MB/36.04MB
 062e450697fa Downloading [==========================================>        ]
 25.17MB/29.78MB
 5b334862de59 Downloading [=================================>                 ]
 24.12MB/36.04MB
 062e450697fa Downloading [==========================================>        ]
 25.17MB/29.78MB
 5b334862de59 Downloading [=================================>                 ]
 24.12MB/36.04MB
 062e450697fa Downloading [==========================================>        ]
 25.17MB/29.78MB
 5b334862de59 Downloading [=================================>                 ]
 24.12MB/36.04MB
 062e450697fa Downloading [==========================================>        ]
 25.17MB/29.78MB
 5b334862de59 Downloading [=================================>                 ]
 24.12MB/36.04MB
 062e450697fa Downloading [==========================================>        ]
 25.17MB/29.78MB
 5b334862de59 Downloading [=================================>                 ]
 24.12MB/36.04MB
 062e450697fa Downloading [==========================================>        ]
 25.17MB/29.78MB
 5b334862de59 Downloading [=================================>                 ]
 24.12MB/36.04MB
 062e450697fa Downloading [==========================================>        ]
 25.17MB/29.78MB
 5b334862de59 Downloading [=================================>                 ]
 24.12MB/36.04MB
 062e450697fa Downloading [==========================================>        ]
 25.17MB/29.78MB
 5b334862de59 Downloading [=================================>                 ]
 24.12MB/36.04MB
 5b334862de59 Downloading [=================================>                 ]
 24.12MB/36.04MB
 062e450697fa Downloading [==========================================>        ]
 25.17MB/29.78MB
 062e450697fa Downloading [==========================================>        ]
 25.17MB/29.78MB
 5b334862de59 Downloading [=================================>                 ]
 24.12MB/36.04MB
 062e450697fa Downloading [==========================================>        ]
 25.17MB/29.78MB
 5b334862de59 Downloading [=================================>                 ]
 24.12MB/36.04MB
 062e450697fa Downloading [==========================================>        ]
 25.17MB/29.78MB
 5b334862de59 Downloading [=================================>                 ]
 24.12MB/36.04MB
 062e450697fa Downloading [==========================================>        ]
 25.17MB/29.78MB
 5b334862de59 Downloading [=================================>                 ]
 24.12MB/36.04MB
 062e450697fa Downloading [==========================================>        ]
 25.17MB/29.78MB
 5b334862de59 Downloading [=================================>                 ]
 24.12MB/36.04MB
 062e450697fa Downloading [==========================================>        ]
 25.17MB/29.78MB
 5b334862de59 Downloading [=================================>                 ]
 24.12MB/36.04MB
 062e450697fa Downloading [==========================================>        ]
 25.17MB/29.78MB
 5b334862de59 Downloading [=================================>                 ]
 24.12MB/36.04MB
 062e450697fa Downloading [==========================================>        ]
 25.17MB/29.78MB
 5b334862de59 Downloading [=================================>                 ]
 24.12MB/36.04MB
 062e450697fa Downloading [==========================================>        ]
 25.17MB/29.78MB
 5b334862de59 Downloading [=================================>                 ]
 24.12MB/36.04MB
 5b334862de59 Downloading [=================================>                 ]
 24.12MB/36.04MB
 062e450697fa
 062e450697fa Downloading [==========================================>        ]
 25.17MB/29.78MB
 062e450697fa Downloading [==========================================>        ]
 25.17MB/29.78MB
 5b334862de59 Downloading [=================================>                 ]
 24.12MB/36.04MB
 062e450697fa Downloading [==========================================>        ]
 25.17MB/29.78MB
 5b334862de59 Downloading [=================================>                 ]
 24.12MB/36.04MB
 062e450697fa Downloading [==========================================>        ]
 25.17MB/29.78MB
 5b334862de59 Downloading [=================================>                 ]
 24.12MB/36.04MB
 062e450697fa Downloading [==========================================>        ]
 25.17MB/29.78MB
 5b334862de59 Downloading [=================================>                 ]
 24.12MB/36.04MB
 5b334862de59 Downloading [=================================>                 ]
 24.12MB/36.04MB
 062e450697fa Downloading [==========================================>        ]
 25.17MB/29.78MB
 062e450697fa Downloading [==========================================>        ]
 25.17MB/29.78MB
 5b334862de59 Downloading [=================================>                 ]
 24.12MB/36.04MB
 062e450697fa Downloading [==========================================>        ]
 25.17MB/29.78MB
 5b334862de59 Downloading [=================================>                 ]
 24.12MB/36.04MB
 062e450697fa Downloading [==========================================>        ]
 25.17MB/29.78MB
 5b334862de59 Downloading [=================================>                 ]
 24.12MB/36.04MB
 5b334862de59 Downloading [=================================>                 ]
 24.12MB/36.04MB
 062e450697fa Downloading [==========================================>        ]
 25.17MB/29.78MB
 062e450697fa Downloading [==========================================>        ]
 25.17MB/29.78MB
 5b334862de59 Downloading [=================================>                 ]
 24.12MB/36.04MB
 062e450697fa Downloading [==========================================>        ]
 25.17MB/29.78MB
 5b334862de59 Downloading [=================================>                 ]
 24.12MB/36.04MB
 062e450697fa Downloading [==========================================>        ]
 25.17MB/29.78MB
 5b334862de59 Downloading [=================================>                 ]
 24.12MB/36.04MB
 062e450697fa Downloading [==========================================>        ]
 25.17MB/29.78MB
 5b334862de59 Downloading [=================================>                 ]
 24.12MB/36.04MB
 062e450697fa Downloading [==========================================>        ]
 25.17MB/29.78MB
 5b334862de59 Downloading [=================================>                 ]
 24.12MB/36.04MB
 062e450697fa Downloading [==========================================>        ]
 25.17MB/29.78MB
 5b334862de59 Downloading [=================================>                 ]
 24.12MB/36.04MB
 062e450697fa Downloading [==========================================>        ]
 25.17MB/29.78MB
 5b334862de59 Downloading [==================================>                ]
 25.17MB/36.04MB
 062e450697fa Downloading [==========================================>        ]
 25.17MB/29.78MB
 5b334862de59 Downloading [==================================>                ]
 25.17MB/36.04MB
 062e450697fa Downloading [==========================================>        ]
 25.17MB/29.78MB
 5b334862de59 Downloading [==================================>                ]
 25.17MB/36.04MB
 062e450697fa Downloading [============================================>      ]
 26.21MB/29.78MB
 5b334862de59 Downloading [==================================>                ]
 25.17MB/36.04MB
 062e450697fa Downloading [============================================>      ]
 26.21MB/29.78MB
 5b334862de59 Downloading [==================================>                ]
 25.17MB/36.04MB
 062e450697fa Downloading [============================================>      ]
 26.21MB/29
 26.21MB/29.78MB
 5b334862de59 Downloading [==================================>                ]
 25.17MB/36.04MB
 062e450697fa Downloading [============================================>      ]
 26.21MB/29.78MB
 5b334862de59 Downloading [==================================>                ]
 25.17MB/36.04MB
 062e450697fa Downloading [============================================>      ]
 26.21MB/29.78MB
 5b334862de59 Downloading [==================================>                ]
 25.17MB/36.04MB
 062e450697fa Downloading [============================================>      ]
 26.21MB/29.78MB
 5b334862de59 Downloading [==================================>                ]
 25.17MB/36.04MB
 062e450697fa Downloading [============================================>      ]
 26.21MB/29.78MB
 5b334862de59 Downloading [==================================>                ]
 25.17MB/36.04MB
 062e450697fa Downloading [============================================>      ]
 26.21MB/29.78MB
 5b334862de59 Downloading [==================================>                ]
 25.17MB/36.04MB
 062e450697fa Downloading [============================================>      ]
 26.21MB/29.78MB
 5b334862de59 Downloading [==================================>                ]
 25.17MB/36.04MB
 062e450697fa Downloading [============================================>      ]
 26.21MB/29.78MB
 5b334862de59 Downloading [==================================>                ]
 25.17MB/36.04MB
 5b334862de59 Downloading [==================================>                ]
 25.17MB/36.04MB
 062e450697fa Downloading [============================================>      ]
 26.21MB/29.78MB
 062e450697fa Downloading [============================================>      ]
 26.21MB/29.78MB
 5b334862de59 Downloading [==================================>                ]
 25.17MB/36.04MB
 062e450697fa Downloading [============================================>      ]
 26.21MB/29.78MB
 5b334862de59 Downloading [==================================>                ]
 25.17MB/36.04MB
 062e450697fa Downloading [============================================>      ]
 26.21MB/29.78MB
 5b334862de59 Downloading [==================================>                ]
 25.17MB/36.04MB
 5b334862de59 Downloading [==================================>                ]
 25.17MB/36.04MB
 062e450697fa Downloading [============================================>      ]
 26.21MB/29.78MB
 062e450697fa Downloading [============================================>      ]
 26.21MB/29.78MB
 5b334862de59 Downloading [==================================>                ]
 25.17MB/36.04MB
 062e450697fa Downloading [============================================>      ]
 26.21MB/29.78MB
 5b334862de59 Downloading [==================================>                ]
 25.17MB/36.04MB
 062e450697fa Downloading [============================================>      ]
 26.21MB/29.78MB
 5b334862de59 Downloading [==================================>                ]
 25.17MB/36.04MB
 062e450697fa Downloading [============================================>      ]
 26.21MB/29.78MB
 5b334862de59 Downloading [==================================>                ]
 25.17MB/36.04MB
 062e450697fa Downloading [============================================>      ]
 26.21MB/29.78MB
 5b334862de59 Downloading [==================================>                ]
 25.17MB/36.04MB
 062e450697fa Downloading [============================================>      ]
 26.21MB/29.78MB
 5b334862de59 Downloading [==================================>                ]
 25.17MB/36.04MB
 062e450697fa Downloading [============================================>      ]
 26.21MB/29.78MB
 5b334862de59 Downloading [==================================>                ]
 25.17MB/36.04MB
 062e450697fa Downloading [============================================>      ]
 26.21MB/29.78MB
 5b334862de59 Downloading [==================================>                ]
 25.17MB/36.04MB
 062e450697fa Downloading [===========================================
 062e450697fa Downloading [============================================>      ]
 26.21MB/29.78MB
 5b334862de59 Downloading [==================================>                ]
 25.17MB/36.04MB
 062e450697fa Downloading [============================================>      ]
 26.21MB/29.78MB
 5b334862de59 Downloading [==================================>                ]
 25.17MB/36.04MB
 062e450697fa Downloading [============================================>      ]
 26.21MB/29.78MB
 5b334862de59 Downloading [==================================>                ]
 25.17MB/36.04MB
 5b334862de59 Downloading [==================================>                ]
 25.17MB/36.04MB
 062e450697fa Downloading [============================================>      ]
 26.21MB/29.78MB
 062e450697fa Downloading [============================================>      ]
 26.21MB/29.78MB
 5b334862de59 Downloading [==================================>                ]
 25.17MB/36.04MB
 062e450697fa Downloading [============================================>      ]
 26.21MB/29.78MB
 5b334862de59 Downloading [==================================>                ]
 25.17MB/36.04MB
 062e450697fa Downloading [============================================>      ]
 26.21MB/29.78MB
 5b334862de59 Downloading [==================================>                ]
 25.17MB/36.04MB
 062e450697fa Downloading [============================================>      ]
 26.21MB/29.78MB
 5b334862de59 Downloading [==================================>                ]
 25.17MB/36.04MB
 062e450697fa Downloading [============================================>      ]
 26.21MB/29.78MB
 5b334862de59 Downloading [==================================>                ]
 25.17MB/36.04MB
 062e450697fa Downloading [============================================>      ]
 26.21MB/29.78MB
 5b334862de59 Downloading [==================================>                ]
 25.17MB/36.04MB
 062e450697fa Downloading [============================================>      ]
 26.21MB/29.78MB
 5b334862de59 Downloading [==================================>                ]
 25.17MB/36.04MB
 062e450697fa Downloading [============================================>      ]
 26.21MB/29.78MB
 5b334862de59 Downloading [==================================>                ]
 25.17MB/36.04MB
 5b334862de59 Downloading [==================================>                ]
 25.17MB/36.04MB
 062e450697fa Downloading [============================================>      ]
 26.21MB/29.78MB
 062e450697fa Downloading [============================================>      ]
 26.21MB/29.78MB
 5b334862de59 Downloading [==================================>                ]
 25.17MB/36.04MB
 5b334862de59 Downloading [==================================>                ]
 25.17MB/36.04MB
 062e450697fa Downloading [============================================>      ]
 26.21MB/29.78MB
 062e450697fa Downloading [============================================>      ]
 26.21MB/29.78MB
 5b334862de59 Downloading [==================================>                ]
 25.17MB/36.04MB
 062e450697fa Downloading [============================================>      ]
 26.21MB/29.78MB
 5b334862de59 Downloading [==================================>                ]
 25.17MB/36.04MB
 062e450697fa Downloading [============================================>      ]
 26.21MB/29.78MB
 5b334862de59 Downloading [==================================>                ]
 25.17MB/36.04MB
 062e450697fa Downloading [============================================>      ]
 26.21MB/29.78MB
 5b334862de59 Downloading [==================================>                ]
 25.17MB/36.04MB
 062e450697fa Downloading [============================================>      ]
 26.21MB/29.78MB
 5b334862de59 Downloading [==================================>                ]
 25.17MB/36.04MB
 062e450697fa Downloading [============================================>      ]
 26.21MB/29.78MB
 5b334862de59 Downloading [==================================>                ]
 25.17MB/36.04MB
 062e450697fa Downloading [======================
 062e450697fa Downloading [============================================>      ]
 26.21MB/29.78MB
 5b334862de59 Downloading [==================================>                ]
 25.17MB/36.04MB
 062e450697fa Downloading [============================================>      ]
 26.21MB/29.78MB
 5b334862de59 Downloading [==================================>                ]
 25.17MB/36.04MB
 062e450697fa Downloading [============================================>      ]
 26.21MB/29.78MB
 5b334862de59 Downloading [====================================>              ]
 26.21MB/36.04MB
 062e450697fa Downloading [============================================>      ]
 26.21MB/29.78MB
 5b334862de59 Downloading [====================================>              ]
 26.21MB/36.04MB
 062e450697fa Downloading [============================================>      ]
 26.21MB/29.78MB
 5b334862de59 Downloading [====================================>              ]
 26.21MB/36.04MB
 062e450697fa Downloading [=============================================>     ]
 27.26MB/29.78MB
 5b334862de59 Downloading [====================================>              ]
 26.21MB/36.04MB
 062e450697fa Downloading [=============================================>     ]
 27.26MB/29.78MB
 5b334862de59 Downloading [====================================>              ]
 26.21MB/36.04MB
 062e450697fa Downloading [=============================================>     ]
 27.26MB/29.78MB
 5b334862de59 Downloading [====================================>              ]
 26.21MB/36.04MB
 062e450697fa Downloading [=============================================>     ]
 27.26MB/29.78MB
 5b334862de59 Downloading [====================================>              ]
 26.21MB/36.04MB
 062e450697fa Downloading [=============================================>     ]
 27.26MB/29.78MB
 5b334862de59 Downloading [====================================>              ]
 26.21MB/36.04MB
 062e450697fa Downloading [=============================================>     ]
 27.26MB/29.78MB
 5b334862de59 Downloading [====================================>              ]
 26.21MB/36.04MB
 062e450697fa Downloading [=============================================>     ]
 27.26MB/29.78MB
 5b334862de59 Downloading [====================================>              ]
 26.21MB/36.04MB
 062e450697fa Downloading [=============================================>     ]
 27.26MB/29.78MB
 5b334862de59 Downloading [====================================>              ]
 26.21MB/36.04MB
 062e450697fa Downloading [=============================================>     ]
 27.26MB/29.78MB
 5b334862de59 Downloading [====================================>              ]
 26.21MB/36.04MB
 062e450697fa Downloading [=============================================>     ]
 27.26MB/29.78MB
 5b334862de59 Downloading [====================================>              ]
 26.21MB/36.04MB
 062e450697fa Downloading [=============================================>     ]
 27.26MB/29.78MB
 5b334862de59 Downloading [====================================>              ]
 26.21MB/36.04MB
 062e450697fa Downloading [=============================================>     ]
 27.26MB/29.78MB
 5b334862de59 Downloading [====================================>              ]
 26.21MB/36.04MB
 062e450697fa Downloading [=============================================>     ]
 27.26MB/29.78MB
 5b334862de59 Downloading [====================================>              ]
 26.21MB/36.04MB
 062e450697fa Downloading [=============================================>     ]
 27.26MB/29.78MB
 5b334862de59 Downloading [====================================>              ]
 26.21MB/36.04MB
 5b334862de59 Downloading [====================================>              ]
 26.21MB/36.04MB
 062e450697fa Downloading [=============================================>     ]
 27.26MB/29.78MB
 062e450697fa Downloading [=============================================>     ]
 27.26MB/29.78MB
 5b334862de59 Downloading [====================================>              ]
 26.21MB/36.04MB
 062e450697fa Downloading [=
 062e450697fa Downloading [=============================================>     ]
 27.26MB/29.78MB
 5b334862de59 Downloading [====================================>              ]
 26.21MB/36.04MB
 062e450697fa Downloading [=============================================>     ]
 27.26MB/29.78MB
 5b334862de59 Downloading [====================================>              ]
 26.21MB/36.04MB
 062e450697fa Downloading [=============================================>     ]
 27.26MB/29.78MB
 5b334862de59 Downloading [====================================>              ]
 26.21MB/36.04MB
 062e450697fa Downloading [=============================================>     ]
 27.26MB/29.78MB
 5b334862de59 Downloading [====================================>              ]
 26.21MB/36.04MB
 062e450697fa Downloading [=============================================>     ]
 27.26MB/29.78MB
 5b334862de59 Downloading [====================================>              ]
 26.21MB/36.04MB
 062e450697fa Downloading [=============================================>     ]
 27.26MB/29.78MB
 5b334862de59 Downloading [====================================>              ]
 26.21MB/36.04MB
 062e450697fa Downloading [=============================================>     ]
 27.26MB/29.78MB
 5b334862de59 Downloading [====================================>              ]
 26.21MB/36.04MB
 062e450697fa Downloading [=============================================>     ]
 27.26MB/29.78MB
 5b334862de59 Downloading [====================================>              ]
 26.21MB/36.04MB
 062e450697fa Downloading [=============================================>     ]
 27.26MB/29.78MB
 5b334862de59 Downloading [====================================>              ]
 26.21MB/36.04MB
 062e450697fa Downloading [=============================================>     ]
 27.26MB/29.78MB
 5b334862de59 Downloading [====================================>              ]
 26.21MB/36.04MB
 062e450697fa Downloading [=============================================>     ]
 27.26MB/29.78MB
 5b334862de59 Downloading [====================================>              ]
 26.21MB/36.04MB
 062e450697fa Downloading [=============================================>     ]
 27.26MB/29.78MB
 5b334862de59 Downloading [====================================>              ]
 26.21MB/36.04MB
 062e450697fa Downloading [=============================================>     ]
 27.26MB/29.78MB
 5b334862de59 Downloading [====================================>              ]
 26.21MB/36.04MB
 062e450697fa Downloading [=============================================>     ]
 27.26MB/29.78MB
 5b334862de59 Downloading [====================================>              ]
 26.21MB/36.04MB
 062e450697fa Downloading [=============================================>     ]
 27.26MB/29.78MB
 5b334862de59 Downloading [====================================>              ]
 26.21MB/36.04MB
 062e450697fa Downloading [=============================================>     ]
 27.26MB/29.78MB
 5b334862de59 Downloading [====================================>              ]
 26.21MB/36.04MB
 062e450697fa Downloading [=============================================>     ]
 27.26MB/29.78MB
 5b334862de59 Downloading [====================================>              ]
 26.21MB/36.04MB
 062e450697fa Downloading [=============================================>     ]
 27.26MB/29.78MB
 5b334862de59 Downloading [====================================>              ]
 26.21MB/36.04MB
 062e450697fa Downloading [=============================================>     ]
 27.26MB/29.78MB
 5b334862de59 Downloading [====================================>              ]
 26.21MB/36.04MB
 062e450697fa Downloading [=============================================>     ]
 27.26MB/29.78MB
 5b334862de59 Downloading [====================================>              ]
 26.21MB/36.04MB
 062e450697fa Downloading [=============================================>     ]
 27.26MB/29.78MB
 5b334862de59 Downloading [====================================>              ]
 26.21MB/36.04MB
 062e45
 062e450697fa Downloading [=============================================>     ]
 27.26MB/29.78MB
 5b334862de59 Downloading [====================================>              ]
 26.21MB/36.04MB
 062e450697fa Downloading [=============================================>     ]
 27.26MB/29.78MB
 5b334862de59 Downloading [====================================>              ]
 26.21MB/36.04MB
 062e450697fa Downloading [=============================================>     ]
 27.26MB/29.78MB
 5b334862de59 Downloading [====================================>              ]
 26.21MB/36.04MB
 062e450697fa Downloading [=============================================>     ]
 27.26MB/29.78MB
 5b334862de59 Downloading [====================================>              ]
 26.21MB/36.04MB
 062e450697fa Downloading [=============================================>     ]
 27.26MB/29.78MB
 5b334862de59 Downloading [====================================>              ]
 26.21MB/36.04MB
 062e450697fa Downloading [=============================================>     ]
 27.26MB/29.78MB
 5b334862de59 Downloading [====================================>              ]
 26.21MB/36.04MB
 062e450697fa Downloading [=============================================>     ]
 27.26MB/29.78MB
 5b334862de59 Downloading [====================================>              ]
 26.21MB/36.04MB
 062e450697fa Downloading [=============================================>     ]
 27.26MB/29.78MB
 5b334862de59 Downloading [====================================>              ]
 26.21MB/36.04MB
 062e450697fa Downloading [=============================================>     ]
 27.26MB/29.78MB
 5b334862de59 Downloading [=====================================>             ]
 27.26MB/36.04MB
 062e450697fa Downloading [=============================================>     ]
 27.26MB/29.78MB
 5b334862de59 Downloading [=====================================>             ]
 27.26MB/36.04MB
 5b334862de59 Downloading [=====================================>             ]
 27.26MB/36.04MB
 062e450697fa Downloading [===============================================>   ]
 28.31MB/29.78MB
 062e450697fa Downloading [===============================================>   ]
 28.31MB/29.78MB
 5b334862de59 Downloading [=====================================>             ]
 27.26MB/36.04MB
 062e450697fa Downloading [===============================================>   ]
 28.31MB/29.78MB
 5b334862de59 Downloading [=====================================>             ]
 27.26MB/36.04MB
 062e450697fa Downloading [===============================================>   ]
 28.31MB/29.78MB
 5b334862de59 Downloading [=====================================>             ]
 27.26MB/36.04MB
 062e450697fa Downloading [===============================================>   ]
 28.31MB/29.78MB
 5b334862de59 Downloading [=====================================>             ]
 27.26MB/36.04MB
 062e450697fa Downloading [===============================================>   ]
 28.31MB/29.78MB
 5b334862de59 Downloading [=====================================>             ]
 27.26MB/36.04MB
 062e450697fa Downloading [===============================================>   ]
 28.31MB/29.78MB
 5b334862de59 Downloading [=====================================>             ]
 27.26MB/36.04MB
 062e450697fa Downloading [===============================================>   ]
 28.31MB/29.78MB
 5b334862de59 Downloading [=====================================>             ]
 27.26MB/36.04MB
 062e450697fa Downloading [===============================================>   ]
 28.31MB/29.78MB
 5b334862de59 Downloading [=====================================>             ]
 27.26MB/36.04MB
 062e450697fa Downloading [===============================================>   ]
 28.31MB/29.78MB
 5b334862de59 Downloading [=====================================>             ]
 27.26MB/36.04MB
 5b334862de59 Downloading [=====================================>             ]
 27.26MB/36.04MB
 062e450697fa Downloading [===============================================>   ]
 28.
 28.31MB/29.78MB
 062e450697fa Downloading [===============================================>   ]
 28.31MB/29.78MB
 5b334862de59 Downloading [=====================================>             ]
 27.26MB/36.04MB
 062e450697fa Downloading [===============================================>   ]
 28.31MB/29.78MB
 5b334862de59 Downloading [=====================================>             ]
 27.26MB/36.04MB
 062e450697fa Downloading [===============================================>   ]
 28.31MB/29.78MB
 5b334862de59 Downloading [=====================================>             ]
 27.26MB/36.04MB
 062e450697fa Downloading [===============================================>   ]
 28.31MB/29.78MB
 5b334862de59 Downloading [=====================================>             ]
 27.26MB/36.04MB
 062e450697fa Downloading [===============================================>   ]
 28.31MB/29.78MB
 5b334862de59 Downloading [=====================================>             ]
 27.26MB/36.04MB
 5b334862de59 Downloading [=====================================>             ]
 27.26MB/36.04MB
 062e450697fa Downloading [===============================================>   ]
 28.31MB/29.78MB
 5b334862de59 Downloading [=====================================>             ]
 27.26MB/36.04MB
 062e450697fa Downloading [===============================================>   ]
 28.31MB/29.78MB
 062e450697fa Downloading [===============================================>   ]
 28.31MB/29.78MB
 5b334862de59 Downloading [=====================================>             ]
 27.26MB/36.04MB
 062e450697fa Downloading [===============================================>   ]
 28.31MB/29.78MB
 5b334862de59 Downloading [=====================================>             ]
 27.26MB/36.04MB
 5b334862de59 Downloading [=====================================>             ]
 27.26MB/36.04MB
 062e450697fa Downloading [===============================================>   ]
 28.31MB/29.78MB
 062e450697fa Downloading [===============================================>   ]
 28.31MB/29.78MB
 5b334862de59 Downloading [=====================================>             ]
 27.26MB/36.04MB
 062e450697fa Downloading [===============================================>   ]
 28.31MB/29.78MB
 5b334862de59 Downloading [=====================================>             ]
 27.26MB/36.04MB
 062e450697fa Downloading [===============================================>   ]
 28.31MB/29.78MB
 5b334862de59 Downloading [=====================================>             ]
 27.26MB/36.04MB
 062e450697fa Downloading [===============================================>   ]
 28.31MB/29.78MB
 5b334862de59 Downloading [=====================================>             ]
 27.26MB/36.04MB
 062e450697fa Downloading [===============================================>   ]
 28.31MB/29.78MB
 5b334862de59 Downloading [=====================================>             ]
 27.26MB/36.04MB
 5b334862de59 Downloading [=====================================>             ]
 27.26MB/36.04MB
 062e450697fa Downloading [===============================================>   ]
 28.31MB/29.78MB
 5b334862de59 Downloading [=====================================>             ]
 27.26MB/36.04MB
 062e450697fa Downloading [===============================================>   ]
 28.31MB/29.78MB
 062e450697fa Downloading [===============================================>   ]
 28.31MB/29.78MB
 5b334862de59 Downloading [=====================================>             ]
 27.26MB/36.04MB
 062e450697fa Downloading [===============================================>   ]
 28.31MB/29.78MB
 5b334862de59 Downloading [=====================================>             ]
 27.26MB/36.04MB
 062e450697fa Downloading [===============================================>   ]
 28.31MB/29.78MB
 5b334862de59 Downloading [=====================================>             ]
 27.26MB/36.04MB
 062e450697fa Downloading [===============================================>   ]
 28.31MB/29.78MB
 5b334862de59 Downloading [====================================
 5b334862de59 Downloading [=====================================>             ]
 27.26MB/36.04MB
 062e450697fa Downloading [===============================================>   ]
 28.31MB/29.78MB
 5b334862de59 Downloading [=====================================>             ]
 27.26MB/36.04MB
 062e450697fa Downloading [===============================================>   ]
 28.31MB/29.78MB
 5b334862de59 Downloading [=====================================>             ]
 27.26MB/36.04MB
 062e450697fa Downloading [===============================================>   ]
 28.31MB/29.78MB
 5b334862de59 Downloading [=====================================>             ]
 27.26MB/36.04MB
 062e450697fa Downloading [===============================================>   ]
 28.31MB/29.78MB
 5b334862de59 Downloading [=====================================>             ]
 27.26MB/36.04MB
 5b334862de59 Downloading [=====================================>             ]
 27.26MB/36.04MB
 062e450697fa Downloading [===============================================>   ]
 28.31MB/29.78MB
 062e450697fa Downloading [===============================================>   ]
 28.31MB/29.78MB
 5b334862de59 Downloading [=====================================>             ]
 27.26MB/36.04MB
 062e450697fa Downloading [===============================================>   ]
 28.31MB/29.78MB
 5b334862de59 Downloading [=====================================>             ]
 27.26MB/36.04MB
 062e450697fa Downloading [===============================================>   ]
 28.31MB/29.78MB
 5b334862de59 Downloading [=====================================>             ]
 27.26MB/36.04MB
 062e450697fa Downloading [===============================================>   ]
 28.31MB/29.78MB
 5b334862de59 Downloading [=====================================>             ]
 27.26MB/36.04MB
 062e450697fa Downloading [===============================================>   ]
 28.31MB/29.78MB
 5b334862de59 Downloading [=====================================>             ]
 27.26MB/36.04MB
 062e450697fa Downloading [===============================================>   ]
 28.31MB/29.78MB
 5b334862de59 Downloading [=====================================>             ]
 27.26MB/36.04MB
 062e450697fa Downloading [===============================================>   ]
 28.31MB/29.78MB
 5b334862de59 Downloading [=====================================>             ]
 27.26MB/36.04MB
 062e450697fa Downloading [===============================================>   ]
 28.31MB/29.78MB
 5b334862de59 Downloading [=======================================>           ]
 28.31MB/36.04MB
 062e450697fa Downloading [=================================================> ]
 29.36MB/29.78MB
 5b334862de59 Downloading [=======================================>           ]
 28.31MB/36.04MB
 062e450697fa Downloading [=================================================> ]
 29.36MB/29.78MB
 5b334862de59 Downloading [=======================================>           ]
 28.31MB/36.04MB
 062e450697fa Downloading [=================================================> ]
 29.36MB/29.78MB
 5b334862de59 Downloading [=======================================>           ]
 28.31MB/36.04MB
 062e450697fa Downloading [=================================================> ]
 29.36MB/29.78MB
 5b334862de59 Downloading [=======================================>           ]
 28.31MB/36.04MB
 062e450697fa Downloading [=================================================> ]
 29.36MB/29.78MB
 5b334862de59 Downloading [=======================================>           ]
 28.31MB/36.04MB
 062e450697fa Downloading [=================================================> ]
 29.36MB/29.78MB
 5b334862de59 Downloading [=======================================>           ]
 28.31MB/36.04MB
 062e450697fa Downloading [=================================================> ]
 29.36MB/29.78MB
 5b334862de59 Downloading [=======================================>           ]
 28.31MB/36.04MB
 062e450697fa Downloading [=================================================> ]
 29.36MB/29.78MB
 5b334862de59 Downloading [===============
 5b334862de59 Downloading [=======================================>           ]
 28.31MB/36.04MB
 062e450697fa Downloading [=================================================> ]
 29.36MB/29.78MB
 5b334862de59 Downloading [=======================================>           ]
 28.31MB/36.04MB
 062e450697fa Downloading [=================================================> ]
 29.36MB/29.78MB
 5b334862de59 Downloading [=======================================>           ]
 28.31MB/36.04MB
 062e450697fa Downloading [=================================================> ]
 29.36MB/29.78MB
 5b334862de59 Downloading [=======================================>           ]
 28.31MB/36.04MB
 5b334862de59 Downloading [=======================================>           ]
 28.31MB/36.04MB
 062e450697fa Downloading [=================================================> ]
 29.36MB/29.78MB
 062e450697fa Downloading [=================================================> ]
 29.36MB/29.78MB
 5b334862de59 Downloading [=======================================>           ]
 28.31MB/36.04MB
 062e450697fa Downloading [=================================================> ]
 29.36MB/29.78MB
 5b334862de59 Downloading [=======================================>           ]
 28.31MB/36.04MB
 062e450697fa Downloading [=================================================> ]
 29.36MB/29.78MB
 5b334862de59 Downloading [=======================================>           ]
 28.31MB/36.04MB
 062e450697fa Downloading [=================================================> ]
 29.36MB/29.78MB
 5b334862de59 Downloading [=======================================>           ]
 28.31MB/36.04MB
 062e450697fa Downloading [=================================================> ]
 29.36MB/29.78MB
 5b334862de59 Downloading [=======================================>           ]
 28.31MB/36.04MB
 062e450697fa Downloading [=================================================> ]
 29.36MB/29.78MB
 5b334862de59 Downloading [=======================================>           ]
 28.31MB/36.04MB
 062e450697fa Downloading [=================================================> ]
 29.36MB/29.78MB
 5b334862de59 Downloading [=======================================>           ]
 28.31MB/36.04MB
 062e450697fa Downloading [=================================================> ]
 29.36MB/29.78MB
 5b334862de59 Downloading [=======================================>           ]
 28.31MB/36.04MB
 062e450697fa Download complete
 5b334862de59 Downloading [=======================================>           ]
 28.31MB/36.04MB
 062e450697fa Extracting 1 s
 5b334862de59 Downloading [=======================================>           ]
 28.31MB/36.04MB
 062e450697fa Extracting 1 s
 5b334862de59 Downloading [=======================================>           ]
 28.31MB/36.04MB
 062e450697fa Extracting 1 s
 5b334862de59 Downloading [=======================================>           ]
 28.31MB/36.04MB
 062e450697fa Extracting 1 s
 5b334862de59 Downloading [=======================================>           ]
 28.31MB/36.04MB
 062e450697fa Extracting 1 s
 5b334862de59 Downloading [=======================================>           ]
 28.31MB/36.04MB
 062e450697fa Extracting 1 s
 5b334862de59 Downloading [=======================================>           ]
 28.31MB/36.04MB
 062e450697fa Extracting 1 s
 5b334862de59 Downloading [=======================================>           ]
 28.31MB/36.04MB
 062e450697fa Extracting 1 s
 5b334862de59 Downloading [=======================================>           ]
 28.31MB/36.04MB
 062e450697fa Extracting 1 s
 5b334862de59 Downloading [=======================================>           ]
 28.31MB/36.04MB
 25b81c54c528 Extracting 1 s
 062e450697fa Pull complete
 5b334862de59 Downloading [=======================================>           ]
 28.31MB/36.04MB
 25b81c54c528 Extracting 1 s
 5b334862de59 Downloading [=======================================>           ]
 28.31MB/36.04MB
 25b81c54c528 Extracting 1 s
 5b334862de59 Downloading [=======================================>           ]
 28.31M
 28.31MB/36.04MB
 3516becc5459 Pull complete
 25b81c54c528 Pull complete
 5b334862de59 Downloading [=======================================>           ]
 28.31MB/36.04MB
 5b334862de59 Downloading [=======================================>           ]
 28.31MB/36.04MB
 5b334862de59 Downloading [=======================================>           ]
 28.31MB/36.04MB
 5b334862de59 Downloading [=======================================>           ]
 28.31MB/36.04MB
 5b334862de59 Downloading [=======================================>           ]
 28.31MB/36.04MB
 5b334862de59 Downloading [=======================================>           ]
 28.31MB/36.04MB
 5b334862de59 Downloading [=======================================>           ]
 28.31MB/36.04MB
 5b334862de59 Downloading [=======================================>           ]
 28.31MB/36.04MB
 5b334862de59 Downloading [=======================================>           ]
 28.31MB/36.04MB
 5b334862de59 Downloading [=======================================>           ]
 28.31MB/36.04MB
 5b334862de59 Downloading [=======================================>           ]
 28.31MB/36.04MB
 5b334862de59 Downloading [========================================>          ]
 29.36MB/36.04MB
 5b334862de59 Downloading [========================================>          ]
 29.36MB/36.04MB
 5b334862de59 Downloading [========================================>          ]
 29.36MB/36.04MB
 5b334862de59 Downloading [========================================>          ]
 29.36MB/36.04MB
 5b334862de59 Downloading [========================================>          ]
 29.36MB/36.04MB
 5b334862de59 Downloading [========================================>          ]
 29.36MB/36.04MB
 5b334862de59 Downloading [========================================>          ]
 29.36MB/36.04MB
 5b334862de59 Downloading [========================================>          ]
 29.36MB/36.04MB
 5b334862de59 Downloading [========================================>          ]
 29.36MB/36.04MB
 5b334862de59 Downloading [========================================>          ]
 29.36MB/36.04MB
 5b334862de59 Downloading [========================================>          ]
 29.36MB/36.04MB
 5b334862de59 Downloading [========================================>          ]
 29.36MB/36.04MB
 5b334862de59 Downloading [========================================>          ]
 29.36MB/36.04MB
 5b334862de59 Downloading [========================================>          ]
 29.36MB/36.04MB
 5b334862de59 Downloading [========================================>          ]
 29.36MB/36.04MB
 5b334862de59 Downloading [========================================>          ]
 29.36MB/36.04MB
 5b334862de59 Downloading [========================================>          ]
 29.36MB/36.04MB
 5b334862de59 Downloading [========================================>          ]
 29.36MB/36.04MB
 5b334862de59 Downloading [========================================>          ]
 29.36MB/36.04MB
 5b334862de59 Downloading [========================================>          ]
 29.36MB/36.04MB
 5b334862de59 Downloading [========================================>          ]
 29.36MB/36.04MB
 5b334862de59 Downloading [========================================>          ]
 29.36MB/36.04MB
 5b334862de59 Downloading [========================================>          ]
 29.36MB/36.04MB
 5b334862de59 Downloading [========================================>          ]
 29.36MB/36.04MB
 5b334862de59 Downloading [========================================>          ]
 29.36MB/36.04MB
 5b334862de59 Downloading [========================================>          ]
 29.36MB/36.04MB
 5b334862de59 Downloading [========================================>          ]
 29.36MB/36.04MB
 5b334862de59 Downloading [========================================>          ]
 29.36MB/36.04MB
 5b334862de59 Downloading [========================================>          ]
 29.36MB/36.04MB
 5b334862de59 Downloading [========================================>          ]
 29.36MB/36.04MB
 5b334
 5b334862de59 Downloading [========================================>          ]
 29.36MB/36.04MB
 5b334862de59 Downloading [========================================>          ]
 29.36MB/36.04MB
 5b334862de59 Downloading [========================================>          ]
 29.36MB/36.04MB
 5b334862de59 Downloading [========================================>          ]
 29.36MB/36.04MB
 5b334862de59 Downloading [========================================>          ]
 29.36MB/36.04MB
 5b334862de59 Downloading [========================================>          ]
 29.36MB/36.04MB
 5b334862de59 Downloading [========================================>          ]
 29.36MB/36.04MB
 5b334862de59 Downloading [========================================>          ]
 29.36MB/36.04MB
 5b334862de59 Downloading [========================================>          ]
 29.36MB/36.04MB
 5b334862de59 Downloading [========================================>          ]
 29.36MB/36.04MB
 5b334862de59 Downloading [========================================>          ]
 29.36MB/36.04MB
 5b334862de59 Downloading [========================================>          ]
 29.36MB/36.04MB
 5b334862de59 Downloading [========================================>          ]
 29.36MB/36.04MB
 5b334862de59 Downloading [========================================>          ]
 29.36MB/36.04MB
 5b334862de59 Downloading [========================================>          ]
 29.36MB/36.04MB
 5b334862de59 Downloading [========================================>          ]
 29.36MB/36.04MB
 5b334862de59 Downloading [==========================================>        ]
 30.41MB/36.04MB
 5b334862de59 Downloading [==========================================>        ]
 30.41MB/36.04MB
 5b334862de59 Downloading [==========================================>        ]
 30.41MB/36.04MB
 5b334862de59 Downloading [==========================================>        ]
 30.41MB/36.04MB
 5b334862de59 Downloading [==========================================>        ]
 30.41MB/36.04MB
 5b334862de59 Downloading [==========================================>        ]
 30.41MB/36.04MB
 5b334862de59 Downloading [==========================================>        ]
 30.41MB/36.04MB
 5b334862de59 Downloading [==========================================>        ]
 30.41MB/36.04MB
 5b334862de59 Downloading [==========================================>        ]
 30.41MB/36.04MB
 5b334862de59 Downloading [==========================================>        ]
 30.41MB/36.04MB
 5b334862de59 Downloading [==========================================>        ]
 30.41MB/36.04MB
 5b334862de59 Downloading [==========================================>        ]
 30.41MB/36.04MB
 5b334862de59 Downloading [==========================================>        ]
 30.41MB/36.04MB
 5b334862de59 Downloading [==========================================>        ]
 30.41MB/36.04MB
 5b334862de59 Downloading [==========================================>        ]
 30.41MB/36.04MB
 5b334862de59 Downloading [==========================================>        ]
 30.41MB/36.04MB
 5b334862de59 Downloading [==========================================>        ]
 30.41MB/36.04MB
 5b334862de59 Downloading [==========================================>        ]
 30.41MB/36.04MB
 5b334862de59 Downloading [==========================================>        ]
 30.41MB/36.04MB
 5b334862de59 Downloading [==========================================>        ]
 30.41MB/36.04MB
 5b334862de59 Downloading [==========================================>        ]
 30.41MB/36.04MB
 5b334862de59 Downloading [==========================================>        ]
 30.41MB/36.04MB
 5b334862de59 Downloading [==========================================>        ]
 30.41MB/36.04MB
 5b334862de59 Downloading [==========================================>        ]
 30.41MB/36.04MB
 5b334862de59 Downloading [==========================================>        ]
 30.41MB/36.04MB
 5b334862de59 Downloading [==========================================>        ]
 30
 30.41MB/36.04MB
 5b334862de59 Downloading [==========================================>        ]
 30.41MB/36.04MB
 5b334862de59 Downloading [==========================================>        ]
 30.41MB/36.04MB
 5b334862de59 Downloading [==========================================>        ]
 30.41MB/36.04MB
 5b334862de59 Downloading [==========================================>        ]
 30.41MB/36.04MB
 5b334862de59 Downloading [==========================================>        ]
 30.41MB/36.04MB
 5b334862de59 Downloading [==========================================>        ]
 30.41MB/36.04MB
 5b334862de59 Downloading [==========================================>        ]
 30.41MB/36.04MB
 5b334862de59 Downloading [==========================================>        ]
 30.41MB/36.04MB
 5b334862de59 Downloading [==========================================>        ]
 30.41MB/36.04MB
 5b334862de59 Downloading [==========================================>        ]
 30.41MB/36.04MB
 5b334862de59 Downloading [==========================================>        ]
 30.41MB/36.04MB
 5b334862de59 Downloading [==========================================>        ]
 30.41MB/36.04MB
 5b334862de59 Downloading [==========================================>        ]
 30.41MB/36.04MB
 5b334862de59 Downloading [==========================================>        ]
 30.41MB/36.04MB
 5b334862de59 Downloading [==========================================>        ]
 30.41MB/36.04MB
 5b334862de59 Downloading [==========================================>        ]
 30.41MB/36.04MB
 5b334862de59 Downloading [==========================================>        ]
 30.41MB/36.04MB
 5b334862de59 Downloading [==========================================>        ]
 30.41MB/36.04MB
 5b334862de59 Downloading [===========================================>       ]
 31.46MB/36.04MB
 5b334862de59 Downloading [===========================================>       ]
 31.46MB/36.04MB
 5b334862de59 Downloading [===========================================>       ]
 31.46MB/36.04MB
 5b334862de59 Downloading [===========================================>       ]
 31.46MB/36.04MB
 5b334862de59 Downloading [===========================================>       ]
 31.46MB/36.04MB
 5b334862de59 Downloading [===========================================>       ]
 31.46MB/36.04MB
 5b334862de59 Downloading [===========================================>       ]
 31.46MB/36.04MB
 5b334862de59 Downloading [===========================================>       ]
 31.46MB/36.04MB
 5b334862de59 Downloading [===========================================>       ]
 31.46MB/36.04MB
 5b334862de59 Downloading [===========================================>       ]
 31.46MB/36.04MB
 5b334862de59 Downloading [===========================================>       ]
 31.46MB/36.04MB
 5b334862de59 Downloading [===========================================>       ]
 31.46MB/36.04MB
 5b334862de59 Downloading [===========================================>       ]
 31.46MB/36.04MB
 5b334862de59 Downloading [===========================================>       ]
 31.46MB/36.04MB
 5b334862de59 Downloading [===========================================>       ]
 31.46MB/36.04MB
 5b334862de59 Downloading [===========================================>       ]
 31.46MB/36.04MB
 5b334862de59 Downloading [===========================================>       ]
 31.46MB/36.04MB
 5b334862de59 Downloading [===========================================>       ]
 31.46MB/36.04MB
 5b334862de59 Downloading [===========================================>       ]
 31.46MB/36.04MB
 5b334862de59 Downloading [===========================================>       ]
 31.46MB/36.04MB
 5b334862de59 Downloading [===========================================>       ]
 31.46MB/36.04MB
 5b334862de59 Downloading [===========================================>       ]
 31.46MB/36.04MB
 5b334862de59 Downloading [===========================================>       ]
 31.46MB/36.04MB
 5b334862de59 Downloading [===================================
 5b334862de59 Downloading [===========================================>       ]
 31.46MB/36.04MB
 5b334862de59 Downloading [===========================================>       ]
 31.46MB/36.04MB
 5b334862de59 Downloading [===========================================>       ]
 31.46MB/36.04MB
 5b334862de59 Downloading [===========================================>       ]
 31.46MB/36.04MB
 5b334862de59 Downloading [===========================================>       ]
 31.46MB/36.04MB
 5b334862de59 Downloading [===========================================>       ]
 31.46MB/36.04MB
 5b334862de59 Downloading [===========================================>       ]
 31.46MB/36.04MB
 5b334862de59 Downloading [===========================================>       ]
 31.46MB/36.04MB
 5b334862de59 Downloading [===========================================>       ]
 31.46MB/36.04MB
 5b334862de59 Downloading [===========================================>       ]
 31.46MB/36.04MB
 5b334862de59 Downloading [===========================================>       ]
 31.46MB/36.04MB
 5b334862de59 Downloading [===========================================>       ]
 31.46MB/36.04MB
 5b334862de59 Downloading [===========================================>       ]
 31.46MB/36.04MB
 5b334862de59 Downloading [===========================================>       ]
 31.46MB/36.04MB
 5b334862de59 Downloading [===========================================>       ]
 31.46MB/36.04MB
 5b334862de59 Downloading [===========================================>       ]
 31.46MB/36.04MB
 5b334862de59 Downloading [===========================================>       ]
 31.46MB/36.04MB
 5b334862de59 Downloading [===========================================>       ]
 31.46MB/36.04MB
 5b334862de59 Downloading [===========================================>       ]
 31.46MB/36.04MB
 5b334862de59 Downloading [===========================================>       ]
 31.46MB/36.04MB
 5b334862de59 Downloading [===========================================>       ]
 31.46MB/36.04MB
 5b334862de59 Downloading [===========================================>       ]
 31.46MB/36.04MB
 5b334862de59 Downloading [===========================================>       ]
 31.46MB/36.04MB
 5b334862de59 Downloading [===========================================>       ]
 31.46MB/36.04MB
 5b334862de59 Downloading [===========================================>       ]
 31.46MB/36.04MB
 5b334862de59 Downloading [=============================================>     ]
 32.51MB/36.04MB
 5b334862de59 Downloading [=============================================>     ]
 32.51MB/36.04MB
 5b334862de59 Downloading [=============================================>     ]
 32.51MB/36.04MB
 5b334862de59 Downloading [=============================================>     ]
 32.51MB/36.04MB
 5b334862de59 Downloading [=============================================>     ]
 32.51MB/36.04MB
 5b334862de59 Downloading [=============================================>     ]
 32.51MB/36.04MB
 5b334862de59 Downloading [=============================================>     ]
 32.51MB/36.04MB
 5b334862de59 Downloading [=============================================>     ]
 32.51MB/36.04MB
 5b334862de59 Downloading [=============================================>     ]
 32.51MB/36.04MB
 5b334862de59 Downloading [=============================================>     ]
 32.51MB/36.04MB
 5b334862de59 Downloading [=============================================>     ]
 32.51MB/36.04MB
 5b334862de59 Downloading [=============================================>     ]
 32.51MB/36.04MB
 5b334862de59 Downloading [=============================================>     ]
 32.51MB/36.04MB
 5b334862de59 Downloading [=============================================>     ]
 32.51MB/36.04MB
 5b334862de59 Downloading [=============================================>     ]
 32.51MB/36.04MB
 5b334862de59 Downloading [=============================================>     ]
 32.51MB/36.04MB
 5b334862de59 Downloading [=============================================>     ]
 32.51MB/36.04MB
 5b334862de59 Downloading [==============
 5b334862de59 Downloading [=============================================>     ]
 32.51MB/36.04MB
 5b334862de59 Downloading [=============================================>     ]
 32.51MB/36.04MB
 5b334862de59 Downloading [=============================================>     ]
 32.51MB/36.04MB
 5b334862de59 Downloading [=============================================>     ]
 32.51MB/36.04MB
 5b334862de59 Downloading [=============================================>     ]
 32.51MB/36.04MB
 5b334862de59 Downloading [=============================================>     ]
 32.51MB/36.04MB
 5b334862de59 Downloading [=============================================>     ]
 32.51MB/36.04MB
 5b334862de59 Downloading [=============================================>     ]
 32.51MB/36.04MB
 5b334862de59 Downloading [=============================================>     ]
 32.51MB/36.04MB
 5b334862de59 Downloading [=============================================>     ]
 32.51MB/36.04MB
 5b334862de59 Downloading [=============================================>     ]
 32.51MB/36.04MB
 5b334862de59 Downloading [=============================================>     ]
 32.51MB/36.04MB
 5b334862de59 Downloading [=============================================>     ]
 32.51MB/36.04MB
 5b334862de59 Downloading [=============================================>     ]
 32.51MB/36.04MB
 5b334862de59 Downloading [=============================================>     ]
 32.51MB/36.04MB
 5b334862de59 Downloading [=============================================>     ]
 32.51MB/36.04MB
 5b334862de59 Downloading [=============================================>     ]
 32.51MB/36.04MB
 5b334862de59 Downloading [=============================================>     ]
 32.51MB/36.04MB
 5b334862de59 Downloading [=============================================>     ]
 32.51MB/36.04MB
 5b334862de59 Downloading [=============================================>     ]
 32.51MB/36.04MB
 5b334862de59 Downloading [=============================================>     ]
 32.51MB/36.04MB
 5b334862de59 Downloading [=============================================>     ]
 32.51MB/36.04MB
 5b334862de59 Downloading [=============================================>     ]
 32.51MB/36.04MB
 5b334862de59 Downloading [=============================================>     ]
 32.51MB/36.04MB
 5b334862de59 Downloading [=============================================>     ]
 32.51MB/36.04MB
 5b334862de59 Downloading [=============================================>     ]
 32.51MB/36.04MB
 5b334862de59 Downloading [=============================================>     ]
 32.51MB/36.04MB
 5b334862de59 Downloading [==============================================>    ]
 33.55MB/36.04MB
 5b334862de59 Downloading [==============================================>    ]
 33.55MB/36.04MB
 5b334862de59 Downloading [==============================================>    ]
 33.55MB/36.04MB
 5b334862de59 Downloading [==============================================>    ]
 33.55MB/36.04MB
 5b334862de59 Downloading [==============================================>    ]
 33.55MB/36.04MB
 5b334862de59 Downloading [==============================================>    ]
 33.55MB/36.04MB
 5b334862de59 Downloading [==============================================>    ]
 33.55MB/36.04MB
 5b334862de59 Downloading [==============================================>    ]
 33.55MB/36.04MB
 5b334862de59 Downloading [==============================================>    ]
 33.55MB/36.04MB
 5b334862de59 Downloading [==============================================>    ]
 33.55MB/36.04MB
 5b334862de59 Downloading [==============================================>    ]
 33.55MB/36.04MB
 5b334862de59 Downloading [==============================================>    ]
 33.55MB/36.04MB
 5b334862de59 Downloading [==============================================>    ]
 33.55MB/36.04MB
 5b334862de59 Downloading [==============================================>    ]
 33.55MB/36.04MB
 5b334862de59 Downloading [==============================================>    ]
 33.55MB/36.04MB
 5b334862de59 Downlo
 5b334862de59 Downloading [==============================================>    ]
 33.55MB/36.04MB
 5b334862de59 Downloading [==============================================>    ]
 33.55MB/36.04MB
 5b334862de59 Downloading [==============================================>    ]
 33.55MB/36.04MB
 5b334862de59 Downloading [==============================================>    ]
 33.55MB/36.04MB
 5b334862de59 Downloading [==============================================>    ]
 33.55MB/36.04MB
 5b334862de59 Downloading [==============================================>    ]
 33.55MB/36.04MB
 5b334862de59 Downloading [==============================================>    ]
 33.55MB/36.04MB
 5b334862de59 Downloading [==============================================>    ]
 33.55MB/36.04MB
 5b334862de59 Downloading [==============================================>    ]
 33.55MB/36.04MB
 5b334862de59 Downloading [==============================================>    ]
 33.55MB/36.04MB
 5b334862de59 Downloading [==============================================>    ]
 33.55MB/36.04MB
 5b334862de59 Downloading [==============================================>    ]
 33.55MB/36.04MB
 5b334862de59 Downloading [==============================================>    ]
 33.55MB/36.04MB
 5b334862de59 Downloading [==============================================>    ]
 33.55MB/36.04MB
 5b334862de59 Downloading [==============================================>    ]
 33.55MB/36.04MB
 5b334862de59 Downloading [==============================================>    ]
 33.55MB/36.04MB
 5b334862de59 Downloading [==============================================>    ]
 33.55MB/36.04MB
 5b334862de59 Downloading [==============================================>    ]
 33.55MB/36.04MB
 5b334862de59 Downloading [==============================================>    ]
 33.55MB/36.04MB
 5b334862de59 Downloading [==============================================>    ]
 33.55MB/36.04MB
 5b334862de59 Downloading [==============================================>    ]
 33.55MB/36.04MB
 5b334862de59 Downloading [==============================================>    ]
 33.55MB/36.04MB
 5b334862de59 Downloading [==============================================>    ]
 33.55MB/36.04MB
 5b334862de59 Downloading [==============================================>    ]
 33.55MB/36.04MB
 5b334862de59 Downloading [==============================================>    ]
 33.55MB/36.04MB
 5b334862de59 Downloading [==============================================>    ]
 33.55MB/36.04MB
 5b334862de59 Downloading [==============================================>    ]
 33.55MB/36.04MB
 5b334862de59 Downloading [==============================================>    ]
 33.55MB/36.04MB
 5b334862de59 Downloading [==============================================>    ]
 33.55MB/36.04MB
 5b334862de59 Downloading [================================================>  ]
  34.6MB/36.04MB
 5b334862de59 Downloading [================================================>  ]
  34.6MB/36.04MB
 5b334862de59 Downloading [================================================>  ]
  34.6MB/36.04MB
 5b334862de59 Downloading [================================================>  ]
  34.6MB/36.04MB
 5b334862de59 Downloading [================================================>  ]
  34.6MB/36.04MB
 5b334862de59 Downloading [================================================>  ]
  34.6MB/36.04MB
 5b334862de59 Downloading [================================================>  ]
  34.6MB/36.04MB
 5b334862de59 Downloading [================================================>  ]
  34.6MB/36.04MB
 5b334862de59 Downloading [================================================>  ]
  34.6MB/36.04MB
 5b334862de59 Downloading [================================================>  ]
  34.6MB/36.04MB
 5b334862de59 Downloading [================================================>  ]
  34.6MB/36.04MB
 5b334862de59 Downloading [================================================>  ]
  34.6MB/36.04MB
 5b334862de59 Downloading [================================================>  ]
  34.6MB/36.04MB
 5b334862de59 Downloading [================================================>  ]
  34.6MB/36.04MB
 5b334862de59 Downloading [================================================>  ]
  34.6MB/36.04MB
 5b334862de59 Downloading [================================================>  ]
  34.6MB/36.04MB
 5b334862de59 Downloading [================================================>  ]
  34.6MB/36.04MB
 5b334862de59 Downloading [================================================>  ]
  34.6MB/36.04MB
 5b334862de59 Downloading [================================================>  ]
  34.6MB/36.04MB
 5b334862de59 Downloading [================================================>  ]
  34.6MB/36.04MB
 5b334862de59 Downloading [================================================>  ]
  34.6MB/36.04MB
 5b334862de59 Downloading [================================================>  ]
  34.6MB/36.04MB
 5b334862de59 Downloading [================================================>  ]
  34.6MB/36.04MB
 5b334862de59 Downloading [================================================>  ]
  34.6MB/36.04MB
 5b334862de59 Downloading [================================================>  ]
  34.6MB/36.04MB
 5b334862de59 Downloading [================================================>  ]
  34.6MB/36.04MB
 5b334862de59 Downloading [================================================>  ]
  34.6MB/36.04MB
 5b334862de59 Downloading [================================================>  ]
  34.6MB/36.04MB
 5b334862de59 Downloading [================================================>  ]
  34.6MB/36.04MB
 5b334862de59 Downloading [================================================>  ]
  34.6MB/36.04MB
 5b334862de59 Downloading [================================================>  ]
  34.6MB/36.04MB
 5b334862de59 Downloading [================================================>  ]
  34.6MB/36.04MB
 5b334862de59 Downloading [================================================>  ]
  34.6MB/36.04MB
 5b334862de59 Downloading [================================================>  ]
  34.6MB/36.04MB
 5b334862de59 Downloading [================================================>  ]
  34.6MB/36.04MB
 5b334862de59 Downloading [================================================>  ]
  34.6MB/36.04MB
 5b334862de59 Downloading [================================================>  ]
  34.6MB/36.04MB
 5b334862de59 Downloading [================================================>  ]
  34.6MB/36.04MB
 5b334862de59 Downloading [================================================>  ]
  34.6MB/36.04MB
 5b334862de59 Downloading [================================================>  ]
  34.6MB/36.04MB
 5b334862de59 Downloading [================================================>  ]
  34.6MB/36.04MB
 5b334862de59 Downloading [================================================>  ]
  34.6MB/36.04MB
 5b334862de59 Downloading [================================================>  ]
  34.6MB/36.04MB
 5b334862de59 Downloading [================================================>  ]
  34.6MB/36.04MB
 5b334862de59 Downloading [================================================>  ]
  34.6MB/36.04MB
 5b334862de59 Downloading [=================================================> ]
 35.65MB/36.04MB
 5b334862de59 Downloading [=================================================> ]
 35.65MB/36.04MB
 5b334862de59 Downloading [=================================================> ]
 35.65MB/36.04MB
 5b334862de59 Downloading [=================================================> ]
 35.65MB/36.04MB
 5b334862de59 Downloading [=================================================> ]
 35.65MB/36.04MB
 5b334862de59 Downloading [=================================================> ]
 35.65MB/36.04MB
 5b334862de59 Downloading [=================================================> ]
 35.65MB/36.04MB
 5b334862de59 Downloading [=================================================> ]
 35.65MB/36.04MB
 5b334862de59 Downloading [=================================================> ]
 35.65MB/36.04MB
 5b334862de59 Downloading [=================================================
 5b334862de59 Downloading [=================================================> ]
 35.65MB/36.04MB
 5b334862de59 Downloading [=================================================> ]
 35.65MB/36.04MB
 5b334862de59 Downloading [=================================================> ]
 35.65MB/36.04MB
 5b334862de59 Downloading [=================================================> ]
 35.65MB/36.04MB
 5b334862de59 Downloading [=================================================> ]
 35.65MB/36.04MB
 5b334862de59 Downloading [=================================================> ]
 35.65MB/36.04MB
 5b334862de59 Download complete
 5b334862de59 Extracting 1 s
 5b334862de59 Extracting 1 s
 5b334862de59 Extracting 1 s
 5b334862de59 Extracting 1 s
 5b334862de59 Extracting 1 s
 5b334862de59 Extracting 1 s
 5b334862de59 Extracting 1 s
 5b334862de59 Extracting 1 s
 5b334862de59 Extracting 1 s
 5b334862de59 Extracting 1 s
 5b334862de59 Extracting 1 s
 2ae0ff59695b Extracting 1 s
 5b334862de59 Pull complete
 2ae0ff59695b Extracting 1 s
 2ae0ff59695b Extracting 1 s
 2ae0ff59695b Pull complete
 Image vaultwarden/server:latest Pulled
time="2026-08-06T23:56:51+05:00" level=warning msg="No services to build"
 Container vaultwarden Recreate
 Container vaultwarden Recreated
 Container vaultwarden Starting
 Container vaultwarden Started
